ISO-10303-21;
HEADER;
FILE_DESCRIPTION (( 'STEP AP214' ),
    '1' );
FILE_NAME ('Assemblage AGV.STEP',
    '2025-11-21T08:23:24',
    ( '' ),
    ( '' ),
    'SwSTEP 2.0',
    'SolidWorks 2025',
    '' );
FILE_SCHEMA (( 'AUTOMOTIVE_DESIGN' ));
ENDSEC;

DATA;
#1 = EDGE_CURVE ( 'NONE', #7297, #9868, #8393, .T. ) ;
#2 = FACE_OUTER_BOUND ( 'NONE', #4309, .T. ) ;
#3 = VECTOR ( 'NONE', #4150, 39.37007874015748143 ) ;
#4 = AXIS2_PLACEMENT_3D ( 'NONE', #6376, #10652, #7037 ) ;
#5 = CARTESIAN_POINT ( 'NONE',  ( -3.693202048827116002, 1.368079378884309083, 0.3937007874015748254 ) ) ;
#6 = CARTESIAN_POINT ( 'NONE',  ( -3.560428057591566997, -12.24313273809901048, 0.000000000000000000 ) ) ;
#7 = ORIENTED_EDGE ( 'NONE', *, *, #568, .F. ) ;
#8 = DIRECTION ( 'NONE',  ( -1.000000000000000000, -0.000000000000000000, -0.000000000000000000 ) ) ;
#9 = CARTESIAN_POINT ( 'NONE',  ( -5.019685039370074264, 3.937007874015748143, 6.395228468411556122 ) ) ;
#10 = CARTESIAN_POINT ( 'NONE',  ( -0.5905511811023621549, -0.3937007874015748254, 9.055118110236220375 ) ) ;
#11 = PLANE ( 'NONE',  #2678 ) ;
#12 = DIRECTION ( 'NONE',  ( -0.000000000000000000, -0.000000000000000000, 1.000000000000000000 ) ) ;
#13 = VERTEX_POINT ( 'NONE', #1930 ) ;
#14 = VECTOR ( 'NONE', #9558, 39.37007874015748143 ) ;
#15 = AXIS2_PLACEMENT_3D ( 'NONE', #7021, #7073, #3242 ) ;
#16 = DIRECTION ( 'NONE',  ( 0.000000000000000000, 0.000000000000000000, -1.000000000000000000 ) ) ;
#17 = ORIENTED_EDGE ( 'NONE', *, *, #7050, .T. ) ;
#18 = VECTOR ( 'NONE', #5008, 39.37007874015748143 ) ;
#19 = ORIENTED_EDGE ( 'NONE', *, *, #6178, .T. ) ;
#20 = CARTESIAN_POINT ( 'NONE',  ( 6.496062992125987812, 3.937007874015748143, 1.591076550073333536E-15 ) ) ;
#21 = DIRECTION ( 'NONE',  ( -0.000000000000000000, -1.000000000000000000, -0.000000000000000000 ) ) ;
#22 = VERTEX_POINT ( 'NONE', #8567 ) ;
#23 = ADVANCED_FACE ( 'NONE', ( #3799 ), #312, .T. ) ;
#24 = CARTESIAN_POINT ( 'NONE',  ( -3.693202048827115558, -2.568928495131439060, 0.7874015748031496509 ) ) ;
#25 = CARTESIAN_POINT ( 'NONE',  ( -4.361834186902581401, -5.521684400643249724, 0.000000000000000000 ) ) ;
#26 = CARTESIAN_POINT ( 'NONE',  ( 3.560428057591566997, 3.168267873820385105, 0.3937007874015748254 ) ) ;
#27 = DIRECTION ( 'NONE',  ( 0.000000000000000000, -0.000000000000000000, -1.000000000000000000 ) ) ;
#28 = SHAPE_DEFINITION_REPRESENTATION ( #916, #8699 ) ;
#29 = EDGE_LOOP ( 'NONE', ( #6468, #8750, #1173, #6555 ) ) ;
#30 = EDGE_CURVE ( 'NONE', #8202, #3105, #4865, .T. ) ;
#31 = ORIENTED_EDGE ( 'NONE', *, *, #4971, .T. ) ;
#32 = DIRECTION ( 'NONE',  ( 1.000000000000000000, 0.000000000000000000, 4.047688110612550544E-16 ) ) ;
#33 = DIRECTION ( 'NONE',  ( -0.000000000000000000, -1.000000000000000000, -0.000000000000000000 ) ) ;
#34 = AXIS2_PLACEMENT_3D ( 'NONE', #6638, #10347, #5852 ) ;
#35 = ADVANCED_FACE ( 'NONE', ( #10286 ), #1026, .F. ) ;
#36 = CARTESIAN_POINT ( 'NONE',  ( 5.905511811023623103, 0.000000000000000000, 0.5905511811023624880 ) ) ;
#37 = PLANE ( 'NONE',  #2859 ) ;
#38 = ORIENTED_EDGE ( 'NONE', *, *, #4272, .T. ) ;
#39 = DIRECTION ( 'NONE',  ( 0.6974961937938047862, -0.000000000000000000, -0.7165884869596741424 ) ) ;
#40 = ORIENTED_EDGE ( 'NONE', *, *, #11057, .T. ) ;
#41 = ORIENTED_EDGE ( 'NONE', *, *, #6108, .F. ) ;
#42 = CARTESIAN_POINT ( 'NONE',  ( 3.560428057591566997, -12.24313273809901048, 0.3937007874015748254 ) ) ;
#43 = DIRECTION ( 'NONE',  ( 0.000000000000000000, 0.000000000000000000, -1.000000000000000000 ) ) ;
#44 = ORIENTED_EDGE ( 'NONE', *, *, #8675, .T. ) ;
#45 = EDGE_CURVE ( 'NONE', #10996, #11233, #10155, .T. ) ;
#46 = VERTEX_POINT ( 'NONE', #8512 ) ;
#47 = CYLINDRICAL_SURFACE ( 'NONE', #1038, 1.181102362204724310 ) ;
#48 = VECTOR ( 'NONE', #3421, 39.37007874015748143 ) ;
#49 = EDGE_LOOP ( 'NONE', ( #11593, #10258, #2238, #6223 ) ) ;
#50 = EDGE_CURVE ( 'NONE', #4782, #3545, #2888, .T. ) ;
#51 = LINE ( 'NONE', #10310, #5739 ) ;
#52 = EDGE_LOOP ( 'NONE', ( #11642, #8819, #7283, #5233 ) ) ;
#53 = CARTESIAN_POINT ( 'NONE',  ( -2.073640607983706197, 1.564929772585096579, 0.7874015748031496509 ) ) ;
#54 = EDGE_LOOP ( 'NONE', ( #4791, #9918 ) ) ;
#55 = PLANE ( 'NONE',  #3347 ) ;
#56 = VERTEX_POINT ( 'NONE', #4688 ) ;
#57 = ORIENTED_EDGE ( 'NONE', *, *, #2924, .F. ) ;
#58 = DIRECTION ( 'NONE',  ( -1.000000000000000000, -3.559243557031707296E-15, -0.000000000000000000 ) ) ;
#59 = FACE_OUTER_BOUND ( 'NONE', #706, .T. ) ;
#60 = CARTESIAN_POINT ( 'NONE',  ( 4.392152166776199351, 8.267716535433070391, -7.206675219446472269 ) ) ;
#61 = PLANE ( 'NONE',  #3729 ) ;
#62 = ORIENTED_EDGE ( 'NONE', *, *, #5702, .T. ) ;
#63 = EDGE_CURVE ( 'NONE', #876, #4772, #2948, .T. ) ;
#64 = VECTOR ( 'NONE', #9802, 39.37007874015748143 ) ;
#65 = FACE_BOUND ( 'NONE', #8864, .T. ) ;
#66 = DIRECTION ( 'NONE',  ( 0.000000000000000000, 1.000000000000000000, 0.000000000000000000 ) ) ;
#67 = FACE_OUTER_BOUND ( 'NONE', #756, .T. ) ;
#68 = ORIENTED_EDGE ( 'NONE', *, *, #1419, .F. ) ;
#69 = FACE_BOUND ( 'NONE', #6452, .T. ) ;
#70 = PRODUCT_DEFINITION_SHAPE ( 'NONE', 'NONE',  #11803 ) ;
#71 = CIRCLE ( 'NONE', #9416, 0.1968503937007873017 ) ;
#72 = VECTOR ( 'NONE', #10120, 39.37007874015748143 ) ;
#73 = DIRECTION ( 'NONE',  ( 1.000000000000000000, 0.000000000000000000, 0.000000000000000000 ) ) ;
#74 = ORIENTED_EDGE ( 'NONE', *, *, #4489, .T. ) ;
#75 = ORIENTED_EDGE ( 'NONE', *, *, #10481, .T. ) ;
#76 = ADVANCED_FACE ( 'NONE', ( #6623 ), #11237, .T. ) ;
#77 = CARTESIAN_POINT ( 'NONE',  ( -2.703458040287970654, 3.149606299212599492, 7.086614173228346303 ) ) ;
#78 = CARTESIAN_POINT ( 'NONE',  ( -3.740157480314960647, 1.683040008805569476, 0.3937007874015748254 ) ) ;
#79 = ORIENTED_EDGE ( 'NONE', *, *, #5320, .T. ) ;
#80 = AXIS2_PLACEMENT_3D ( 'NONE', #7310, #1779, #173 ) ;
#81 = AXIS2_PLACEMENT_3D ( 'NONE', #1140, #4918, #3899 ) ;
#82 = CARTESIAN_POINT ( 'NONE',  ( -7.232166136696951570E-17, -13.00199936127317279, 1.968503937007874072 ) ) ;
#83 = DIRECTION ( 'NONE',  ( -0.8574929257125443183, -0.5144957554275262357, 0.000000000000000000 ) ) ;
#84 = CIRCLE ( 'NONE', #7358, 0.08858267716535440928 ) ;
#85 = ADVANCED_FACE ( 'NONE', ( #9224, #249 ), #8339, .F. ) ;
#86 = AXIS2_PLACEMENT_3D ( 'NONE', #7490, #3888, #8488 ) ;
#87 = FACE_OUTER_BOUND ( 'NONE', #5649, .T. ) ;
#88 = PRODUCT_CONTEXT ( 'NONE', #10216, 'mechanical' ) ;
#89 = ORIENTED_EDGE ( 'NONE', *, *, #11609, .F. ) ;
#90 = VERTEX_POINT ( 'NONE', #3855 ) ;
#91 = LINE ( 'NONE', #9931, #5236 ) ;
#92 = AXIS2_PLACEMENT_3D ( 'NONE', #8006, #7109, #10721 ) ;
#93 = CARTESIAN_POINT ( 'NONE',  ( 5.179553741579351112, 7.874015748031496287, 7.445930726915714004 ) ) ;
#94 = DIRECTION ( 'NONE',  ( -0.000000000000000000, -0.000000000000000000, -1.000000000000000000 ) ) ;
#95 = DIRECTION ( 'NONE',  ( -0.000000000000000000, 1.000000000000000000, -0.000000000000000000 ) ) ;
#96 = DIRECTION ( 'NONE',  ( 0.000000000000000000, 1.000000000000000000, -0.000000000000000000 ) ) ;
#97 = VECTOR ( 'NONE', #9364, 39.37007874015748143 ) ;
#98 = VECTOR ( 'NONE', #11665, 39.37007874015748143 ) ;
#99 = VERTEX_POINT ( 'NONE', #3910 ) ;
#100 = AXIS2_PLACEMENT_3D ( 'NONE', #10309, #3878, #5870 ) ;
#101 = PLANE ( 'NONE',  #2571 ) ;
#102 = EDGE_LOOP ( 'NONE', ( #448, #11408, #5556, #2826, #6467, #5431, #9579, #11667, #1386, #7787, #7857, #4591, #3313, #2667, #7414, #4846, #1512, #11268, #7438, #11228, #1400, #4862, #976, #8108, #7564, #3886, #851, #9732, #3230, #6261, #7757, #7546, #4080, #8681, #4267, #1227 ) ) ;
#103 = EDGE_CURVE ( 'NONE', #11535, #9975, #3296, .T. ) ;
#104 = ORIENTED_EDGE ( 'NONE', *, *, #3317, .T. ) ;
#105 = DIRECTION ( 'NONE',  ( 0.000000000000000000, 0.000000000000000000, -1.000000000000000000 ) ) ;
#106 = LENGTH_MEASURE_WITH_UNIT ( LENGTH_MEASURE( 0.02539999999999999897 ), #3031 );
#107 = ORIENTED_EDGE ( 'NONE', *, *, #9238, .T. ) ;
#108 = VECTOR ( 'NONE', #2066, 39.37007874015748143 ) ;
#109 = VECTOR ( 'NONE', #3270, 39.37007874015748143 ) ;
#110 = EDGE_LOOP ( 'NONE', ( #9159, #666, #2776, #2806 ) ) ;
#111 = CARTESIAN_POINT ( 'NONE',  ( 7.086614173228347191, 0.000000000000000000, 0.5905511811023629321 ) ) ;
#112 = ORIENTED_EDGE ( 'NONE', *, *, #10512, .T. ) ;
#113 = CARTESIAN_POINT ( 'NONE',  ( 4.361834186902583177, -3.553180463635375208, 0.3937007874015748254 ) ) ;
#114 = LINE ( 'NONE', #10259, #9551 ) ;
#115 = DIRECTION ( 'NONE',  ( 0.9367259886217349507, -0.000000000000000000, 0.3500634545916402884 ) ) ;
#116 = VERTEX_POINT ( 'NONE', #6912 ) ;
#117 = EDGE_CURVE ( 'NONE', #10705, #4044, #11652, .T. ) ;
#118 = AXIS2_PLACEMENT_3D ( 'NONE', #5355, #10874, #9870 ) ;
#119 = AXIS2_PLACEMENT_3D ( 'NONE', #9521, #6865, #3921 ) ;
#120 = PLANE ( 'NONE',  #11326 ) ;
#121 = ORIENTED_EDGE ( 'NONE', *, *, #9727, .T. ) ;
#122 = ADVANCED_FACE ( 'NONE', ( #10583 ), #8808, .F. ) ;
#123 = DIRECTION ( 'NONE',  ( -0.000000000000000000, 1.000000000000000000, -0.000000000000000000 ) ) ;
#124 = AXIS2_PLACEMENT_3D ( 'NONE', #830, #8260, #7257 ) ;
#125 = LINE ( 'NONE', #5707, #1595 ) ;
#126 = CYLINDRICAL_SURFACE ( 'NONE', #808, 0.08858267716535496439 ) ;
#127 = DIRECTION ( 'NONE',  ( -0.000000000000000000, -0.000000000000000000, 1.000000000000000000 ) ) ;
#128 = ORIENTED_EDGE ( 'NONE', *, *, #5235, .T. ) ;
#129 = DIRECTION ( 'NONE',  ( -1.156482317317872465E-16, 1.000000000000000000, 0.000000000000000000 ) ) ;
#130 = CARTESIAN_POINT ( 'NONE',  ( -2.778641590709042930, 3.937007874015748143, -7.972440944881890701 ) ) ;
#131 = LINE ( 'NONE', #6777, #6716 ) ;
#132 = PLANE ( 'NONE',  #9618 ) ;
#133 = ORIENTED_EDGE ( 'NONE', *, *, #2245, .T. ) ;
#134 = AXIS2_PLACEMENT_3D ( 'NONE', #11224, #3108, #8897 ) ;
#135 = ADVANCED_FACE ( 'NONE', ( #3126 ), #2405, .T. ) ;
#136 = EDGE_CURVE ( 'NONE', #3607, #6866, #8063, .T. ) ;
#137 = DIRECTION ( 'NONE',  ( 0.000000000000000000, 0.000000000000000000, 1.000000000000000000 ) ) ;
#138 = VERTEX_POINT ( 'NONE', #9693 ) ;
#139 = ORIENTED_EDGE ( 'NONE', *, *, #8693, .F. ) ;
#140 = LINE ( 'NONE', #6552, #1218 ) ;
#141 = LINE ( 'NONE', #11236, #6442 ) ;
#142 = ORIENTED_EDGE ( 'NONE', *, *, #4518, .T. ) ;
#143 = DIRECTION ( 'NONE',  ( 0.000000000000000000, 1.000000000000000000, 0.000000000000000000 ) ) ;
#144 = CARTESIAN_POINT ( 'NONE',  ( -4.783372228692590156, 3.149606299212599492, -6.106877749175725789 ) ) ;
#145 = ADVANCED_FACE ( 'NONE', ( #7024 ), #9743, .F. ) ;
#146 = CARTESIAN_POINT ( 'NONE',  ( -1.258335327127414915, 7.874015748031496287, -0.04859674123851779465 ) ) ;
#147 = ORIENTED_EDGE ( 'NONE', *, *, #7437, .F. ) ;
#148 = VERTEX_POINT ( 'NONE', #10639 ) ;
#149 = DIRECTION ( 'NONE',  ( 1.000000000000000000, -1.156482317317871478E-16, 0.000000000000000000 ) ) ;
#150 = LINE ( 'NONE', #10180, #3556 ) ;
#151 = DIRECTION ( 'NONE',  ( -1.000000000000000000, 0.000000000000000000, 0.000000000000000000 ) ) ;
#152 = CARTESIAN_POINT ( 'NONE',  ( -3.693202048827116002, 1.368079378884309083, 0.7874015748031496509 ) ) ;
#153 = ORIENTED_EDGE ( 'NONE', *, *, #9122, .T. ) ;
#154 = DIRECTION ( 'NONE',  ( 0.000000000000000000, 0.000000000000000000, 1.000000000000000000 ) ) ;
#155 = ORIENTED_EDGE ( 'NONE', *, *, #7174, .F. ) ;
#156 = CARTESIAN_POINT ( 'NONE',  ( 4.347829632394716093, 2.695826928938496625, 0.3937007874015748254 ) ) ;
#157 = DIRECTION ( 'NONE',  ( 0.000000000000000000, 0.000000000000000000, 1.000000000000000000 ) ) ;
#158 = ORIENTED_EDGE ( 'NONE', *, *, #6624, .T. ) ;
#159 = VERTEX_POINT ( 'NONE', #4149 ) ;
#160 = PRODUCT ( 'Porte charge', 'Porte charge', '', ( #88 ) ) ;
#161 = CARTESIAN_POINT ( 'NONE',  ( -4.273251509737226783, -3.553180463635376096, 0.000000000000000000 ) ) ;
#162 = ORIENTED_EDGE ( 'NONE', *, *, #6331, .T. ) ;
#163 = DIRECTION ( 'NONE',  ( 0.000000000000000000, 0.000000000000000000, -1.000000000000000000 ) ) ;
#164 = ORIENTED_EDGE ( 'NONE', *, *, #4007, .T. ) ;
#165 = CARTESIAN_POINT ( 'NONE',  ( -4.273251509737226783, -3.553180463635376096, 0.000000000000000000 ) ) ;
#166 = ADVANCED_FACE ( 'NONE', ( #2228 ), #7741, .F. ) ;
#167 = FACE_OUTER_BOUND ( 'NONE', #9358, .T. ) ;
#168 = ORIENTED_EDGE ( 'NONE', *, *, #10091, .T. ) ;
#169 = VECTOR ( 'NONE', #3052, 39.37007874015748143 ) ;
#170 = EDGE_CURVE ( 'NONE', #8149, #8356, #2457, .T. ) ;
#171 = DIRECTION ( 'NONE',  ( 0.000000000000000000, -1.000000000000000000, 0.000000000000000000 ) ) ;
#172 = DIRECTION ( 'NONE',  ( 1.000000000000000000, 0.000000000000000000, 0.000000000000000000 ) ) ;
#173 = DIRECTION ( 'NONE',  ( 1.000000000000000000, 0.000000000000000000, 0.000000000000000000 ) ) ;
#175 = LINE ( 'NONE', #3837, #5410 ) ;
#174 = AXIS2_PLACEMENT_3D ( 'NONE', #4362, #6406, #8008 ) ;
#176 = DIRECTION ( 'NONE',  ( 1.110223024625156146E-15, -1.000000000000000000, 0.000000000000000000 ) ) ;
#177 = EDGE_CURVE ( 'NONE', #3608, #5267, #5218, .T. ) ;
#178 = VERTEX_POINT ( 'NONE', #1382 ) ;
#179 = CYLINDRICAL_SURFACE ( 'NONE', #9344, 0.1968503937007875793 ) ;
#180 = DIRECTION ( 'NONE',  ( -0.000000000000000000, -1.000000000000000000, -0.000000000000000000 ) ) ;
#181 = PLANE ( 'NONE',  #194 ) ;
#182 = EDGE_CURVE ( 'NONE', #6094, #4958, #10520, .T. ) ;
#183 = ORIENTED_EDGE ( 'NONE', *, *, #4368, .F. ) ;
#184 = CARTESIAN_POINT ( 'NONE',  ( 4.273251509737226783, 2.352331347388247451, 0.000000000000000000 ) ) ;
#185 = VERTEX_POINT ( 'NONE', #1320 ) ;
#186 = VECTOR ( 'NONE', #6208, 39.37007874015748143 ) ;
#187 = AXIS2_PLACEMENT_3D ( 'NONE', #5555, #9412, #3930 ) ;
#188 = DIRECTION ( 'NONE',  ( -0.000000000000000000, -1.000000000000000000, -0.000000000000000000 ) ) ;
#189 = ORIENTED_EDGE ( 'NONE', *, *, #2313, .T. ) ;
#190 = EDGE_CURVE ( 'NONE', #46, #11278, #4824, .T. ) ;
#191 = VERTEX_POINT ( 'NONE', #10405 ) ;
#192 = CARTESIAN_POINT ( 'NONE',  ( 2.952755905511811108, -12.41144818017080986, 0.3937007874015748254 ) ) ;
#193 = FACE_OUTER_BOUND ( 'NONE', #3827, .T. ) ;
#194 = AXIS2_PLACEMENT_3D ( 'NONE', #11225, #3110, #2094 ) ;
#195 = DIRECTION ( 'NONE',  ( -0.000000000000000000, -0.000000000000000000, 1.000000000000000000 ) ) ;
#196 = EDGE_CURVE ( 'NONE', #9114, #5541, #10899, .T. ) ;
#197 = CARTESIAN_POINT ( 'NONE',  ( 2.467341395385281633, -10.63979463686372284, 0.7874015748031496509 ) ) ;
#198 = CARTESIAN_POINT ( 'NONE',  ( -5.905511811023623103, -0.3937007874015748254, 0.5905511811023624880 ) ) ;
#199 = DIRECTION ( 'NONE',  ( -2.139492287038062346E-15, 0.000000000000000000, 1.000000000000000000 ) ) ;
#200 = ORIENTED_EDGE ( 'NONE', *, *, #6498, .F. ) ;
#201 = VERTEX_POINT ( 'NONE', #8623 ) ;
#202 = DIRECTION ( 'NONE',  ( 0.000000000000000000, 1.000000000000000000, -0.000000000000000000 ) ) ;
#203 = LINE ( 'NONE', #10421, #5861 ) ;
#204 = EDGE_CURVE ( 'NONE', #3553, #7791, #3193, .T. ) ;
#205 = LINE ( 'NONE', #5904, #2469 ) ;
#206 = LINE ( 'NONE', #3867, #316 ) ;
#207 = CARTESIAN_POINT ( 'NONE',  ( 5.179553741579351112, 9.055118110236220375, -7.165371565913558172 ) ) ;
#208 = ORIENTED_EDGE ( 'NONE', *, *, #2138, .F. ) ;
#209 = DIRECTION ( 'NONE',  ( -1.000000000000000000, 0.000000000000000000, 0.000000000000000000 ) ) ;
#210 = ORIENTED_EDGE ( 'NONE', *, *, #9692, .T. ) ;
#211 = ORIENTED_EDGE ( 'NONE', *, *, #10642, .F. ) ;
#212 = PLANE ( 'NONE',  #2202 ) ;
#213 = DIRECTION ( 'NONE',  ( -0.000000000000000000, -0.000000000000000000, 1.000000000000000000 ) ) ;
#214 = ORIENTED_EDGE ( 'NONE', *, *, #4668, .T. ) ;
#215 = VERTEX_POINT ( 'NONE', #9572 ) ;
#216 = CARTESIAN_POINT ( 'NONE',  ( 5.179553741579351112, 9.055118110236220375, -7.165371565913558172 ) ) ;
#217 = VERTEX_POINT ( 'NONE', #9628 ) ;
#218 = CARTESIAN_POINT ( 'NONE',  ( -5.905511811023623103, 3.937007874015748143, -5.965761340813562796 ) ) ;
#219 = ORIENTED_EDGE ( 'NONE', *, *, #3038, .T. ) ;
#220 = CARTESIAN_POINT ( 'NONE',  ( -5.513862100310625181, -4.537432432139312688, 0.3937007874015748810 ) ) ;
#221 = DIRECTION ( 'NONE',  ( -1.000000000000000000, 0.000000000000000000, 0.000000000000000000 ) ) ;
#222 = ORIENTED_EDGE ( 'NONE', *, *, #10493, .F. ) ;
#223 = DIRECTION ( 'NONE',  ( -0.000000000000000000, -0.000000000000000000, -1.000000000000000000 ) ) ;
#224 = CARTESIAN_POINT ( 'NONE',  ( 7.086614173228347191, -0.3937007874015748254, -0.5905511811023614888 ) ) ;
#225 = VECTOR ( 'NONE', #7909, 39.37007874015748143 ) ;
#226 = EDGE_CURVE ( 'NONE', #4836, #11403, #5113, .T. ) ;
#227 = EDGE_CURVE ( 'NONE', #10264, #8209, #491, .T. ) ;
#228 = DIRECTION ( 'NONE',  ( 0.000000000000000000, 0.000000000000000000, 1.000000000000000000 ) ) ;
#229 = DIRECTION ( 'NONE',  ( 1.000000000000000000, 0.000000000000000000, 0.000000000000000000 ) ) ;
#230 = DIRECTION ( 'NONE',  ( -1.000000000000000000, 0.000000000000000000, 0.000000000000000000 ) ) ;
#231 = ORIENTED_EDGE ( 'NONE', *, *, #4991, .F. ) ;
#232 = DIRECTION ( 'NONE',  ( 0.3500634545916402884, 0.000000000000000000, -0.9367259886217349507 ) ) ;
#233 = FILL_AREA_STYLE ('',( #296 ) ) ;
#234 = EDGE_CURVE ( 'NONE', #2978, #8272, #4203, .T. ) ;
#235 = CARTESIAN_POINT ( 'NONE',  ( -3.693202048827115558, -2.175227707729864512, 0.3937007874015748254 ) ) ;
#236 = CARTESIAN_POINT ( 'NONE',  ( 0.000000000000000000, 0.000000000000000000, 0.7874015748031496509 ) ) ;
#237 = VERTEX_POINT ( 'NONE', #6241 ) ;
#238 = DIRECTION ( 'NONE',  ( 1.000000000000000000, 0.000000000000000000, 0.000000000000000000 ) ) ;
#239 = EDGE_LOOP ( 'NONE', ( #1748, #5656 ) ) ;
#240 = EDGE_CURVE ( 'NONE', #1450, #10264, #10109, .T. ) ;
#241 = CARTESIAN_POINT ( 'NONE',  ( -5.118110236220536180, 0.000000000000000000, 4.638196495462627134 ) ) ;
#242 = ADVANCED_FACE ( 'NONE', ( #5282 ), #8200, .F. ) ;
#243 = DIRECTION ( 'NONE',  ( -1.000000000000000000, 0.000000000000000000, -0.000000000000000000 ) ) ;
#244 = EDGE_LOOP ( 'NONE', ( #7691, #5142, #6545, #7923 ) ) ;
#245 = VECTOR ( 'NONE', #10269, 39.37007874015748143 ) ;
#246 = VERTEX_POINT ( 'NONE', #7317 ) ;
#247 = CARTESIAN_POINT ( 'NONE',  ( -4.519676687187463848, 0.008763934312793467477, 0.000000000000000000 ) ) ;
#248 = DIRECTION ( 'NONE',  ( -0.000000000000000000, -0.000000000000000000, 1.000000000000000000 ) ) ;
#249 = FACE_OUTER_BOUND ( 'NONE', #6732, .T. ) ;
#250 = FACE_BOUND ( 'NONE', #10097, .T. ) ;
#251 = EDGE_CURVE ( 'NONE', #1309, #10943, #7126, .T. ) ;
#252 = AXIS2_PLACEMENT_3D ( 'NONE', #1751, #5418, #1037 ) ;
#253 = LINE ( 'NONE', #10875, #6237 ) ;
#254 = CONTEXT_DEPENDENT_SHAPE_REPRESENTATION ( #4179, #4755 ) ;
#255 = ORIENTED_EDGE ( 'NONE', *, *, #3677, .T. ) ;
#256 = AXIS2_PLACEMENT_3D ( 'NONE', #82, #7274, #3741 ) ;
#257 = VERTEX_POINT ( 'NONE', #10804 ) ;
#258 = LINE ( 'NONE', #7590, #11459 ) ;
#259 = CARTESIAN_POINT ( 'NONE',  ( -2.858207359010676019, -2.698702213475664191, 0.7874015748031496509 ) ) ;
#260 = CARTESIAN_POINT ( 'NONE',  ( 4.724409448818901680, 3.937007874015748143, 5.965761340813557467 ) ) ;
#261 = CIRCLE ( 'NONE', #1217, 0.3937007874015751585 ) ;
#262 = FACE_OUTER_BOUND ( 'NONE', #2263, .T. ) ;
#263 = ORIENTED_EDGE ( 'NONE', *, *, #7853, .F. ) ;
#264 = ADVANCED_FACE ( 'NONE', ( #9909 ), #6361, .F. ) ;
#265 = VECTOR ( 'NONE', #10281, 39.37007874015748143 ) ;
#266 = CIRCLE ( 'NONE', #8103, 1.181102362204724976 ) ;
#267 = FACE_OUTER_BOUND ( 'NONE', #2981, .T. ) ;
#268 = EDGE_CURVE ( 'NONE', #9029, #1876, #1612, .T. ) ;
#269 = CARTESIAN_POINT ( 'NONE',  ( 3.838582677165354173, 3.915065883440284278, -6.395228468411556122 ) ) ;
#270 = DIRECTION ( 'NONE',  ( -1.000000000000000000, -0.000000000000000000, -0.000000000000000000 ) ) ;
#271 = ORIENTED_EDGE ( 'NONE', *, *, #3677, .F. ) ;
#272 = VECTOR ( 'NONE', #3286, 39.37007874015748143 ) ;
#273 = ORIENTED_EDGE ( 'NONE', *, *, #10312, .T. ) ;
#274 = DIRECTION ( 'NONE',  ( 0.000000000000000000, 0.000000000000000000, 1.000000000000000000 ) ) ;
#275 = VECTOR ( 'NONE', #5577, 39.37007874015748143 ) ;
#276 = VECTOR ( 'NONE', #4835, 39.37007874015748143 ) ;
#277 = DIRECTION ( 'NONE',  ( 0.000000000000000000, 0.000000000000000000, 1.000000000000000000 ) ) ;
#278 = ORIENTED_EDGE ( 'NONE', *, *, #177, .F. ) ;
#279 = DIRECTION ( 'NONE',  ( -0.6974961937938046752, 0.000000000000000000, -0.7165884869596741424 ) ) ;
#280 = CARTESIAN_POINT ( 'NONE',  ( -4.184668832571871278, -5.521684400643249724, 0.000000000000000000 ) ) ;
#281 = ORIENTED_EDGE ( 'NONE', *, *, #2152, .T. ) ;
#282 = CIRCLE ( 'NONE', #2964, 1.574803149606299080 ) ;
#283 = DIRECTION ( 'NONE',  ( -0.000000000000000000, -0.000000000000000000, -1.000000000000000000 ) ) ;
#284 = AXIS2_PLACEMENT_3D ( 'NONE', #6340, #2617, #11666 ) ;
#285 = EDGE_LOOP ( 'NONE', ( #1403, #5432, #8537, #1585 ) ) ;
#286 = COLOUR_RGB ( '',0.7921568627450980005, 0.8196078431372548767, 0.9333333333333333481 ) ;
#287 = VECTOR ( 'NONE', #7236, 39.37007874015748143 ) ;
#288 = EDGE_CURVE ( 'NONE', #9739, #4654, #11756, .T. ) ;
#289 = DIRECTION ( 'NONE',  ( 0.000000000000000000, 0.000000000000000000, 1.000000000000000000 ) ) ;
#290 = CYLINDRICAL_SURFACE ( 'NONE', #11523, 0.3937007874015746034 ) ;
#291 = CIRCLE ( 'NONE', #11731, 0.07868300030473396323 ) ;
#292 = DIRECTION ( 'NONE',  ( -1.000000000000000000, -0.000000000000000000, -0.000000000000000000 ) ) ;
#293 = CARTESIAN_POINT ( 'NONE',  ( 0.000000000000000000, 0.000000000000000000, -8.464566929133857442 ) ) ;
#294 = VERTEX_POINT ( 'NONE', #10686 ) ;
#295 = CARTESIAN_POINT ( 'NONE',  ( -4.273251509737226783, 2.352331347388246119, 0.000000000000000000 ) ) ;
#296 = FILL_AREA_STYLE_COLOUR ( '', #883 ) ;
#297 = CARTESIAN_POINT ( 'NONE',  ( -5.905511811023685276, 0.000000000000000000, 5.118110236220464238 ) ) ;
#298 = AXIS2_PLACEMENT_3D ( 'NONE', #1575, #2477, #9052 ) ;
#299 = AXIS2_PLACEMENT_3D ( 'NONE', #11775, #2427, #8942 ) ;
#300 = EDGE_LOOP ( 'NONE', ( #8061, #7520 ) ) ;
#301 = DIRECTION ( 'NONE',  ( 0.000000000000000000, 0.000000000000000000, 1.000000000000000000 ) ) ;
#302 = VERTEX_POINT ( 'NONE', #2505 ) ;
#303 = ADVANCED_FACE ( 'NONE', ( #10036 ), #6179, .F. ) ;
#304 = CARTESIAN_POINT ( 'NONE',  ( -4.783372228692590156, 0.000000000000000000, 5.462010897581293989 ) ) ;
#305 = VECTOR ( 'NONE', #5760, 39.37007874015748143 ) ;
#306 = CARTESIAN_POINT ( 'NONE',  ( -2.952755905511811108, -12.41144818017080986, 0.3937007874015748254 ) ) ;
#307 = EDGE_LOOP ( 'NONE', ( #2486, #8792, #3933, #7365 ) ) ;
#308 = VERTEX_POINT ( 'NONE', #9964 ) ;
#309 = DIMENSIONAL_EXPONENTS ( 1.000000000000000000, 0.000000000000000000, 0.000000000000000000, 0.000000000000000000, 0.000000000000000000, 0.000000000000000000, 0.000000000000000000 ) ;
#310 = CARTESIAN_POINT ( 'NONE',  ( 0.4737032289015790099, 7.874015748031496287, -0.2454471349393049229 ) ) ;
#311 = CARTESIAN_POINT ( 'NONE',  ( -4.921259842519685179, -2.568928495131439060, 0.3937007874015748254 ) ) ;
#312 = CYLINDRICAL_SURFACE ( 'NONE', #10711, 1.181102362204725420 ) ;
#313 = FACE_BOUND ( 'NONE', #3251, .T. ) ;
#314 = EDGE_CURVE ( 'NONE', #3881, #10248, #4375, .T. ) ;
#315 = EDGE_CURVE ( 'NONE', #8566, #10346, #2569, .T. ) ;
#316 = VECTOR ( 'NONE', #6642, 39.37007874015748143 ) ;
#317 = EDGE_CURVE ( 'NONE', #6907, #9711, #5336, .T. ) ;
#318 = DIRECTION ( 'NONE',  ( -0.000000000000000000, 1.000000000000000000, 0.000000000000000000 ) ) ;
#319 = EDGE_LOOP ( 'NONE', ( #2388, #6825 ) ) ;
#320 = ORIENTED_EDGE ( 'NONE', *, *, #4696, .T. ) ;
#321 = CARTESIAN_POINT ( 'NONE',  ( -4.923310919208263137, -2.568928495131439060, 0.3937007874015748254 ) ) ;
#322 = LINE ( 'NONE', #3139, #1245 ) ;
#323 = ADVANCED_FACE ( 'NONE', ( #2751 ), #5462, .F. ) ;
#324 = DIRECTION ( 'NONE',  ( 1.110223024625156146E-15, -1.000000000000000000, 0.000000000000000000 ) ) ;
#325 = LINE ( 'NONE', #7644, #1325 ) ;
#326 = EDGE_CURVE ( 'NONE', #2618, #8630, #6370, .T. ) ;
#327 = ORIENTED_EDGE ( 'NONE', *, *, #6739, .F. ) ;
#328 = FACE_BOUND ( 'NONE', #10667, .T. ) ;
#329 = DIRECTION ( 'NONE',  ( 0.000000000000000000, -0.000000000000000000, 1.000000000000000000 ) ) ;
#330 = DIRECTION ( 'NONE',  ( 1.000000000000000000, 0.000000000000000000, 0.000000000000000000 ) ) ;
#331 = ORIENTED_EDGE ( 'NONE', *, *, #495, .T. ) ;
#332 = VERTEX_POINT ( 'NONE', #4552 ) ;
#333 = DIRECTION ( 'NONE',  ( 0.000000000000000000, 0.000000000000000000, 1.000000000000000000 ) ) ;
#334 = ADVANCED_FACE ( 'NONE', ( #1730 ), #3539, .T. ) ;
#335 = ORIENTED_EDGE ( 'NONE', *, *, #10026, .T. ) ;
#336 = DIRECTION ( 'NONE',  ( 1.387778780781447155E-16, -1.000000000000000000, 0.000000000000000000 ) ) ;
#337 = CARTESIAN_POINT ( 'NONE',  ( 3.693202048827114670, -2.568928495131439060, 0.7874015748031496509 ) ) ;
#338 = EDGE_CURVE ( 'NONE', #5327, #5340, #2634, .T. ) ;
#339 = ORIENTED_EDGE ( 'NONE', *, *, #4696, .F. ) ;
#340 = DIRECTION ( 'NONE',  ( 0.000000000000000000, 0.000000000000000000, 1.000000000000000000 ) ) ;
#341 = DIRECTION ( 'NONE',  ( -1.000000000000000000, -0.000000000000000000, -0.000000000000000000 ) ) ;
#342 = FACE_OUTER_BOUND ( 'NONE', #7865, .T. ) ;
#343 = LINE ( 'NONE', #7667, #463 ) ;
#344 = CARTESIAN_POINT ( 'NONE',  ( 5.019685039370078705, 3.937007874015748143, -6.395228468411557010 ) ) ;
#345 = DIRECTION ( 'NONE',  ( 0.000000000000000000, 0.000000000000000000, -1.000000000000000000 ) ) ;
#346 = ORIENTED_EDGE ( 'NONE', *, *, #5803, .T. ) ;
#347 = DIRECTION ( 'NONE',  ( 0.9367259886217312870, 0.000000000000000000, -0.3500634545916500029 ) ) ;
#348 = LINE ( 'NONE', #2367, #10238 ) ;
#349 = AXIS2_PLACEMENT_3D ( 'NONE', #585, #5264, #7243 ) ;
#350 = CARTESIAN_POINT ( 'NONE',  ( 4.273251509737228560, -3.553180463635375208, 0.3937007874015748254 ) ) ;
#351 = ORIENTED_EDGE ( 'NONE', *, *, #7337, .T. ) ;
#352 = PLANE ( 'NONE',  #4094 ) ;
#353 = EDGE_CURVE ( 'NONE', #4772, #10863, #9033, .T. ) ;
#354 = EDGE_LOOP ( 'NONE', ( #9019, #6229, #7639, #4943 ) ) ;
#355 = CARTESIAN_POINT ( 'NONE',  ( 5.179553741579351112, 9.055118110236220375, 7.445930726915714004 ) ) ;
#356 = VECTOR ( 'NONE', #2076, 39.37007874015748854 ) ;
#357 = CARTESIAN_POINT ( 'NONE',  ( -3.693202048827115558, 1.368079378884309083, 0.3937007874015748254 ) ) ;
#358 = ORIENTED_EDGE ( 'NONE', *, *, #3730, .F. ) ;
#359 = ORIENTED_EDGE ( 'NONE', *, *, #10561, .T. ) ;
#360 = CARTESIAN_POINT ( 'NONE',  ( -2.858207359010676019, -2.698702213475664191, 0.7874015748031496509 ) ) ;
#361 = DIRECTION ( 'NONE',  ( -0.000000000000000000, -1.000000000000000000, -0.000000000000000000 ) ) ;
#362 = ORIENTED_EDGE ( 'NONE', *, *, #8082, .T. ) ;
#363 = EDGE_LOOP ( 'NONE', ( #1924, #7898, #17, #1768, #10317 ) ) ;
#364 = DIRECTION ( 'NONE',  ( 0.000000000000000000, -1.000000000000000000, 0.000000000000000000 ) ) ;
#365 = VECTOR ( 'NONE', #4260, 39.37007874015748143 ) ;
#366 = AXIS2_PLACEMENT_3D ( 'NONE', #8706, #2180, #506 ) ;
#367 = UNCERTAINTY_MEASURE_WITH_UNIT (LENGTH_MEASURE( 1.000000000000000082E-05 ), #6323, 'distance_accuracy_value', 'NONE');
#368 = CARTESIAN_POINT ( 'NONE',  ( -4.361834186902580512, 2.352331347388246119, 0.000000000000000000 ) ) ;
#369 = VERTEX_POINT ( 'NONE', #11577 ) ;
#370 = CIRCLE ( 'NONE', #11437, 0.08858267716535440928 ) ;
#371 = VECTOR ( 'NONE', #8578, 39.37007874015748143 ) ;
#372 = EDGE_CURVE ( 'NONE', #2603, #990, #2875, .T. ) ;
#373 = ORIENTED_EDGE ( 'NONE', *, *, #7848, .F. ) ;
#374 = CARTESIAN_POINT ( 'NONE',  ( 0.3937007874015747699, 3.927134496994546087, 1.968503937007874072 ) ) ;
#375 = CARTESIAN_POINT ( 'NONE',  ( 0.000000000000000000, 0.000000000000000000, 1.968503937007874072 ) ) ;
#376 = CARTESIAN_POINT ( 'NONE',  ( 3.346456692913386100, 7.480314960629921295, -6.420488492166129824 ) ) ;
#377 = EDGE_CURVE ( 'NONE', #2725, #5838, #4672, .T. ) ;
#378 = DIRECTION ( 'NONE',  ( -1.000000000000000000, -0.000000000000000000, -0.000000000000000000 ) ) ;
#379 = ORIENTED_EDGE ( 'NONE', *, *, #8812, .T. ) ;
#380 = AXIS2_PLACEMENT_3D ( 'NONE', #3629, #10833, #5250 ) ;
#381 = DIRECTION ( 'NONE',  ( -0.000000000000000000, -0.000000000000000000, -1.000000000000000000 ) ) ;
#382 = ADVANCED_FACE ( 'NONE', ( #3896 ), #6489, .T. ) ;
#383 = EDGE_LOOP ( 'NONE', ( #4562, #6341, #10303, #9276 ) ) ;
#384 = CARTESIAN_POINT ( 'NONE',  ( -5.905511811023670177, 0.000000000000000000, 1.968503937007865634 ) ) ;
#385 = CARTESIAN_POINT ( 'NONE',  ( 0.000000000000000000, 0.000000000000000000, 0.000000000000000000 ) ) ;
#386 = ORIENTED_EDGE ( 'NONE', *, *, #11003, .F. ) ;
#387 = ADVANCED_FACE ( 'NONE', ( #6607 ), #10988, .F. ) ;
#388 = VERTEX_POINT ( 'NONE', #1015 ) ;
#389 = AXIS2_PLACEMENT_3D ( 'NONE', #2004, #7348, #3025 ) ;
#390 = CARTESIAN_POINT ( 'NONE',  ( -0.09842519685039370636, 0.000000000000000000, 1.574803149606299302 ) ) ;
#391 = ORIENTED_EDGE ( 'NONE', *, *, #9590, .T. ) ;
#392 = EDGE_CURVE ( 'NONE', #9315, #1839, #6757, .T. ) ;
#393 = LINE ( 'NONE', #3335, #6727 ) ;
#394 = CARTESIAN_POINT ( 'NONE',  ( -4.591619688868616045, 9.448818897637794478, -7.206675219446472269 ) ) ;
#395 = ORIENTED_EDGE ( 'NONE', *, *, #3851, .F. ) ;
#396 = DIRECTION ( 'NONE',  ( 0.000000000000000000, -0.000000000000000000, -1.000000000000000000 ) ) ;
#397 = EDGE_CURVE ( 'NONE', #2185, #1127, #1915, .T. ) ;
#398 = ORIENTED_EDGE ( 'NONE', *, *, #10612, .F. ) ;
#399 = DIRECTION ( 'NONE',  ( 0.000000000000000000, 0.000000000000000000, -1.000000000000000000 ) ) ;
#400 = CARTESIAN_POINT ( 'NONE',  ( 3.740157480314960647, -10.75790487308419685, 0.000000000000000000 ) ) ;
#401 = CIRCLE ( 'NONE', #2894, 0.08858267716535440928 ) ;
#402 = EDGE_CURVE ( 'NONE', #1034, #5437, #4794, .T. ) ;
#403 = DIRECTION ( 'NONE',  ( 0.000000000000000000, 0.000000000000000000, 1.000000000000000000 ) ) ;
#404 = CARTESIAN_POINT ( 'NONE',  ( -0.1968503937007874127, -9.987206167435246584, 0.7874015748031496509 ) ) ;
#405 = CARTESIAN_POINT ( 'NONE',  ( -4.322826293486675908, 0.008763934312793467477, 0.000000000000000000 ) ) ;
#406 = VERTEX_POINT ( 'NONE', #8381 ) ;
#407 = LINE ( 'NONE', #4967, #4396 ) ;
#408 = VERTEX_POINT ( 'NONE', #10220 ) ;
#409 = DIRECTION ( 'NONE',  ( -0.000000000000000000, -0.000000000000000000, -1.000000000000000000 ) ) ;
#410 = ORIENTED_EDGE ( 'NONE', *, *, #10431, .T. ) ;
#411 = DIRECTION ( 'NONE',  ( 0.000000000000000000, 0.000000000000000000, -1.000000000000000000 ) ) ;
#412 = VERTEX_POINT ( 'NONE', #4738 ) ;
#413 = EDGE_CURVE ( 'NONE', #8294, #8003, #11095, .T. ) ;
#414 = PLANE ( 'NONE',  #6813 ) ;
#415 = EDGE_CURVE ( 'NONE', #369, #711, #3497, .T. ) ;
#416 = PLANE ( 'NONE',  #1416 ) ;
#417 = ORIENTED_EDGE ( 'NONE', *, *, #10379, .F. ) ;
#418 = EDGE_LOOP ( 'NONE', ( #3133, #1898, #11608, #4912 ) ) ;
#419 = DIRECTION ( 'NONE',  ( 0.000000000000000000, 0.000000000000000000, -1.000000000000000000 ) ) ;
#420 = CARTESIAN_POINT ( 'NONE',  ( 2.703458040287971098, 0.000000000000000000, 7.086614173228346303 ) ) ;
#421 = ORIENTED_EDGE ( 'NONE', *, *, #2433, .T. ) ;
#422 = CLOSED_SHELL ( 'NONE', ( #5651, #9616, #5004, #11556, #1520, #1706, #7584, #3666, #5920, #10543, #23, #8153, #5916, #10879, #4951, #9906, #10843, #7187, #10925, #35, #2285, #4128, #4585, #7930, #6728, #10682, #11234, #6714, #1878, #3235, #3412, #7429, #8297, #3687, #7430, #8043, #9532, #4380, #1495, #898, #9833, #303 ) ) ;
#423 = CARTESIAN_POINT ( 'NONE',  ( 0.006488179178569830098, 3.915065883440284278, -6.889763779527559251 ) ) ;
#424 = DIRECTION ( 'NONE',  ( -0.000000000000000000, -0.000000000000000000, 1.000000000000000000 ) ) ;
#425 = ORIENTED_EDGE ( 'NONE', *, *, #5482, .T. ) ;
#426 = CARTESIAN_POINT ( 'NONE',  ( -1.258335327127414915, 7.874015748031496287, -0.2454471349393052004 ) ) ;
#427 = CIRCLE ( 'NONE', #9217, 0.1968503937007875793 ) ;
#428 = VECTOR ( 'NONE', #724, 39.37007874015748143 ) ;
#429 = EDGE_CURVE ( 'NONE', #4829, #8435, #2039, .T. ) ;
#430 = DIRECTION ( 'NONE',  ( -1.000000000000000000, 1.040834085586068795E-14, 0.000000000000000000 ) ) ;
#431 = ORIENTED_EDGE ( 'NONE', *, *, #2557, .F. ) ;
#432 = DIRECTION ( 'NONE',  ( 0.000000000000000000, 0.000000000000000000, 1.000000000000000000 ) ) ;
#433 = ORIENTED_EDGE ( 'NONE', *, *, #6259, .T. ) ;
#434 = CARTESIAN_POINT ( 'NONE',  ( 2.703458040287970654, 3.149606299212599492, 5.905511811023622215 ) ) ;
#435 = PLANE ( 'NONE',  #11537 ) ;
#436 = ORIENTED_EDGE ( 'NONE', *, *, #11441, .T. ) ;
#437 = AXIS2_PLACEMENT_3D ( 'NONE', #10290, #8696, #1274 ) ;
#438 = DIRECTION ( 'NONE',  ( -1.000000000000000000, 5.551115123125780730E-16, 0.000000000000000000 ) ) ;
#439 = DIRECTION ( 'NONE',  ( 0.000000000000000000, 0.000000000000000000, 1.000000000000000000 ) ) ;
#440 = EDGE_LOOP ( 'NONE', ( #7331, #3430 ) ) ;
#441 = PRODUCT_RELATED_PRODUCT_CATEGORY ( 'part', '', ( #2638 ) ) ;
#442 = ADVANCED_FACE ( 'NONE', ( #8438 ), #7561, .F. ) ;
#443 = CARTESIAN_POINT ( 'NONE',  ( -3.346456692913384323, 3.937007874015748143, 7.011039673268492756 ) ) ;
#444 = VERTEX_POINT ( 'NONE', #9280 ) ;
#445 = VECTOR ( 'NONE', #8705, 39.37007874015748143 ) ;
#446 = DIRECTION ( 'NONE',  ( 1.000000000000000000, 0.000000000000000000, 0.000000000000000000 ) ) ;
#447 = EDGE_LOOP ( 'NONE', ( #3767, #4142, #10294, #6474 ) ) ;
#448 = ORIENTED_EDGE ( 'NONE', *, *, #8292, .T. ) ;
#449 = VERTEX_POINT ( 'NONE', #1082 ) ;
#450 = FACE_OUTER_BOUND ( 'NONE', #4539, .T. ) ;
#451 =( CONVERSION_BASED_UNIT ( 'INCH', #7707 ) LENGTH_UNIT ( ) NAMED_UNIT ( #11214 ) );
#452 = DIRECTION ( 'NONE',  ( 0.000000000000000000, 0.000000000000000000, -1.000000000000000000 ) ) ;
#453 = VECTOR ( 'NONE', #3239, 39.37007874015748143 ) ;
#454 = FACE_OUTER_BOUND ( 'NONE', #6281, .T. ) ;
#455 = AXIS2_PLACEMENT_3D ( 'NONE', #10276, #301, #2154 ) ;
#456 = VERTEX_POINT ( 'NONE', #4732 ) ;
#457 = EDGE_CURVE ( 'NONE', #10462, #9072, #3049, .T. ) ;
#458 = VECTOR ( 'NONE', #7253, 39.37007874015748854 ) ;
#459 = FILL_AREA_STYLE_COLOUR ( '', #10374 ) ;
#460 = LINE ( 'NONE', #8840, #5261 ) ;
#461 = CARTESIAN_POINT ( 'NONE',  ( 3.693202048827114670, -2.568928495131438172, 0.3937007874015748254 ) ) ;
#462 = EDGE_CURVE ( 'NONE', #2124, #9406, #10086, .T. ) ;
#463 = VECTOR ( 'NONE', #3102, 39.37007874015748143 ) ;
#464 = AXIS2_PLACEMENT_3D ( 'NONE', #4420, #11675, #9087 ) ;
#465 = DIRECTION ( 'NONE',  ( 1.000000000000000000, 0.000000000000000000, 0.000000000000000000 ) ) ;
#466 = FACE_OUTER_BOUND ( 'NONE', #8939, .T. ) ;
#467 = CARTESIAN_POINT ( 'NONE',  ( 3.560428057591566997, -12.24313273809901048, 0.3937007874015748254 ) ) ;
#468 = ORIENTED_EDGE ( 'NONE', *, *, #2827, .F. ) ;
#469 = FACE_OUTER_BOUND ( 'NONE', #11129, .T. ) ;
#470 = ORIENTED_EDGE ( 'NONE', *, *, #8663, .T. ) ;
#471 = VECTOR ( 'NONE', #8299, 39.37007874015748143 ) ;
#472 = EDGE_CURVE ( 'NONE', #4442, #5174, #5028, .T. ) ;
#473 = LINE ( 'NONE', #11334, #6903 ) ;
#474 = DIRECTION ( 'NONE',  ( -0.000000000000000000, 1.000000000000000000, -0.000000000000000000 ) ) ;
#475 = ORIENTED_EDGE ( 'NONE', *, *, #196, .T. ) ;
#476 = ORIENTED_EDGE ( 'NONE', *, *, #947, .T. ) ;
#477 = EDGE_CURVE ( 'NONE', #11047, #1255, #2927, .T. ) ;
#478 = AXIS2_PLACEMENT_3D ( 'NONE', #8597, #7002, #396 ) ;
#479 = VECTOR ( 'NONE', #4296, 39.37007874015748143 ) ;
#480 = CYLINDRICAL_SURFACE ( 'NONE', #4503, 1.181102362204724310 ) ;
#481 = AXIS2_PLACEMENT_3D ( 'NONE', #6822, #2252, #1349 ) ;
#482 = LINE ( 'NONE', #6851, #453 ) ;
#483 = ORIENTED_EDGE ( 'NONE', *, *, #8219, .T. ) ;
#484 = PRODUCT_DEFINITION_FORMATION_WITH_SPECIFIED_SOURCE ( 'ANY', '', #2638, .NOT_KNOWN. ) ;
#485 = AXIS2_PLACEMENT_3D ( 'NONE', #4251, #6849, #11399 ) ;
#486 = AXIS2_PLACEMENT_3D ( 'NONE', #269, #2012, #1111 ) ;
#487 = EDGE_LOOP ( 'NONE', ( #9292, #9284, #3678, #4998, #6284, #4058 ) ) ;
#488 = DIRECTION ( 'NONE',  ( -0.9367259886217343956, 0.000000000000000000, 0.3500634545916417872 ) ) ;
#489 = CARTESIAN_POINT ( 'NONE',  ( -4.078179144149599367, -0.6432185497264709673, 0.000000000000000000 ) ) ;
#490 = EDGE_CURVE ( 'NONE', #3083, #11619, #4607, .T. ) ;
#491 = LINE ( 'NONE', #8751, #5209 ) ;
#492 = CARTESIAN_POINT ( 'NONE',  ( -3.653534954903999488, 0.01986406393673360166, 0.000000000000000000 ) ) ;
#493 = CARTESIAN_POINT ( 'NONE',  ( 3.192102363848781987, 3.937007874015748143, -7.897707860576852035 ) ) ;
#494 = VECTOR ( 'NONE', #5790, 39.37007874015748143 ) ;
#495 = EDGE_CURVE ( 'NONE', #1581, #5107, #8375, .T. ) ;
#496 = VECTOR ( 'NONE', #707, 39.37007874015748143 ) ;
#497 = LINE ( 'NONE', #6249, #6958 ) ;
#498 = ORIENTED_EDGE ( 'NONE', *, *, #5029, .T. ) ;
#499 = VECTOR ( 'NONE', #7632, 39.37007874015748143 ) ;
#500 = LINE ( 'NONE', #4213, #4284 ) ;
#501 = ORIENTED_EDGE ( 'NONE', *, *, #8812, .F. ) ;
#502 = LINE ( 'NONE', #555, #5784 ) ;
#503 = DIRECTION ( 'NONE',  ( 0.000000000000000000, -0.000000000000000000, -1.000000000000000000 ) ) ;
#504 = VERTEX_POINT ( 'NONE', #3889 ) ;
#505 = DIRECTION ( 'NONE',  ( 0.000000000000000000, 0.000000000000000000, 1.000000000000000000 ) ) ;
#506 = DIRECTION ( 'NONE',  ( 0.000000000000000000, 0.000000000000000000, -1.000000000000000000 ) ) ;
#507 = ADVANCED_FACE ( 'NONE', ( #2997 ), #10320, .F. ) ;
#508 = VERTEX_POINT ( 'NONE', #11090 ) ;
#509 = VECTOR ( 'NONE', #9935, 39.37007874015748143 ) ;
#510 = PLANE ( 'NONE',  #5657 ) ;
#511 = CARTESIAN_POINT ( 'NONE',  ( 4.361834186902580512, -11.42719621166687283, 0.3937007874015748254 ) ) ;
#512 = LENGTH_MEASURE_WITH_UNIT ( LENGTH_MEASURE( 0.02539999999999999897 ), #6880 );
#513 = EDGE_LOOP ( 'NONE', ( #6871, #6803, #2817, #10191 ) ) ;
#514 = VERTEX_POINT ( 'NONE', #952 ) ;
#515 = LINE ( 'NONE', #1477, #3926 ) ;
#516 = SURFACE_STYLE_FILL_AREA ( #11381 ) ;
#517 = DIRECTION ( 'NONE',  ( -0.000000000000000000, -1.000000000000000000, -0.000000000000000000 ) ) ;
#518 = LINE ( 'NONE', #6828, #11327 ) ;
#519 = DIRECTION ( 'NONE',  ( -0.000000000000000000, -1.000000000000000000, -0.000000000000000000 ) ) ;
#520 = FACE_OUTER_BOUND ( 'NONE', #995, .T. ) ;
#521 = DIRECTION ( 'NONE',  ( -1.000000000000000000, 0.000000000000000000, 0.000000000000000000 ) ) ;
#522 = CYLINDRICAL_SURFACE ( 'NONE', #1797, 1.181102362204724310 ) ;
#523 = DIRECTION ( 'NONE',  ( 0.8574929257125443183, -0.5144957554275262357, 0.000000000000000000 ) ) ;
#524 = CARTESIAN_POINT ( 'NONE',  ( -2.778641590709038045, 3.937007874015748143, 7.874015748031495399 ) ) ;
#525 = ADVANCED_FACE ( 'NONE', ( #4844 ), #1008, .F. ) ;
#526 = ORIENTED_EDGE ( 'NONE', *, *, #678, .T. ) ;
#527 = DIRECTION ( 'NONE',  ( -1.000000000000000000, -3.559243557031707296E-15, -0.000000000000000000 ) ) ;
#528 = ORIENTED_EDGE ( 'NONE', *, *, #5046, .F. ) ;
#529 = LINE ( 'NONE', #587, #4020 ) ;
#530 = ORIENTED_EDGE ( 'NONE', *, *, #8515, .T. ) ;
#531 = DIRECTION ( 'NONE',  ( 0.000000000000000000, 0.000000000000000000, 1.000000000000000000 ) ) ;
#532 = VERTEX_POINT ( 'NONE', #2089 ) ;
#533 = VERTEX_POINT ( 'NONE', #4665 ) ;
#534 = CARTESIAN_POINT ( 'NONE',  ( 0.3937007874015747699, 3.927134496994546087, 0.000000000000000000 ) ) ;
#535 = EDGE_CURVE ( 'NONE', #3068, #3029, #4788, .T. ) ;
#536 = LINE ( 'NONE', #1605, #1221 ) ;
#537 = ORIENTED_EDGE ( 'NONE', *, *, #4074, .F. ) ;
#538 = EDGE_CURVE ( 'NONE', #3873, #9198, #7555, .T. ) ;
#539 = ORIENTED_EDGE ( 'NONE', *, *, #11720, .F. ) ;
#540 = DIRECTION ( 'NONE',  ( 0.000000000000000000, 0.000000000000000000, 1.000000000000000000 ) ) ;
#541 = DIRECTION ( 'NONE',  ( -0.000000000000000000, -0.000000000000000000, -1.000000000000000000 ) ) ;
#542 = EDGE_LOOP ( 'NONE', ( #1263, #4163, #6581, #1815 ) ) ;
#543 = DIRECTION ( 'NONE',  ( -0.000000000000000000, -1.000000000000000000, -0.000000000000000000 ) ) ;
#544 = LINE ( 'NONE', #9573, #3 ) ;
#545 = ORIENTED_EDGE ( 'NONE', *, *, #1192, .T. ) ;
#546 = CARTESIAN_POINT ( 'NONE',  ( -3.299501261425538789, -10.44294424316293224, 0.7874015748031496509 ) ) ;
#547 = ADVANCED_FACE ( 'NONE', ( #8256 ), #126, .F. ) ;
#548 = VECTOR ( 'NONE', #2037, 39.37007874015748143 ) ;
#549 = EDGE_CURVE ( 'NONE', #8627, #9979, #175, .T. ) ;
#550 = LINE ( 'NONE', #9915, #4452 ) ;
#551 = ORIENTED_EDGE ( 'NONE', *, *, #326, .F. ) ;
#552 = CARTESIAN_POINT ( 'NONE',  ( 0.5905511811023643753, 0.000000000000000000, -9.055118110236220375 ) ) ;
#553 = EDGE_CURVE ( 'NONE', #6645, #8245, #10173, .T. ) ;
#554 = ORIENTED_EDGE ( 'NONE', *, *, #9479, .F. ) ;
#555 = CARTESIAN_POINT ( 'NONE',  ( 4.923310919208261360, -2.568928495131438172, 0.000000000000000000 ) ) ;
#556 = DIRECTION ( 'NONE',  ( 0.000000000000000000, -1.000000000000000000, 0.000000000000000000 ) ) ;
#557 = VECTOR ( 'NONE', #2916, 39.37007874015748143 ) ;
#558 = ORIENTED_EDGE ( 'NONE', *, *, #234, .T. ) ;
#559 = CARTESIAN_POINT ( 'NONE',  ( 3.560428057591566997, -12.24313273809901048, 0.3937007874015748254 ) ) ;
#560 = CARTESIAN_POINT ( 'NONE',  ( -5.019685039370076929, 3.937007874015748143, -5.925196850393706249 ) ) ;
#561 = VERTEX_POINT ( 'NONE', #6664 ) ;
#562 = VERTEX_POINT ( 'NONE', #60 ) ;
#563 = VECTOR ( 'NONE', #8112, 39.37007874015748143 ) ;
#564 = LINE ( 'NONE', #11308, #6618 ) ;
#565 = VECTOR ( 'NONE', #378, 39.37007874015748143 ) ;
#566 = DIRECTION ( 'NONE',  ( 0.000000000000000000, -1.000000000000000000, 0.000000000000000000 ) ) ;
#567 = ORIENTED_EDGE ( 'NONE', *, *, #6927, .F. ) ;
#568 = EDGE_CURVE ( 'NONE', #1309, #8520, #9963, .T. ) ;
#569 = ORIENTED_EDGE ( 'NONE', *, *, #10046, .F. ) ;
#570 = DIRECTION ( 'NONE',  ( -0.000000000000000000, 1.000000000000000000, -0.000000000000000000 ) ) ;
#571 = LINE ( 'NONE', #6048, #8009 ) ;
#572 = LINE ( 'NONE', #3397, #9478 ) ;
#573 = VECTOR ( 'NONE', #3600, 39.37007874015748143 ) ;
#574 = FACE_OUTER_BOUND ( 'NONE', #1390, .T. ) ;
#575 = FACE_BOUND ( 'NONE', #9338, .T. ) ;
#576 = DIRECTION ( 'NONE',  ( 0.000000000000000000, 0.000000000000000000, 1.000000000000000000 ) ) ;
#577 = ORIENTED_EDGE ( 'NONE', *, *, #4013, .T. ) ;
#578 = LINE ( 'NONE', #5992, #9450 ) ;
#579 = FACE_OUTER_BOUND ( 'NONE', #1608, .T. ) ;
#580 = VECTOR ( 'NONE', #3525, 39.37007874015748143 ) ;
#581 = DIRECTION ( 'NONE',  ( 0.000000000000000000, 0.000000000000000000, 1.000000000000000000 ) ) ;
#582 = CARTESIAN_POINT ( 'NONE',  ( 3.456684561203211992, -1.306301163389676168, 0.000000000000000000 ) ) ;
#583 = CARTESIAN_POINT ( 'NONE',  ( 4.392152166776199351, 9.055118110236220375, 7.577239534397965492 ) ) ;
#584 = ORIENTED_EDGE ( 'NONE', *, *, #3814, .F. ) ;
#585 = CARTESIAN_POINT ( 'NONE',  ( 0.000000000000000000, -0.3937007874015748254, 0.000000000000000000 ) ) ;
#586 = EDGE_LOOP ( 'NONE', ( #11142, #4658, #1727, #6472 ) ) ;
#587 = CARTESIAN_POINT ( 'NONE',  ( -0.1968503937007865523, -7.034450261923434589, 0.3937007874015748254 ) ) ;
#588 = LINE ( 'NONE', #2327, #6986 ) ;
#589 = ORIENTED_EDGE ( 'NONE', *, *, #10817, .F. ) ;
#590 = ADVANCED_FACE ( 'NONE', ( #2869 ), #11032, .F. ) ;
#591 = EDGE_CURVE ( 'NONE', #8520, #2828, #1965, .T. ) ;
#592 = DIRECTION ( 'NONE',  ( -0.000000000000000000, -0.000000000000000000, -1.000000000000000000 ) ) ;
#593 = CARTESIAN_POINT ( 'NONE',  ( -0.5905511811023600455, -0.3937007874015748254, -9.055118110236220375 ) ) ;
#594 = ORIENTED_EDGE ( 'NONE', *, *, #5399, .T. ) ;
#595 = VECTOR ( 'NONE', #1626, 39.37007874015748143 ) ;
#596 = ORIENTED_EDGE ( 'NONE', *, *, #45, .T. ) ;
#597 = CARTESIAN_POINT ( 'NONE',  ( 5.120161312909047524, -4.537432432139313576, 1.968503937007874072 ) ) ;
#598 = DIRECTION ( 'NONE',  ( 0.000000000000000000, 0.000000000000000000, 1.000000000000000000 ) ) ;
#599 = ORIENTED_EDGE ( 'NONE', *, *, #8763, .T. ) ;
#600 = DIRECTION ( 'NONE',  ( 1.000000000000000000, 0.000000000000000000, -0.000000000000000000 ) ) ;
#601 = FACE_OUTER_BOUND ( 'NONE', #10458, .T. ) ;
#602 = LINE ( 'NONE', #4262, #10932 ) ;
#603 = EDGE_CURVE ( 'NONE', #1127, #1430, #5146, .T. ) ;
#604 = EDGE_CURVE ( 'NONE', #5373, #9057, #3507, .T. ) ;
#605 = DIRECTION ( 'NONE',  ( 0.000000000000000000, 0.000000000000000000, -1.000000000000000000 ) ) ;
#606 = ORIENTED_EDGE ( 'NONE', *, *, #10196, .T. ) ;
#607 = VECTOR ( 'NONE', #195, 39.37007874015748143 ) ;
#608 = FACE_OUTER_BOUND ( 'NONE', #6520, .T. ) ;
#609 = ORIENTED_EDGE ( 'NONE', *, *, #5844, .F. ) ;
#610 = CARTESIAN_POINT ( 'NONE',  ( 5.179553741579351112, 9.055118110236220375, 7.445930726915714004 ) ) ;
#611 = CARTESIAN_POINT ( 'NONE',  ( 4.785852954177777008, 9.448818897637794478, -7.206675219446472269 ) ) ;
#612 = ORIENTED_EDGE ( 'NONE', *, *, #4223, .F. ) ;
#613 = CARTESIAN_POINT ( 'NONE',  ( 0.4737032289015790099, 7.480314960629921295, -0.04859674123851762811 ) ) ;
#614 = EDGE_CURVE ( 'NONE', #7908, #4346, #10351, .T. ) ;
#615 = CARTESIAN_POINT ( 'NONE',  ( -3.693202048827116002, 0.9743785914827342021, 0.7874015748031496509 ) ) ;
#616 = ORIENTED_EDGE ( 'NONE', *, *, #10453, .T. ) ;
#617 = ORIENTED_EDGE ( 'NONE', *, *, #9545, .T. ) ;
#618 = CARTESIAN_POINT ( 'NONE',  ( -2.778641590709042930, 3.937007874015748143, -6.692913385826773087 ) ) ;
#619 = CARTESIAN_POINT ( 'NONE',  ( 4.392152166776199351, 9.055118110236220375, 8.233332301718865764 ) ) ;
#620 = VERTEX_POINT ( 'NONE', #5018 ) ;
#621 = VECTOR ( 'NONE', #4679, 39.37007874015748143 ) ;
#622 = ORIENTED_EDGE ( 'NONE', *, *, #3951, .T. ) ;
#623 = CARTESIAN_POINT ( 'NONE',  ( 4.361834186902583177, -5.521684400643250612, 0.000000000000000000 ) ) ;
#624 = AXIS2_PLACEMENT_3D ( 'NONE', #2320, #5996, #523 ) ;
#625 = CARTESIAN_POINT ( 'NONE',  ( -3.740157480314960647, 1.683040008805569476, 0.3937007874015748254 ) ) ;
#626 = SURFACE_STYLE_FILL_AREA ( #2537 ) ;
#627 = EDGE_CURVE ( 'NONE', #6657, #5048, #1246, .T. ) ;
#628 = DIRECTION ( 'NONE',  ( -0.000000000000000000, -0.000000000000000000, -1.000000000000000000 ) ) ;
#629 = DIRECTION ( 'NONE',  ( 1.541976423090495387E-16, -1.000000000000000000, 0.000000000000000000 ) ) ;
#630 = EDGE_CURVE ( 'NONE', #9698, #10990, #2261, .T. ) ;
#631 = AXIS2_PLACEMENT_3D ( 'NONE', #8991, #4443, #8097 ) ;
#632 = DIRECTION ( 'NONE',  ( -1.000000000000000000, -0.000000000000000000, -0.000000000000000000 ) ) ;
#633 = LINE ( 'NONE', #7106, #479 ) ;
#634 = DIRECTION ( 'NONE',  ( 0.000000000000000000, -0.000000000000000000, 1.000000000000000000 ) ) ;
#635 = FACE_OUTER_BOUND ( 'NONE', #2153, .T. ) ;
#636 = ORIENTED_EDGE ( 'NONE', *, *, #5770, .T. ) ;
#637 = VECTOR ( 'NONE', #12, 39.37007874015748143 ) ;
#638 = FACE_OUTER_BOUND ( 'NONE', #1335, .T. ) ;
#639 = VECTOR ( 'NONE', #9407, 39.37007874015748143 ) ;
#640 = CARTESIAN_POINT ( 'NONE',  ( -3.693202048827116002, 0.9743785914827342021, 0.7874015748031496509 ) ) ;
#641 = LINE ( 'NONE', #9560, #11132 ) ;
#642 = ORIENTED_EDGE ( 'NONE', *, *, #1460, .T. ) ;
#643 = ORIENTED_EDGE ( 'NONE', *, *, #2085, .F. ) ;
#644 = AXIS2_PLACEMENT_3D ( 'NONE', #11418, #432, #10645 ) ;
#645 = EDGE_CURVE ( 'NONE', #4886, #8556, #11446, .T. ) ;
#646 = AXIS2_PLACEMENT_3D ( 'NONE', #951, #1909, #10799 ) ;
#647 = AXIS2_PLACEMENT_3D ( 'NONE', #6531, #11495, #4173 ) ;
#648 = FACE_OUTER_BOUND ( 'NONE', #1813, .T. ) ;
#649 = DIRECTION ( 'NONE',  ( -1.110223024625156146E-15, 1.000000000000000000, 0.000000000000000000 ) ) ;
#650 = VECTOR ( 'NONE', #10030, 39.37007874015748143 ) ;
#651 = CARTESIAN_POINT ( 'NONE',  ( 3.653534954903999488, -1.306301163389676168, 0.000000000000000000 ) ) ;
#652 = ORIENTED_EDGE ( 'NONE', *, *, #5984, .T. ) ;
#653 = CARTESIAN_POINT ( 'NONE',  ( -3.192102363848771773, 3.937007874015748143, -7.799282663726462062 ) ) ;
#654 = LINE ( 'NONE', #9690, #8907 ) ;
#655 = CARTESIAN_POINT ( 'NONE',  ( -3.346456692913386100, 7.480314960629921295, -7.011039673268492756 ) ) ;
#656 = DIRECTION ( 'NONE',  ( -1.387778780781445676E-16, 1.000000000000000000, 0.000000000000000000 ) ) ;
#657 = EDGE_CURVE ( 'NONE', #504, #4894, #2730, .T. ) ;
#658 = VECTOR ( 'NONE', #223, 39.37007874015748143 ) ;
#660 = VERTEX_POINT ( 'NONE', #4910 ) ;
#659 = VECTOR ( 'NONE', #10555, 39.37007874015748143 ) ;
#661 = CARTESIAN_POINT ( 'NONE',  ( -4.184668832571871278, -11.42719621166687105, 0.000000000000000000 ) ) ;
#662 = CIRCLE ( 'NONE', #8889, 0.5905511811023627100 ) ;
#663 = AXIS2_PLACEMENT_3D ( 'NONE', #9245, #6462, #209 ) ;
#664 = AXIS2_PLACEMENT_3D ( 'NONE', #11653, #10768, #6263 ) ;
#665 = DIRECTION ( 'NONE',  ( 1.387778780781445676E-16, -1.000000000000000000, -0.000000000000000000 ) ) ;
#666 = ORIENTED_EDGE ( 'NONE', *, *, #1411, .F. ) ;
#667 = DIRECTION ( 'NONE',  ( 1.000000000000000000, 0.000000000000000000, 0.000000000000000000 ) ) ;
#668 = ORIENTED_EDGE ( 'NONE', *, *, #6640, .F. ) ;
#669 = DIRECTION ( 'NONE',  ( -1.040834085586068795E-14, -1.000000000000000000, 0.000000000000000000 ) ) ;
#670 = AXIS2_PLACEMENT_3D ( 'NONE', #4761, #5913, #3865 ) ;
#671 = LINE ( 'NONE', #611, #4501 ) ;
#672 = VERTEX_POINT ( 'NONE', #7718 ) ;
#673 = EDGE_CURVE ( 'NONE', #3607, #10801, #4063, .T. ) ;
#674 = CARTESIAN_POINT ( 'NONE',  ( 4.921259842519685179, -10.75790487308419685, 0.000000000000000000 ) ) ;
#675 = CARTESIAN_POINT ( 'NONE',  ( -4.985320476270190149, 9.448818897637794478, -7.559072353315134052 ) ) ;
#676 = VECTOR ( 'NONE', #7146, 39.37007874015748143 ) ;
#677 = AXIS2_PLACEMENT_3D ( 'NONE', #5489, #4572, #4814 ) ;
#678 = EDGE_CURVE ( 'NONE', #2301, #6781, #5225, .T. ) ;
#679 = VERTEX_POINT ( 'NONE', #10774 ) ;
#680 = EDGE_CURVE ( 'NONE', #332, #4785, #11678, .T. ) ;
#681 = ORIENTED_EDGE ( 'NONE', *, *, #2205, .F. ) ;
#682 = AXIS2_PLACEMENT_3D ( 'NONE', #8391, #9296, #1982 ) ;
#683 = DIRECTION ( 'NONE',  ( 3.469446951953614189E-17, -1.000000000000000000, 0.000000000000000000 ) ) ;
#684 = CARTESIAN_POINT ( 'NONE',  ( 0.006488179178569855252, 3.915065883440284278, -7.086614173228346303 ) ) ;
#685 = VERTEX_POINT ( 'NONE', #8664 ) ;
#686 = EDGE_CURVE ( 'NONE', #2422, #5983, #2208, .T. ) ;
#687 = AXIS2_PLACEMENT_3D ( 'NONE', #6890, #5085, #7890 ) ;
#688 = VERTEX_POINT ( 'NONE', #8604 ) ;
#689 = LINE ( 'NONE', #6995, #1804 ) ;
#690 = ADVANCED_FACE ( 'NONE', ( #7891 ), #4010, .F. ) ;
#691 = DIRECTION ( 'NONE',  ( 0.000000000000000000, 0.000000000000000000, -1.000000000000000000 ) ) ;
#692 = AXIS2_PLACEMENT_3D ( 'NONE', #10123, #7467, #4579 ) ;
#693 = CARTESIAN_POINT ( 'NONE',  ( 2.952755905511811108, -11.23034581796608578, 0.3937007874015748254 ) ) ;
#694 = CARTESIAN_POINT ( 'NONE',  ( -3.693202048827115558, -2.568928495131439060, 0.7874015748031496509 ) ) ;
#695 = FACE_OUTER_BOUND ( 'NONE', #10706, .T. ) ;
#696 = ORIENTED_EDGE ( 'NONE', *, *, #5744, .F. ) ;
#697 = CARTESIAN_POINT ( 'NONE',  ( 5.905511811023623103, -0.3937007874015748254, -0.5905511811023639313 ) ) ;
#698 = CARTESIAN_POINT ( 'NONE',  ( 0.006488179178569830098, 3.937007874015748143, 7.086614173228346303 ) ) ;
#699 = ADVANCED_FACE ( 'NONE', ( #11276 ), #3103, .F. ) ;
#700 = DIRECTION ( 'NONE',  ( 0.000000000000000000, 0.000000000000000000, 1.000000000000000000 ) ) ;
#701 = ORIENTED_EDGE ( 'NONE', *, *, #10536, .T. ) ;
#702 = EDGE_CURVE ( 'NONE', #963, #11470, #9499, .T. ) ;
#703 = DIRECTION ( 'NONE',  ( 9.376883653928687363E-17, 0.000000000000000000, 1.000000000000000000 ) ) ;
#704 = FACE_OUTER_BOUND ( 'NONE', #7751, .T. ) ;
#705 = DIRECTION ( 'NONE',  ( 0.000000000000000000, 0.000000000000000000, 1.000000000000000000 ) ) ;
#706 = EDGE_LOOP ( 'NONE', ( #11377, #4524, #589, #10230 ) ) ;
#707 = DIRECTION ( 'NONE',  ( -0.000000000000000000, 1.000000000000000000, 0.000000000000000000 ) ) ;
#708 = FACE_OUTER_BOUND ( 'NONE', #8319, .T. ) ;
#709 = DIRECTION ( 'NONE',  ( 1.000000000000000000, 0.000000000000000000, 0.000000000000000000 ) ) ;
#710 = VERTEX_POINT ( 'NONE', #9553 ) ;
#711 = VERTEX_POINT ( 'NONE', #1361 ) ;
#712 = ADVANCED_FACE ( 'NONE', ( #466 ), #3223, .F. ) ;
#713 = FACE_BOUND ( 'NONE', #7682, .T. ) ;
#714 = FACE_BOUND ( 'NONE', #3667, .T. ) ;
#715 = CARTESIAN_POINT ( 'NONE',  ( -6.496062992125986035, 3.937007874015748143, 0.000000000000000000 ) ) ;
#716 = CARTESIAN_POINT ( 'NONE',  ( -2.073640607983706197, -10.63979463686372284, 0.7874015748031496509 ) ) ;
#717 = EDGE_LOOP ( 'NONE', ( #8794, #5899, #10449, #10822 ) ) ;
#718 = FACE_BOUND ( 'NONE', #11398, .T. ) ;
#719 = ORIENTED_EDGE ( 'NONE', *, *, #6546, .T. ) ;
#720 = DIRECTION ( 'NONE',  ( -0.000000000000000000, -0.000000000000000000, 1.000000000000000000 ) ) ;
#721 = ORIENTED_EDGE ( 'NONE', *, *, #7272, .T. ) ;
#722 = DIRECTION ( 'NONE',  ( -1.000000000000000000, 0.000000000000000000, 0.000000000000000000 ) ) ;
#723 = VERTEX_POINT ( 'NONE', #4182 ) ;
#724 = DIRECTION ( 'NONE',  ( -0.000000000000000000, -1.000000000000000000, -0.000000000000000000 ) ) ;
#725 = CARTESIAN_POINT ( 'NONE',  ( 3.299501261425538789, -10.04924345576135813, 0.7874015748031496509 ) ) ;
#726 = ORIENTED_EDGE ( 'NONE', *, *, #2577, .F. ) ;
#727 = CARTESIAN_POINT ( 'NONE',  ( 5.905511811023623103, -0.3937007874015748254, 0.5905511811023624880 ) ) ;
#728 = VECTOR ( 'NONE', #5163, 39.37007874015748143 ) ;
#729 = DIRECTION ( 'NONE',  ( -0.000000000000000000, -0.000000000000000000, 1.000000000000000000 ) ) ;
#730 = ORIENTED_EDGE ( 'NONE', *, *, #251, .T. ) ;
#731 = ORIENTED_EDGE ( 'NONE', *, *, #9736, .F. ) ;
#732 = DIRECTION ( 'NONE',  ( 5.551115123125780730E-16, 1.000000000000000000, -0.000000000000000000 ) ) ;
#733 = EDGE_CURVE ( 'NONE', #6866, #7449, #7836, .T. ) ;
#734 = DIRECTION ( 'NONE',  ( -0.000000000000000000, -1.000000000000000000, -0.000000000000000000 ) ) ;
#735 =( CONVERSION_BASED_UNIT ( 'INCH', #4450 ) LENGTH_UNIT ( ) NAMED_UNIT ( #11371 ) );
#736 = ORIENTED_EDGE ( 'NONE', *, *, #9433, .T. ) ;
#737 = CIRCLE ( 'NONE', #4193, 0.1968503937007875793 ) ;
#738 = ORIENTED_EDGE ( 'NONE', *, *, #5192, .F. ) ;
#739 = LINE ( 'NONE', #10490, #3352 ) ;
#740 = FACE_OUTER_BOUND ( 'NONE', #2849, .T. ) ;
#741 = DIRECTION ( 'NONE',  ( -0.8574929257125443183, 0.5144957554275262357, -0.000000000000000000 ) ) ;
#742 = DIRECTION ( 'NONE',  ( -0.000000000000000000, 0.000000000000000000, 1.000000000000000000 ) ) ;
#743 = CARTESIAN_POINT ( 'NONE',  ( 0.006488179178569830098, 3.915065883440284278, 7.086614173228346303 ) ) ;
#744 = ORIENTED_EDGE ( 'NONE', *, *, #9939, .F. ) ;
#745 = VECTOR ( 'NONE', #8752, 39.37007874015748143 ) ;
#746 = EDGE_CURVE ( 'NONE', #8745, #532, #10728, .T. ) ;
#747 = CIRCLE ( 'NONE', #6508, 1.181102362204723200 ) ;
#748 = LINE ( 'NONE', #3456, #8124 ) ;
#749 = EDGE_CURVE ( 'NONE', #7501, #7389, #11780, .T. ) ;
#750 = ORIENTED_EDGE ( 'NONE', *, *, #918, .T. ) ;
#751 = LINE ( 'NONE', #10893, #7173 ) ;
#752 = PLANE ( 'NONE',  #1441 ) ;
#753 = ORIENTED_EDGE ( 'NONE', *, *, #8861, .F. ) ;
#754 = VECTOR ( 'NONE', #2325, 39.37007874015748143 ) ;
#755 = CARTESIAN_POINT ( 'NONE',  ( -5.905511811023623103, -0.3937007874015748254, 0.5905511811023624880 ) ) ;
#756 = EDGE_LOOP ( 'NONE', ( #6065, #4117, #9481, #9622 ) ) ;
#757 = LINE ( 'NONE', #8065, #11788 ) ;
#758 = DIRECTION ( 'NONE',  ( 0.000000000000000000, 0.000000000000000000, 1.000000000000000000 ) ) ;
#759 = ORIENTED_EDGE ( 'NONE', *, *, #7763, .F. ) ;
#760 = LINE ( 'NONE', #7306, #9259 ) ;
#761 = EDGE_LOOP ( 'NONE', ( #7352, #4131, #4065, #10354 ) ) ;
#762 = EDGE_CURVE ( 'NONE', #508, #11677, #11684, .T. ) ;
#763 = CIRCLE ( 'NONE', #9917, 1.181102362204725420 ) ;
#764 = EDGE_CURVE ( 'NONE', #5564, #8566, #1694, .T. ) ;
#765 = LINE ( 'NONE', #8193, #8525 ) ;
#766 = CARTESIAN_POINT ( 'NONE',  ( -0.5905511811023621549, -0.3937007874015748254, 9.055118110236220375 ) ) ;
#767 = DIRECTION ( 'NONE',  ( 0.000000000000000000, -0.000000000000000000, -1.000000000000000000 ) ) ;
#768 = EDGE_LOOP ( 'NONE', ( #10850, #2601 ) ) ;
#769 = DIRECTION ( 'NONE',  ( 0.000000000000000000, 0.000000000000000000, -1.000000000000000000 ) ) ;
#770 = DIRECTION ( 'NONE',  ( 0.000000000000000000, 0.000000000000000000, -1.000000000000000000 ) ) ;
#771 = CARTESIAN_POINT ( 'NONE',  ( -4.923310919208263137, -2.568928495131439060, 0.3937007874015748254 ) ) ;
#772 = DIRECTION ( 'NONE',  ( -0.000000000000000000, -0.000000000000000000, -1.000000000000000000 ) ) ;
#773 = EDGE_LOOP ( 'NONE', ( #11035, #2938, #5504, #6928 ) ) ;
#774 = CARTESIAN_POINT ( 'NONE',  ( 5.105455838359195475, 0.9327491192328398739, 4.813251225917984044 ) ) ;
#775 = EDGE_CURVE ( 'NONE', #5776, #1616, #795, .T. ) ;
#776 = EDGE_CURVE ( 'NONE', #2046, #10132, #3571, .T. ) ;
#777 = LINE ( 'NONE', #4437, #7712 ) ;
#778 = AXIS2_PLACEMENT_3D ( 'NONE', #7576, #9397, #2163 ) ;
#779 = EDGE_LOOP ( 'NONE', ( #1573, #6620 ) ) ;
#780 = EDGE_LOOP ( 'NONE', ( #9286, #3646, #5307, #4110 ) ) ;
#781 = PLANE ( 'NONE',  #11664 ) ;
#782 = CARTESIAN_POINT ( 'NONE',  ( 3.693202048827113781, -10.44294424316293224, 1.968503937007874072 ) ) ;
#783 = VERTEX_POINT ( 'NONE', #7225 ) ;
#784 = VERTEX_POINT ( 'NONE', #924 ) ;
#785 = CARTESIAN_POINT ( 'NONE',  ( 1.261104803704728772, 7.874015748031496287, -0.04859674123851733668 ) ) ;
#786 = DIRECTION ( 'NONE',  ( -0.000000000000000000, -0.000000000000000000, 1.000000000000000000 ) ) ;
#787 = ORIENTED_EDGE ( 'NONE', *, *, #9353, .F. ) ;
#788 = EDGE_CURVE ( 'NONE', #8188, #620, #5494, .T. ) ;
#789 = LINE ( 'NONE', #7277, #9467 ) ;
#790 = AXIS2_PLACEMENT_3D ( 'NONE', #7859, #11296, #8857 ) ;
#791 = LINE ( 'NONE', #7220, #2783 ) ;
#792 = CARTESIAN_POINT ( 'NONE',  ( 36.97776619943028464, 30.74889284742812734, 48.36900447572730144 ) ) ;
#793 = VERTEX_POINT ( 'NONE', #7409 ) ;
#794 = VERTEX_POINT ( 'NONE', #9124 ) ;
#795 = LINE ( 'NONE', #4454, #6591 ) ;
#796 = CARTESIAN_POINT ( 'NONE',  ( 4.923310919208260472, -5.127983613241675620, 0.000000000000000000 ) ) ;
#797 = LINE ( 'NONE', #3627, #186 ) ;
#798 = PLANE ( 'NONE',  #10993 ) ;
#799 = VECTOR ( 'NONE', #9212, 39.37007874015748143 ) ;
#800 = CARTESIAN_POINT ( 'NONE',  ( -6.496062992125986035, 0.000000000000000000, -0.3937007874015751585 ) ) ;
#801 = PRODUCT_DEFINITION ( 'UNKNOWN', '', #4692, #4455 ) ;
#802 = EDGE_CURVE ( 'NONE', #7449, #10801, #7724, .T. ) ;
#803 = DIRECTION ( 'NONE',  ( -0.000000000000000000, -0.000000000000000000, -1.000000000000000000 ) ) ;
#804 = ORIENTED_EDGE ( 'NONE', *, *, #3322, .F. ) ;
#805 = DIRECTION ( 'NONE',  ( 0.000000000000000000, 1.000000000000000000, -0.000000000000000000 ) ) ;
#806 = CARTESIAN_POINT ( 'NONE',  ( -3.653534954903999488, -1.306301163389676168, 0.000000000000000000 ) ) ;
#807 = ORIENTED_EDGE ( 'NONE', *, *, #9926, .T. ) ;
#808 = AXIS2_PLACEMENT_3D ( 'NONE', #7435, #7615, #2033 ) ;
#809 = VECTOR ( 'NONE', #11420, 39.37007874015748143 ) ;
#810 = EDGE_LOOP ( 'NONE', ( #2059, #11711, #9954, #10581 ) ) ;
#811 = FACE_OUTER_BOUND ( 'NONE', #4575, .T. ) ;
#812 = ORIENTED_EDGE ( 'NONE', *, *, #6592, .T. ) ;
#813 = DIRECTION ( 'NONE',  ( 1.000000000000000000, -0.000000000000000000, -0.000000000000000000 ) ) ;
#814 = ORIENTED_EDGE ( 'NONE', *, *, #2723, .F. ) ;
#815 = CYLINDRICAL_SURFACE ( 'NONE', #10867, 1.181102362204723200 ) ;
#816 = EDGE_CURVE ( 'NONE', #9779, #10933, #3895, .T. ) ;
#817 = LINE ( 'NONE', #2685, #3920 ) ;
#818 = AXIS2_PLACEMENT_3D ( 'NONE', #11530, #2412, #9697 ) ;
#819 = VERTEX_POINT ( 'NONE', #8228 ) ;
#820 = PRODUCT_DEFINITION_CONTEXT ( 'detailed design', #2891, 'design' ) ;
#821 = EDGE_CURVE ( 'NONE', #7255, #3491, #91, .T. ) ;
#822 = EDGE_CURVE ( 'NONE', #9571, #2961, #6455, .T. ) ;
#823 = LINE ( 'NONE', #3651, #5677 ) ;
#824 = CIRCLE ( 'NONE', #6385, 0.3937007874015751585 ) ;
#825 = FACE_OUTER_BOUND ( 'NONE', #1760, .T. ) ;
#826 = DIRECTION ( 'NONE',  ( -1.000000000000000000, 0.000000000000000000, 0.000000000000000000 ) ) ;
#827 = ADVANCED_FACE ( 'NONE', ( #1941 ), #10058, .T. ) ;
#828 = ORIENTED_EDGE ( 'NONE', *, *, #9677, .F. ) ;
#829 = DIRECTION ( 'NONE',  ( 0.000000000000000000, 1.000000000000000000, -0.000000000000000000 ) ) ;
#830 = CARTESIAN_POINT ( 'NONE',  ( 4.273251509737226783, 2.352331347388247451, 0.000000000000000000 ) ) ;
#831 = AXIS2_PLACEMENT_3D ( 'NONE', #651, #6292, #709 ) ;
#832 = DIRECTION ( 'NONE',  ( 0.000000000000000000, 0.000000000000000000, -1.000000000000000000 ) ) ;
#833 = CYLINDRICAL_SURFACE ( 'NONE', #1907, 0.08858267716535440928 ) ;
#834 = ADVANCED_FACE ( 'NONE', ( #5608 ), #2604, .T. ) ;
#835 = VERTEX_POINT ( 'NONE', #4525 ) ;
#836 = FACE_BOUND ( 'NONE', #5319, .T. ) ;
#837 = ORIENTED_EDGE ( 'NONE', *, *, #2433, .F. ) ;
#838 = AXIS2_PLACEMENT_3D ( 'NONE', #1663, #9621, #11682 ) ;
#839 = AXIS2_PLACEMENT_3D ( 'NONE', #1617, #1510, #6915 ) ;
#840 = CIRCLE ( 'NONE', #1420, 0.5905511811023627100 ) ;
#841 = CARTESIAN_POINT ( 'NONE',  ( 4.821444091131316454E-17, 3.937007874015748143, 8.858267716535433323 ) ) ;
#842 = ORIENTED_EDGE ( 'NONE', *, *, #2905, .F. ) ;
#843 = EDGE_CURVE ( 'NONE', #3726, #11531, #2551, .T. ) ;
#844 = AXIS2_PLACEMENT_3D ( 'NONE', #6061, #11655, #8107 ) ;
#845 = CIRCLE ( 'NONE', #4104, 0.1968503937007873017 ) ;
#846 = ORIENTED_EDGE ( 'NONE', *, *, #7610, .T. ) ;
#847 = FACE_OUTER_BOUND ( 'NONE', #7262, .T. ) ;
#848 = PLANE ( 'NONE',  #11740 ) ;
#849 = EDGE_LOOP ( 'NONE', ( #4191, #2068, #7528, #10052 ) ) ;
#850 = EDGE_CURVE ( 'NONE', #10333, #8475, #7463, .T. ) ;
#851 = ORIENTED_EDGE ( 'NONE', *, *, #11368, .T. ) ;
#852 = CARTESIAN_POINT ( 'NONE',  ( -5.089321556200451901, 0.8035624598697528320, 4.898691488548668538 ) ) ;
#853 = CIRCLE ( 'NONE', #2198, 1.181102362204724976 ) ;
#854 = LINE ( 'NONE', #5352, #6895 ) ;
#855 = VECTOR ( 'NONE', #8723, 39.37007874015748143 ) ;
#856 = VECTOR ( 'NONE', #11561, 39.37007874015748143 ) ;
#857 = LINE ( 'NONE', #4517, #5277 ) ;
#858 = FACE_OUTER_BOUND ( 'NONE', #6369, .T. ) ;
#859 = CARTESIAN_POINT ( 'NONE',  ( 23.80698401404231390, 32.62271333024705910, 50.82919967019102359 ) ) ;
#860 = EDGE_LOOP ( 'NONE', ( #9508, #10977, #4159, #7493 ) ) ;
#861 = VECTOR ( 'NONE', #3927, 39.37007874015748143 ) ;
#862 = DIRECTION ( 'NONE',  ( 1.000000000000000000, 0.000000000000000000, 0.000000000000000000 ) ) ;
#863 = EDGE_LOOP ( 'NONE', ( #2315, #74 ) ) ;
#864 = CARTESIAN_POINT ( 'NONE',  ( -4.591619688868614269, 8.267716535433070391, 7.445930726915714004 ) ) ;
#865 = UNCERTAINTY_MEASURE_WITH_UNIT (LENGTH_MEASURE( 1.000000000000000082E-05 ), #5189, 'distance_accuracy_value', 'NONE');
#866 = CYLINDRICAL_SURFACE ( 'NONE', #8711, 0.3937007874015751585 ) ;
#867 = AXIS2_PLACEMENT_3D ( 'NONE', #2393, #9685, #5211 ) ;
#868 = CIRCLE ( 'NONE', #8137, 1.181102362204723200 ) ;
#869 = EDGE_CURVE ( 'NONE', #6676, #8353, #3624, .T. ) ;
#870 = DIRECTION ( 'NONE',  ( -0.000000000000000000, -1.000000000000000000, -0.000000000000000000 ) ) ;
#871 = FACE_OUTER_BOUND ( 'NONE', #9807, .T. ) ;
#872 = CARTESIAN_POINT ( 'NONE',  ( -2.778641590709042930, 3.937007874015748143, -6.791338582677164837 ) ) ;
#873 = CARTESIAN_POINT ( 'NONE',  ( 5.905511811023623103, 3.937007874015748143, -5.965761340813563685 ) ) ;
#874 = AXIS2_PLACEMENT_3D ( 'NONE', #4981, #2278, #1507 ) ;
#875 = LINE ( 'NONE', #2541, #9456 ) ;
#876 = VERTEX_POINT ( 'NONE', #3679 ) ;
#877 = ORIENTED_EDGE ( 'NONE', *, *, #10242, .F. ) ;
#878 = CIRCLE ( 'NONE', #687, 0.1968503937007875793 ) ;
#879 = DIRECTION ( 'NONE',  ( 0.000000000000000000, 0.000000000000000000, 1.000000000000000000 ) ) ;
#880 = CARTESIAN_POINT ( 'NONE',  ( -2.778641590709038045, 3.915065883440284278, 7.972440944881888036 ) ) ;
#881 = ORIENTED_EDGE ( 'NONE', *, *, #3400, .F. ) ;
#882 = ORIENTED_EDGE ( 'NONE', *, *, #6408, .F. ) ;
#883 = COLOUR_RGB ( '',0.7921568627450980005, 0.8196078431372548767, 0.9333333333333333481 ) ;
#884 = CARTESIAN_POINT ( 'NONE',  ( -4.985320476270190149, 9.448818897637794478, 7.839631514317289884 ) ) ;
#885 = ORIENTED_EDGE ( 'NONE', *, *, #1000, .T. ) ;
#886 = CARTESIAN_POINT ( 'NONE',  ( -3.693202048827113781, -10.44294424316293224, 1.968503937007874072 ) ) ;
#887 = DIRECTION ( 'NONE',  ( -0.000000000000000000, -1.000000000000000000, -0.000000000000000000 ) ) ;
#888 = CARTESIAN_POINT ( 'NONE',  ( 2.467341395385281633, 3.336583315892183155, 0.3937007874015748254 ) ) ;
#889 = ORIENTED_EDGE ( 'NONE', *, *, #4470, .T. ) ;
#890 = AXIS2_PLACEMENT_3D ( 'NONE', #260, #10423, #5680 ) ;
#891 = DIRECTION ( 'NONE',  ( 1.000000000000000000, 0.000000000000000000, 0.000000000000000000 ) ) ;
#892 = EDGE_CURVE ( 'NONE', #4924, #6343, #7343, .T. ) ;
#893 = DIRECTION ( 'NONE',  ( 0.000000000000000000, 0.000000000000000000, 1.000000000000000000 ) ) ;
#894 = DIRECTION ( 'NONE',  ( -0.000000000000000000, -0.000000000000000000, -1.000000000000000000 ) ) ;
#895 = ORIENTED_EDGE ( 'NONE', *, *, #1186, .F. ) ;
#896 = DIRECTION ( 'NONE',  ( 1.000000000000000000, 1.110223024625156146E-15, -0.000000000000000000 ) ) ;
#897 = LINE ( 'NONE', #4551, #3378 ) ;
#898 = ADVANCED_FACE ( 'NONE', ( #977, #4633 ), #8282, .F. ) ;
#899 = DIRECTION ( 'NONE',  ( -1.000000000000000000, 0.000000000000000000, 0.000000000000000000 ) ) ;
#900 = CARTESIAN_POINT ( 'NONE',  ( 3.693202048827114670, -2.175227707729864512, 0.7874015748031496509 ) ) ;
#901 = ORIENTED_EDGE ( 'NONE', *, *, #2313, .F. ) ;
#902 = CARTESIAN_POINT ( 'NONE',  ( -4.184668832571871278, -11.42719621166687105, 0.000000000000000000 ) ) ;
#903 = ORIENTED_EDGE ( 'NONE', *, *, #6729, .T. ) ;
#904 = EDGE_CURVE ( 'NONE', #10773, #6205, #9305, .T. ) ;
#905 = EDGE_CURVE ( 'NONE', #11514, #9675, #4096, .T. ) ;
#906 = CARTESIAN_POINT ( 'NONE',  ( 3.693202048827114670, -2.568928495131439060, 0.7874015748031496509 ) ) ;
#907 = ORIENTED_EDGE ( 'NONE', *, *, #9020, .T. ) ;
#908 = VERTEX_POINT ( 'NONE', #1100 ) ;
#909 = FACE_OUTER_BOUND ( 'NONE', #5070, .T. ) ;
#910 = LINE ( 'NONE', #5405, #3946 ) ;
#911 = ORIENTED_EDGE ( 'NONE', *, *, #10267, .F. ) ;
#912 = ORIENTED_EDGE ( 'NONE', *, *, #9024, .F. ) ;
#913 = DIRECTION ( 'NONE',  ( 0.000000000000000000, 0.000000000000000000, 1.000000000000000000 ) ) ;
#914 = DIRECTION ( 'NONE',  ( 1.000000000000000000, 0.000000000000000000, 0.000000000000000000 ) ) ;
#915 = EDGE_CURVE ( 'NONE', #688, #3676, #10564, .T. ) ;
#916 = PRODUCT_DEFINITION_SHAPE ( 'NONE', 'NONE',  #801 ) ;
#917 = CARTESIAN_POINT ( 'NONE',  ( -2.467341395385280300, -12.41144818017080986, 0.7874015748031496509 ) ) ;
#918 = EDGE_CURVE ( 'NONE', #11565, #11110, #7640, .T. ) ;
#919 = CARTESIAN_POINT ( 'NONE',  ( -3.693202048827113781, -6.505936369147188536, 1.968503937007874072 ) ) ;
#920 = DIRECTION ( 'NONE',  ( 0.000000000000000000, -1.000000000000000000, -3.491481338843133355E-15 ) ) ;
#921 = ORIENTED_EDGE ( 'NONE', *, *, #3966, .F. ) ;
#922 =( NAMED_UNIT ( * ) PLANE_ANGLE_UNIT ( ) SI_UNIT ( $, .RADIAN. ) );
#923 = ORIENTED_EDGE ( 'NONE', *, *, #614, .T. ) ;
#924 = CARTESIAN_POINT ( 'NONE',  ( -7.086614173228347191, -0.3937007874015748254, -0.5905511811023614888 ) ) ;
#925 = CARTESIAN_POINT ( 'NONE',  ( 4.347829632394716093, 2.695826928938496625, 0.3937007874015748254 ) ) ;
#926 = LINE ( 'NONE', #7346, #5941 ) ;
#927 = CARTESIAN_POINT ( 'NONE',  ( -0.5905511811023620439, 3.336583315892183599, 0.000000000000000000 ) ) ;
#928 = CARTESIAN_POINT ( 'NONE',  ( -0.5905511811023620439, -0.3937007874015748254, 7.874015748031495399 ) ) ;
#929 = ORIENTED_EDGE ( 'NONE', *, *, #190, .F. ) ;
#930 = VECTOR ( 'NONE', #6936, 39.37007874015748143 ) ;
#931 = VERTEX_POINT ( 'NONE', #2116 ) ;
#932 = ORIENTED_EDGE ( 'NONE', *, *, #11368, .F. ) ;
#933 = EDGE_CURVE ( 'NONE', #10451, #10333, #8252, .T. ) ;
#934 = LINE ( 'NONE', #8415, #9283 ) ;
#935 = CARTESIAN_POINT ( 'NONE',  ( 2.778641590709042930, 3.937007874015748143, -6.791338582677165725 ) ) ;
#936 = ORIENTED_EDGE ( 'NONE', *, *, #5895, .F. ) ;
#937 = ORIENTED_EDGE ( 'NONE', *, *, #6114, .F. ) ;
#938 = DIRECTION ( 'NONE',  ( 0.000000000000000000, -1.000000000000000000, 0.000000000000000000 ) ) ;
#939 = EDGE_LOOP ( 'NONE', ( #425, #545, #4415, #787 ) ) ;
#940 = CARTESIAN_POINT ( 'NONE',  ( 5.513862100310622516, -4.537432432139313576, 0.000000000000000000 ) ) ;
#941 = AXIS2_PLACEMENT_3D ( 'NONE', #9996, #4706, #10406 ) ;
#942 = CARTESIAN_POINT ( 'NONE',  ( 4.785852954177777008, 9.448818897637794478, 7.839631514317292549 ) ) ;
#943 = ORIENTED_EDGE ( 'NONE', *, *, #3394, .T. ) ;
#944 = FACE_OUTER_BOUND ( 'NONE', #4725, .T. ) ;
#945 = EDGE_LOOP ( 'NONE', ( #1903, #8759 ) ) ;
#946 = EDGE_LOOP ( 'NONE', ( #5710, #5875, #3630, #6043 ) ) ;
#947 = EDGE_CURVE ( 'NONE', #2333, #9892, #10883, .T. ) ;
#948 = CARTESIAN_POINT ( 'NONE',  ( -4.921259842519680738, -10.44294424316293757, 0.000000000000000000 ) ) ;
#949 = VECTOR ( 'NONE', #5095, 39.37007874015748143 ) ;
#950 = VECTOR ( 'NONE', #10535, 39.37007874015748143 ) ;
#951 = CARTESIAN_POINT ( 'NONE',  ( -7.232166136696967594E-17, 3.927134496994546087, 0.000000000000000000 ) ) ;
#952 = CARTESIAN_POINT ( 'NONE',  ( -2.952755905511811108, 3.336583315892183155, 0.000000000000000000 ) ) ;
#953 = DIRECTION ( 'NONE',  ( 1.000000000000000000, 0.000000000000000000, 0.000000000000000000 ) ) ;
#954 = ORIENTED_EDGE ( 'NONE', *, *, #3988, .T. ) ;
#955 = DIRECTION ( 'NONE',  ( 1.000000000000000000, 0.000000000000000000, 0.000000000000000000 ) ) ;
#956 = DIRECTION ( 'NONE',  ( 0.000000000000000000, -1.000000000000000000, -0.000000000000000000 ) ) ;
#957 = CARTESIAN_POINT ( 'NONE',  ( -4.347829632394716093, 2.695826928938495737, 0.3937007874015748254 ) ) ;
#958 = DIRECTION ( 'NONE',  ( -1.000000000000000000, 0.000000000000000000, 0.000000000000000000 ) ) ;
#959 = FACE_OUTER_BOUND ( 'NONE', #102, .T. ) ;
#960 = VECTOR ( 'NONE', #2134, 39.37007874015748143 ) ;
#961 = ADVANCED_FACE ( 'NONE', ( #10420 ), #11303, .F. ) ;
#962 = CARTESIAN_POINT ( 'NONE',  ( -4.985320476270190149, 9.055118110236220375, -7.559072353315134052 ) ) ;
#963 = VERTEX_POINT ( 'NONE', #321 ) ;
#964 = VECTOR ( 'NONE', #4530, 39.37007874015748143 ) ;
#965 = VERTEX_POINT ( 'NONE', #1997 ) ;
#966 = LINE ( 'NONE', #8091, #6002 ) ;
#967 = DIRECTION ( 'NONE',  ( 1.000000000000000000, 0.000000000000000000, 0.000000000000000000 ) ) ;
#968 = ORIENTED_EDGE ( 'NONE', *, *, #7039, .F. ) ;
#969 = EDGE_LOOP ( 'NONE', ( #1764, #10356 ) ) ;
#970 = LINE ( 'NONE', #1323, #4461 ) ;
#971 = DIRECTION ( 'NONE',  ( 0.000000000000000000, -0.000000000000000000, -1.000000000000000000 ) ) ;
#972 = EDGE_CURVE ( 'NONE', #6094, #5971, #3925, .T. ) ;
#973 = CARTESIAN_POINT ( 'NONE',  ( 4.921259842519685179, 1.368079378884309083, 0.3937007874015748254 ) ) ;
#974 = ITEM_DEFINED_TRANSFORMATION ( 'NONE', 'NONE', #10961,  #7171 ) ;
#975 = VERTEX_POINT ( 'NONE', #3864 ) ;
#976 = ORIENTED_EDGE ( 'NONE', *, *, #10642, .T. ) ;
#977 = FACE_BOUND ( 'NONE', #9465, .T. ) ;
#978 = CARTESIAN_POINT ( 'NONE',  ( -0.1968503937007865523, -7.034450261923434589, 0.3937007874015748254 ) ) ;
#979 = EDGE_CURVE ( 'NONE', #4497, #965, #9757, .T. ) ;
#980 =( NAMED_UNIT ( * ) PLANE_ANGLE_UNIT ( ) SI_UNIT ( $, .RADIAN. ) );
#981 = DIRECTION ( 'NONE',  ( -0.000000000000000000, -0.000000000000000000, -1.000000000000000000 ) ) ;
#982 = FACE_OUTER_BOUND ( 'NONE', #7354, .T. ) ;
#983 = EDGE_CURVE ( 'NONE', #11062, #4082, #2239, .T. ) ;
#984 = VERTEX_POINT ( 'NONE', #6745 ) ;
#985 = DIRECTION ( 'NONE',  ( 0.000000000000000000, 0.000000000000000000, 1.000000000000000000 ) ) ;
#986 = EDGE_LOOP ( 'NONE', ( #6371, #7867 ) ) ;
#987 = EDGE_LOOP ( 'NONE', ( #4675, #5508, #5945, #4512 ) ) ;
#988 = CARTESIAN_POINT ( 'NONE',  ( -4.361834186902581401, -11.42719621166687105, 0.3937007874015748254 ) ) ;
#989 = SHAPE_REPRESENTATION_RELATIONSHIP ( 'NONE' , 'NONE' ,  #2122, #6700 ) ;
#990 = VERTEX_POINT ( 'NONE', #11122 ) ;
#991 = VERTEX_POINT ( 'NONE', #2899 ) ;
#992 = PLANE ( 'NONE',  #4678 ) ;
#993 = EDGE_CURVE ( 'NONE', #9975, #11535, #3280, .T. ) ;
#994 = AXIS2_PLACEMENT_3D ( 'NONE', #3305, #11520, #6965 ) ;
#995 = EDGE_LOOP ( 'NONE', ( #168, #6196, #9611, #7704 ) ) ;
#996 = CARTESIAN_POINT ( 'NONE',  ( 2.703458040287971098, 3.149606299212599492, -7.731481024822777215 ) ) ;
#997 = ORIENTED_EDGE ( 'NONE', *, *, #5450, .F. ) ;
#998 = DIRECTION ( 'NONE',  ( -0.000000000000000000, -0.000000000000000000, -1.000000000000000000 ) ) ;
#999 = DIRECTION ( 'NONE',  ( 0.000000000000000000, 0.000000000000000000, 1.000000000000000000 ) ) ;
#1000 = EDGE_CURVE ( 'NONE', #9214, #8151, #6352, .T. ) ;
#1001 = VERTEX_POINT ( 'NONE', #2963 ) ;
#1002 = CARTESIAN_POINT ( 'NONE',  ( 1.261104803704728772, 7.480314960629921295, -0.04859674123851733668 ) ) ;
#1003 = VECTOR ( 'NONE', #11037, 39.37007874015748143 ) ;
#1004 = AXIS2_PLACEMENT_3D ( 'NONE', #6978, #2417, #7921 ) ;
#1005 = ORIENTED_EDGE ( 'NONE', *, *, #4133, .T. ) ;
#1006 = DIRECTION ( 'NONE',  ( -1.000000000000000000, 0.000000000000000000, 0.000000000000000000 ) ) ;
#1007 = DIRECTION ( 'NONE',  ( -3.469446951953614189E-17, 1.000000000000000000, 0.000000000000000000 ) ) ;
#1008 = CYLINDRICAL_SURFACE ( 'NONE', #10917, 0.3937007874015751585 ) ;
#1009 = CARTESIAN_POINT ( 'NONE',  ( 4.392152166776199351, 8.267716535433070391, 0.000000000000000000 ) ) ;
#1010 = ORIENTED_EDGE ( 'NONE', *, *, #686, .T. ) ;
#1011 = VECTOR ( 'NONE', #8267, 39.37007874015748143 ) ;
#1012 = CARTESIAN_POINT ( 'NONE',  ( -4.347829632394716093, 2.695826928938495737, 0.3937007874015748254 ) ) ;
#1013 = CARTESIAN_POINT ( 'NONE',  ( -2.467341395385281633, -10.63979463686372284, 0.3937007874015748254 ) ) ;
#1014 = AXIS2_PLACEMENT_3D ( 'NONE', #6063, #9673, #8786 ) ;
#1015 = CARTESIAN_POINT ( 'NONE',  ( 3.346456692913386100, 7.480314960629921295, -7.011039673268492756 ) ) ;
#1016 = DIRECTION ( 'NONE',  ( 1.000000000000000000, 0.000000000000000000, 0.000000000000000000 ) ) ;
#1017 = LINE ( 'NONE', #2877, #6976 ) ;
#1018 = ADVANCED_FACE ( 'NONE', ( #5675 ), #10244, .F. ) ;
#1019 = VERTEX_POINT ( 'NONE', #9525 ) ;
#1020 = AXIS2_PLACEMENT_3D ( 'NONE', #5841, #7634, #11239 ) ;
#1021 = CARTESIAN_POINT ( 'NONE',  ( -3.346456692913384323, 7.480314960629921295, 5.829937311063766892 ) ) ;
#1022 = EDGE_LOOP ( 'NONE', ( #3227, #5397, #7357, #10752 ) ) ;
#1023 = ORIENTED_EDGE ( 'NONE', *, *, #1860, .T. ) ;
#1024 = CARTESIAN_POINT ( 'NONE',  ( -3.693202048827115558, -2.568928495131439060, 0.000000000000000000 ) ) ;
#1025 = CARTESIAN_POINT ( 'NONE',  ( -5.905511811023623103, -0.3937007874015748254, -0.5905511811023639313 ) ) ;
#1026 = PLANE ( 'NONE',  #10338 ) ;
#1027 = VECTOR ( 'NONE', #10633, 39.37007874015748143 ) ;
#1028 = VECTOR ( 'NONE', #10588, 39.37007874015748143 ) ;
#1029 = DIRECTION ( 'NONE',  ( -1.000000000000000000, 0.000000000000000000, 0.000000000000000000 ) ) ;
#1030 = CARTESIAN_POINT ( 'NONE',  ( -4.724409448818893686, 0.000000000000000000, 5.965761340813562796 ) ) ;
#1031 = AXIS2_PLACEMENT_3D ( 'NONE', #1391, #8815, #8868 ) ;
#1032 = DIRECTION ( 'NONE',  ( -0.000000000000000000, 1.000000000000000000, -0.000000000000000000 ) ) ;
#1033 = CONTEXT_DEPENDENT_SHAPE_REPRESENTATION ( #3577, #3499 ) ;
#1034 = VERTEX_POINT ( 'NONE', #1161 ) ;
#1035 = EDGE_CURVE ( 'NONE', #56, #11118, #4818, .T. ) ;
#1036 = ORIENTED_EDGE ( 'NONE', *, *, #3605, .T. ) ;
#1037 = DIRECTION ( 'NONE',  ( 1.156482317317871478E-16, -1.000000000000000000, 0.000000000000000000 ) ) ;
#1038 = AXIS2_PLACEMENT_3D ( 'NONE', #9016, #1062, #1836 ) ;
#1039 = PLANE ( 'NONE',  #11719 ) ;
#1040 = CARTESIAN_POINT ( 'NONE',  ( 0.5905511811023621549, -0.3937007874015748254, 9.055118110236220375 ) ) ;
#1041 = CARTESIAN_POINT ( 'NONE',  ( 4.716527080888250900, 0.008763934312793467477, 0.000000000000000000 ) ) ;
#1042 = EDGE_CURVE ( 'NONE', #965, #1264, #258, .T. ) ;
#1043 = EDGE_CURVE ( 'NONE', #4667, #5621, #6738, .T. ) ;
#1044 = AXIS2_PLACEMENT_3D ( 'NONE', #10959, #8005, #11611 ) ;
#1045 = CARTESIAN_POINT ( 'NONE',  ( -4.921259842519685179, 1.683040008805569476, 0.000000000000000000 ) ) ;
#1046 = CIRCLE ( 'NONE', #6800, 0.3937007874015746034 ) ;
#1047 = VECTOR ( 'NONE', #10838, 39.37007874015748143 ) ;
#1048 = ORIENTED_EDGE ( 'NONE', *, *, #10557, .F. ) ;
#1049 = AXIS2_PLACEMENT_3D ( 'NONE', #5802, #10195, #4830 ) ;
#1050 = LINE ( 'NONE', #10249, #11339 ) ;
#1051 = EDGE_CURVE ( 'NONE', #388, #5541, #11536, .T. ) ;
#1052 = APPLICATION_CONTEXT ( 'automotive_design' ) ;
#1053 = VERTEX_POINT ( 'NONE', #10647 ) ;
#1054 = VERTEX_POINT ( 'NONE', #5231 ) ;
#1055 = CARTESIAN_POINT ( 'NONE',  ( -0.5905511811023600455, -0.3937007874015748254, -9.055118110236220375 ) ) ;
#1056 = LINE ( 'NONE', #5743, #2191 ) ;
#1057 = ORIENTED_EDGE ( 'NONE', *, *, #3366, .F. ) ;
#1058 = EDGE_CURVE ( 'NONE', #8149, #6103, #1553, .T. ) ;
#1059 = AXIS2_PLACEMENT_3D ( 'NONE', #11173, #9392, #1196 ) ;
#1060 = VECTOR ( 'NONE', #1169, 39.37007874015748143 ) ;
#1061 = EDGE_LOOP ( 'NONE', ( #6335, #5787, #828, #7152 ) ) ;
#1062 = DIRECTION ( 'NONE',  ( -0.000000000000000000, -1.000000000000000000, -0.000000000000000000 ) ) ;
#1063 = VERTEX_POINT ( 'NONE', #8701 ) ;
#1064 = LINE ( 'NONE', #9320, #356 ) ;
#1065 = VECTOR ( 'NONE', #11644, 39.37007874015748143 ) ;
#1066 = EDGE_CURVE ( 'NONE', #4770, #8745, #3259, .T. ) ;
#1067 = LINE ( 'NONE', #5806, #6911 ) ;
#1068 = DIRECTION ( 'NONE',  ( -4.163336342344338506E-16, -1.000000000000000000, 0.000000000000000000 ) ) ;
#1069 = ORIENTED_EDGE ( 'NONE', *, *, #821, .T. ) ;
#1070 = CIRCLE ( 'NONE', #1580, 1.181102362204724310 ) ;
#1071 = CARTESIAN_POINT ( 'NONE',  ( 4.785852954177777008, 8.267716535433070391, -7.206675219446472269 ) ) ;
#1072 = EDGE_CURVE ( 'NONE', #793, #4758, #502, .T. ) ;
#1073 = ORIENTED_EDGE ( 'NONE', *, *, #10467, .T. ) ;
#1074 = DIRECTION ( 'NONE',  ( 0.3500634545916481710, -0.000000000000000000, 0.9367259886217319531 ) ) ;
#1075 = VECTOR ( 'NONE', #9156, 39.37007874015748143 ) ;
#1076 = EDGE_CURVE ( 'NONE', #8215, #1852, #6092, .T. ) ;
#1077 = CARTESIAN_POINT ( 'NONE',  ( 4.370956789862821150E-15, 0.000000000000000000, 6.889763779527557475 ) ) ;
#1078 = DIRECTION ( 'NONE',  ( -0.000000000000000000, -0.000000000000000000, -1.000000000000000000 ) ) ;
#1079 = LINE ( 'NONE', #5290, #9443 ) ;
#1080 = EDGE_LOOP ( 'NONE', ( #6961, #3584, #6941, #6991 ) ) ;
#1081 = DIRECTION ( 'NONE',  ( -0.000000000000000000, -0.000000000000000000, 1.000000000000000000 ) ) ;
#1082 = CARTESIAN_POINT ( 'NONE',  ( 3.346456692913387876, 3.937007874015748143, 5.829937311063766892 ) ) ;
#1083 = DIRECTION ( 'NONE',  ( -1.000000000000000000, 0.000000000000000000, 0.000000000000000000 ) ) ;
#1084 = EDGE_LOOP ( 'NONE', ( #9424, #3386, #7929, #8740 ) ) ;
#1085 = CARTESIAN_POINT ( 'NONE',  ( 4.184668832571873942, -5.521684400643250612, 0.000000000000000000 ) ) ;
#1086 = ORIENTED_EDGE ( 'NONE', *, *, #7585, .F. ) ;
#1087 = VECTOR ( 'NONE', #6425, 39.37007874015748143 ) ;
#1088 = EDGE_CURVE ( 'NONE', #6205, #3891, #10596, .T. ) ;
#1089 = CARTESIAN_POINT ( 'NONE',  ( -4.923310919208263137, -2.568928495131439060, 0.000000000000000000 ) ) ;
#1090 = EDGE_LOOP ( 'NONE', ( #9600, #6351, #8227, #6013 ) ) ;
#1091 = ORIENTED_EDGE ( 'NONE', *, *, #8960, .T. ) ;
#1092 = LINE ( 'NONE', #1024, #4749 ) ;
#1093 = DIRECTION ( 'NONE',  ( -1.387778780781447155E-16, 1.000000000000000000, -0.000000000000000000 ) ) ;
#1094 = EDGE_LOOP ( 'NONE', ( #9363, #4766, #7459, #8825 ) ) ;
#1095 = CARTESIAN_POINT ( 'NONE',  ( 4.921259842519688732, -10.44294424316293224, 0.000000000000000000 ) ) ;
#1096 = DIRECTION ( 'NONE',  ( 0.000000000000000000, 1.000000000000000000, -0.000000000000000000 ) ) ;
#1097 = FACE_OUTER_BOUND ( 'NONE', #10136, .T. ) ;
#1098 = ORIENTED_EDGE ( 'NONE', *, *, #4366, .T. ) ;
#1099 = EDGE_LOOP ( 'NONE', ( #7825, #3707, #9042, #1235 ) ) ;
#1100 = CARTESIAN_POINT ( 'NONE',  ( -2.952755905511811108, -12.41144818017080986, 0.3937007874015748254 ) ) ;
#1101 = DIRECTION ( 'NONE',  ( -0.9367259886217318421, 0.000000000000000000, -0.3500634545916481155 ) ) ;
#1102 = ADVANCED_BREP_SHAPE_REPRESENTATION ( '', ( #2522, #7171 ), #2003 ) ;
#1103 = DIRECTION ( 'NONE',  ( -0.000000000000000000, 1.000000000000000000, -0.000000000000000000 ) ) ;
#1104 = DIRECTION ( 'NONE',  ( 1.000000000000000000, -0.000000000000000000, 0.000000000000000000 ) ) ;
#1105 = DIRECTION ( 'NONE',  ( -0.000000000000000000, -0.000000000000000000, -1.000000000000000000 ) ) ;
#1106 = EDGE_LOOP ( 'NONE', ( #8413, #4877, #11226, #10841 ) ) ;
#1107 = EDGE_CURVE ( 'NONE', #11027, #4508, #8651, .T. ) ;
#1108 = ADVANCED_FACE ( 'NONE', ( #5972 ), #10530, .F. ) ;
#1109 = CARTESIAN_POINT ( 'NONE',  ( 4.519676687187463848, 0.008763934312793467477, 0.000000000000000000 ) ) ;
#1110 = ORIENTED_EDGE ( 'NONE', *, *, #5425, .T. ) ;
#1111 = DIRECTION ( 'NONE',  ( 0.000000000000000000, 0.000000000000000000, 1.000000000000000000 ) ) ;
#1112 = DIRECTION ( 'NONE',  ( 1.000000000000000000, 0.000000000000000000, 0.000000000000000000 ) ) ;
#1113 = EDGE_CURVE ( 'NONE', #5044, #159, #3381, .T. ) ;
#1114 = VERTEX_POINT ( 'NONE', #5123 ) ;
#1115 = ORIENTED_EDGE ( 'NONE', *, *, #5834, .T. ) ;
#1116 = CARTESIAN_POINT ( 'NONE',  ( 4.923310919208261360, -3.946881251036950200, 0.000000000000000000 ) ) ;
#1117 = EDGE_LOOP ( 'NONE', ( #9562, #5886, #6637, #5777 ) ) ;
#1118 = DIRECTION ( 'NONE',  ( -0.000000000000000000, -1.000000000000000000, -0.000000000000000000 ) ) ;
#1119 = VERTEX_POINT ( 'NONE', #4215 ) ;
#1120 = ADVANCED_FACE ( 'NONE', ( #9580 ), #6028, .F. ) ;
#1121 = DIRECTION ( 'NONE',  ( 0.000000000000000000, 1.000000000000000000, -0.000000000000000000 ) ) ;
#1122 = DIRECTION ( 'NONE',  ( 0.000000000000000000, 1.000000000000000000, 0.000000000000000000 ) ) ;
#1123 = ORIENTED_EDGE ( 'NONE', *, *, #7328, .T. ) ;
#1124 = VECTOR ( 'NONE', #5460, 39.37007874015748143 ) ;
#1125 = EDGE_CURVE ( 'NONE', #11514, #7521, #7127, .T. ) ;
#1126 = CARTESIAN_POINT ( 'NONE',  ( 5.019685039370078705, 3.937007874015748143, -6.395228468411557010 ) ) ;
#1127 = VERTEX_POINT ( 'NONE', #7087 ) ;
#1128 = DIRECTION ( 'NONE',  ( 0.000000000000000000, 1.000000000000000000, 0.000000000000000000 ) ) ;
#1129 = ADVANCED_FACE ( 'NONE', ( #4270 ), #7868, .F. ) ;
#1130 = CARTESIAN_POINT ( 'NONE',  ( -4.923310919208258696, -6.505936369147188536, 0.000000000000000000 ) ) ;
#1132 = CARTESIAN_POINT ( 'NONE',  ( 6.496062992125987812, 3.937007874015748143, 1.591076550073333536E-15 ) ) ;
#1131 = AXIS2_PLACEMENT_3D ( 'NONE', #5631, #4721, #6656 ) ;
#1133 = DIRECTION ( 'NONE',  ( -0.000000000000000000, -0.000000000000000000, 1.000000000000000000 ) ) ;
#1134 = ORIENTED_EDGE ( 'NONE', *, *, #4800, .F. ) ;
#1135 = CARTESIAN_POINT ( 'NONE',  ( -3.192102363848778435, 3.915065883440284278, 7.897707860576848482 ) ) ;
#1136 = LINE ( 'NONE', #3894, #4146 ) ;
#1137 = EDGE_CURVE ( 'NONE', #9711, #9758, #9643, .T. ) ;
#1138 = CARTESIAN_POINT ( 'NONE',  ( -4.273251509737226783, -5.521684400643249724, 0.000000000000000000 ) ) ;
#1139 = DIRECTION ( 'NONE',  ( -0.000000000000000000, -0.000000000000000000, 1.000000000000000000 ) ) ;
#1140 = CARTESIAN_POINT ( 'NONE',  ( -3.740157480314960647, -10.75790487308419685, 0.000000000000000000 ) ) ;
#1141 = EDGE_LOOP ( 'NONE', ( #2481, #10965, #8613, #8505 ) ) ;
#1142 = EDGE_CURVE ( 'NONE', #1316, #5269, #10476, .T. ) ;
#1143 = AXIS2_PLACEMENT_3D ( 'NONE', #6389, #4086, #11065 ) ;
#1144 = CIRCLE ( 'NONE', #8971, 0.1968503937007864968 ) ;
#1145 = CARTESIAN_POINT ( 'NONE',  ( -2.858207359010676019, -2.698702213475664191, 0.7874015748031496509 ) ) ;
#1146 = DIRECTION ( 'NONE',  ( -0.000000000000000000, -0.000000000000000000, -1.000000000000000000 ) ) ;
#1147 = EDGE_LOOP ( 'NONE', ( #2108, #11139, #7596, #3124 ) ) ;
#1148 = ORIENTED_EDGE ( 'NONE', *, *, #1280, .T. ) ;
#1149 = DIRECTION ( 'NONE',  ( -0.000000000000000000, -0.000000000000000000, -1.000000000000000000 ) ) ;
#1150 = CYLINDRICAL_SURFACE ( 'NONE', #3564, 1.181102362204724310 ) ;
#1151 = AXIS2_PLACEMENT_3D ( 'NONE', #8066, #9021, #3589 ) ;
#1152 = ADVANCED_FACE ( 'NONE', ( #2349 ), #2293, .F. ) ;
#1153 = CARTESIAN_POINT ( 'NONE',  ( -1.258335327127414915, 9.448818897637794478, -0.2454471349393052004 ) ) ;
#1154 = DIRECTION ( 'NONE',  ( 0.3500634545916417872, -0.000000000000000000, 0.9367259886217343956 ) ) ;
#1155 = EDGE_CURVE ( 'NONE', #11309, #6439, #6180, .T. ) ;
#1156 = AXIS2_PLACEMENT_3D ( 'NONE', #3156, #8652, #9543 ) ;
#1157 = FACE_OUTER_BOUND ( 'NONE', #1655, .T. ) ;
#1158 = CONTEXT_DEPENDENT_SHAPE_REPRESENTATION ( #9971, #6583 ) ;
#1159 = ORIENTED_EDGE ( 'NONE', *, *, #1722, .F. ) ;
#1160 = ORIENTED_EDGE ( 'NONE', *, *, #8663, .F. ) ;
#1161 = CARTESIAN_POINT ( 'NONE',  ( 4.923310919208258696, -6.505936369147187648, 0.000000000000000000 ) ) ;
#1162 = DIRECTION ( 'NONE',  ( 0.000000000000000000, 0.000000000000000000, 1.000000000000000000 ) ) ;
#1163 = FACE_OUTER_BOUND ( 'NONE', #6017, .T. ) ;
#1164 = DIRECTION ( 'NONE',  ( -4.625929269271481969E-16, 1.000000000000000000, 0.000000000000000000 ) ) ;
#1165 = EDGE_CURVE ( 'NONE', #90, #8462, #7706, .T. ) ;
#1166 = ORIENTED_EDGE ( 'NONE', *, *, #9727, .F. ) ;
#1167 = DIRECTION ( 'NONE',  ( -1.000000000000000000, -2.775557561562893323E-15, 0.000000000000000000 ) ) ;
#1168 = ORIENTED_EDGE ( 'NONE', *, *, #3198, .T. ) ;
#1169 = DIRECTION ( 'NONE',  ( -0.000000000000000000, -0.000000000000000000, -1.000000000000000000 ) ) ;
#1170 = FACE_OUTER_BOUND ( 'NONE', #11742, .T. ) ;
#1171 = ORIENTED_EDGE ( 'NONE', *, *, #5239, .T. ) ;
#1172 = AXIS2_PLACEMENT_3D ( 'NONE', #3022, #7981, #4335 ) ;
#1173 = ORIENTED_EDGE ( 'NONE', *, *, #6729, .F. ) ;
#1174 = LINE ( 'NONE', #216, #4304 ) ;
#1175 = PRODUCT_DEFINITION ( 'UNKNOWN', '', #3744, #2660 ) ;
#1176 = LINE ( 'NONE', #5569, #557 ) ;
#1177 = PLANE ( 'NONE',  #8034 ) ;
#1178 = CARTESIAN_POINT ( 'NONE',  ( 5.019685039370078705, 3.915065883440284278, -6.395228468411557010 ) ) ;
#1179 = VERTEX_POINT ( 'NONE', #10753 ) ;
#1180 = LINE ( 'NONE', #1071, #4872 ) ;
#1181 = ORIENTED_EDGE ( 'NONE', *, *, #1851, .F. ) ;
#1182 = CARTESIAN_POINT ( 'NONE',  ( -4.273251509737226783, 2.352331347388246119, 0.000000000000000000 ) ) ;
#1183 = CARTESIAN_POINT ( 'NONE',  ( 3.693202048827116002, 1.368079378884309083, 0.3937007874015748254 ) ) ;
#1184 = DIRECTION ( 'NONE',  ( 0.000000000000000000, 0.000000000000000000, 1.000000000000000000 ) ) ;
#1185 = LINE ( 'NONE', #4789, #3339 ) ;
#1186 = EDGE_CURVE ( 'NONE', #3545, #1468, #427, .T. ) ;
#1187 = ORIENTED_EDGE ( 'NONE', *, *, #2456, .F. ) ;
#1188 = CARTESIAN_POINT ( 'NONE',  ( 2.467341395385283409, -12.41144818017080809, 0.3937007874015748254 ) ) ;
#1189 = LINE ( 'NONE', #11094, #9669 ) ;
#1190 = DIRECTION ( 'NONE',  ( -1.000000000000000000, 2.921639538487253768E-16, 0.000000000000000000 ) ) ;
#1191 = LINE ( 'NONE', #1975, #7913 ) ;
#1192 = EDGE_CURVE ( 'NONE', #444, #8197, #1739, .T. ) ;
#1193 = EDGE_LOOP ( 'NONE', ( #1410, #8686, #9858, #4541 ) ) ;
#1194 = EDGE_CURVE ( 'NONE', #4785, #3872, #4385, .T. ) ;
#1195 = AXIS2_PLACEMENT_3D ( 'NONE', #1138, #6541, #8322 ) ;
#1196 = DIRECTION ( 'NONE',  ( 1.000000000000000000, 0.000000000000000000, 0.000000000000000000 ) ) ;
#1197 = ADVANCED_FACE ( 'NONE', ( #4620, #9111 ), #781, .F. ) ;
#1198 = VECTOR ( 'NONE', #3061, 39.37007874015748143 ) ;
#1199 = CARTESIAN_POINT ( 'NONE',  ( -2.952755905511811108, -12.41144818017080986, 0.000000000000000000 ) ) ;
#1200 = ORIENTED_EDGE ( 'NONE', *, *, #6158, .F. ) ;
#1201 = VECTOR ( 'NONE', #5089, 39.37007874015748143 ) ;
#1202 = ADVANCED_FACE ( 'NONE', ( #847 ), #8270, .F. ) ;
#1203 = ORIENTED_EDGE ( 'NONE', *, *, #2257, .F. ) ;
#1204 = DIRECTION ( 'NONE',  ( 1.000000000000000000, 0.000000000000000000, 0.000000000000000000 ) ) ;
#1205 = DIRECTION ( 'NONE',  ( 0.000000000000000000, -0.000000000000000000, 1.000000000000000000 ) ) ;
#1206 = ORIENTED_EDGE ( 'NONE', *, *, #9738, .F. ) ;
#1207 = DIRECTION ( 'NONE',  ( 1.000000000000000000, 0.000000000000000000, -0.000000000000000000 ) ) ;
#1208 = EDGE_CURVE ( 'NONE', #4282, #6590, #966, .T. ) ;
#1209 = DIRECTION ( 'NONE',  ( 0.000000000000000000, 0.000000000000000000, 1.000000000000000000 ) ) ;
#1210 = ORIENTED_EDGE ( 'NONE', *, *, #2362, .T. ) ;
#1211 = EDGE_CURVE ( 'NONE', #11118, #1371, #8037, .T. ) ;
#1212 = CIRCLE ( 'NONE', #9244, 1.181102362204724310 ) ;
#1213 = VERTEX_POINT ( 'NONE', #3609 ) ;
#1214 = DIRECTION ( 'NONE',  ( 0.000000000000000000, 0.000000000000000000, 1.000000000000000000 ) ) ;
#1215 = CARTESIAN_POINT ( 'NONE',  ( 3.346456692913387876, 7.480314960629921295, 6.420488492166129824 ) ) ;
#1216 = CARTESIAN_POINT ( 'NONE',  ( -4.923310919208263137, -2.568928495131439060, 0.000000000000000000 ) ) ;
#1217 = AXIS2_PLACEMENT_3D ( 'NONE', #10681, #2744, #8018 ) ;
#1218 = VECTOR ( 'NONE', #1149, 39.37007874015748143 ) ;
#1219 = CARTESIAN_POINT ( 'NONE',  ( 4.273251509737226783, -11.42719621166687283, 0.3937007874015748254 ) ) ;
#1220 = VERTEX_POINT ( 'NONE', #7267 ) ;
#1221 = VECTOR ( 'NONE', #7119, 39.37007874015748143 ) ;
#1222 = VECTOR ( 'NONE', #3179, 39.37007874015748143 ) ;
#1223 = LINE ( 'NONE', #2184, #7951 ) ;
#1224 = ORIENTED_EDGE ( 'NONE', *, *, #9985, .F. ) ;
#1225 = DIRECTION ( 'NONE',  ( 0.000000000000000000, 0.000000000000000000, -1.000000000000000000 ) ) ;
#1226 = CARTESIAN_POINT ( 'NONE',  ( -5.120161312909050189, -4.537432432139312688, 0.000000000000000000 ) ) ;
#1227 = ORIENTED_EDGE ( 'NONE', *, *, #6778, .T. ) ;
#1228 = CIRCLE ( 'NONE', #5843, 0.5905511811023627100 ) ;
#1229 = ADVANCED_FACE ( 'NONE', ( #9222 ), #9977, .F. ) ;
#1230 = VERTEX_POINT ( 'NONE', #11705 ) ;
#1231 = PLANE ( 'NONE',  #11149 ) ;
#1232 = AXIS2_PLACEMENT_3D ( 'NONE', #10839, #4465, #7169 ) ;
#1233 = PRESENTATION_LAYER_ASSIGNMENT (  '', '', ( #5846 ) ) ;
#1234 = VECTOR ( 'NONE', #2025, 39.37007874015748143 ) ;
#1235 = ORIENTED_EDGE ( 'NONE', *, *, #3839, .T. ) ;
#1236 = DIRECTION ( 'NONE',  ( 1.000000000000000000, 0.000000000000000000, 0.000000000000000000 ) ) ;
#1237 = DIRECTION ( 'NONE',  ( 4.649641239344063863E-15, 0.000000000000000000, -1.000000000000000000 ) ) ;
#1238 = ORIENTED_EDGE ( 'NONE', *, *, #933, .F. ) ;
#1239 = VECTOR ( 'NONE', #570, 39.37007874015748143 ) ;
#1240 = DIRECTION ( 'NONE',  ( 1.000000000000000000, 0.000000000000000000, 0.000000000000000000 ) ) ;
#1241 = VERTEX_POINT ( 'NONE', #6253 ) ;
#1242 = VECTOR ( 'NONE', #7947, 39.37007874015748143 ) ;
#1243 = DIRECTION ( 'NONE',  ( 1.000000000000000000, 0.000000000000000000, 0.000000000000000000 ) ) ;
#1244 = DIRECTION ( 'NONE',  ( 0.000000000000000000, 0.000000000000000000, -1.000000000000000000 ) ) ;
#1245 = VECTOR ( 'NONE', #8404, 39.37007874015748143 ) ;
#1246 = LINE ( 'NONE', #8729, #9786 ) ;
#1247 = DIRECTION ( 'NONE',  ( 0.000000000000000000, 1.000000000000000000, 0.000000000000000000 ) ) ;
#1248 = VERTEX_POINT ( 'NONE', #7210 ) ;
#1249 = DIRECTION ( 'NONE',  ( -0.000000000000000000, -0.000000000000000000, -1.000000000000000000 ) ) ;
#1250 = ORIENTED_EDGE ( 'NONE', *, *, #9038, .T. ) ;
#1251 = DIRECTION ( 'NONE',  ( -1.000000000000000000, 0.000000000000000000, 0.000000000000000000 ) ) ;
#1252 = CARTESIAN_POINT ( 'NONE',  ( -5.118110236220535292, 3.149606299212599492, 4.638196495462627134 ) ) ;
#1253 = VECTOR ( 'NONE', #1342, 39.37007874015748143 ) ;
#1254 = AXIS2_PLACEMENT_3D ( 'NONE', #2069, #5742, #1225 ) ;
#1255 = VERTEX_POINT ( 'NONE', #77 ) ;
#1256 = DIRECTION ( 'NONE',  ( 0.000000000000000000, 0.000000000000000000, 1.000000000000000000 ) ) ;
#1257 = ORIENTED_EDGE ( 'NONE', *, *, #3333, .T. ) ;
#1258 = CIRCLE ( 'NONE', #4710, 0.07868300030473396323 ) ;
#1259 = ADVANCED_FACE ( 'NONE', ( #9919 ), #9044, .T. ) ;
#1260 = CARTESIAN_POINT ( 'NONE',  ( 4.921259842519685179, -10.75790487308419685, 0.3937007874015748254 ) ) ;
#1261 = CIRCLE ( 'NONE', #7962, 0.1968503937007875793 ) ;
#1262 = DIRECTION ( 'NONE',  ( 0.6974961937938046752, 0.000000000000000000, 0.7165884869596741424 ) ) ;
#1263 = ORIENTED_EDGE ( 'NONE', *, *, #5783, .F. ) ;
#1264 = VERTEX_POINT ( 'NONE', #10998 ) ;
#1265 = LINE ( 'NONE', #2946, #11077 ) ;
#1266 = VECTOR ( 'NONE', #741, 39.37007874015748854 ) ;
#1267 = CARTESIAN_POINT ( 'NONE',  ( -3.653534954903999488, -1.306301163389676168, 0.000000000000000000 ) ) ;
#1268 = ORIENTED_EDGE ( 'NONE', *, *, #6053, .F. ) ;
#1269 = ORIENTED_EDGE ( 'NONE', *, *, #9238, .F. ) ;
#1270 = PLANE ( 'NONE',  #9234 ) ;
#1271 = EDGE_CURVE ( 'NONE', #3623, #5966, #6565, .T. ) ;
#1272 = EDGE_CURVE ( 'NONE', #5538, #1119, #2766, .T. ) ;
#1273 = VECTOR ( 'NONE', #3207, 39.37007874015748143 ) ;
#1274 = DIRECTION ( 'NONE',  ( 0.000000000000000000, 0.000000000000000000, -1.000000000000000000 ) ) ;
#1275 = ORIENTED_EDGE ( 'NONE', *, *, #7533, .T. ) ;
#1276 = ORIENTED_EDGE ( 'NONE', *, *, #1051, .F. ) ;
#1277 = DIRECTION ( 'NONE',  ( 0.000000000000000000, -1.000000000000000000, 0.000000000000000000 ) ) ;
#1278 = CARTESIAN_POINT ( 'NONE',  ( 4.347829632394716093, 2.695826928938496625, 0.3937007874015748254 ) ) ;
#1279 = CARTESIAN_POINT ( 'NONE',  ( -0.09842519685039370636, 0.000000000000000000, 1.574803149606299302 ) ) ;
#1280 = EDGE_CURVE ( 'NONE', #9192, #2124, #1800, .T. ) ;
#1281 = CARTESIAN_POINT ( 'NONE',  ( -0.5905511811023621549, 3.336583315892183155, 0.3937007874015748254 ) ) ;
#1282 = ORIENTED_EDGE ( 'NONE', *, *, #8089, .F. ) ;
#1283 = SHAPE_REPRESENTATION ( 'Chassis Part 2 (Partie de dessus)', ( #7171 ), #8694 ) ;
#1284 = ADVANCED_FACE ( 'NONE', ( #909 ), #8211, .F. ) ;
#1285 = CARTESIAN_POINT ( 'NONE',  ( -3.850385348604786984, -1.306301163389676168, 0.000000000000000000 ) ) ;
#1286 = ORIENTED_EDGE ( 'NONE', *, *, #1513, .T. ) ;
#1287 = DIRECTION ( 'NONE',  ( -0.000000000000000000, 1.000000000000000000, -0.000000000000000000 ) ) ;
#1288 = ORIENTED_EDGE ( 'NONE', *, *, #9032, .F. ) ;
#1289 = EDGE_LOOP ( 'NONE', ( #10125, #8771, #4556, #8929 ) ) ;
#1290 = LINE ( 'NONE', #2131, #4487 ) ;
#1291 = CARTESIAN_POINT ( 'NONE',  ( -4.184668832571871278, -11.42719621166687105, 0.000000000000000000 ) ) ;
#1292 = DIRECTION ( 'NONE',  ( -0.000000000000000000, -0.000000000000000000, -1.000000000000000000 ) ) ;
#1293 = CARTESIAN_POINT ( 'NONE',  ( 4.252043450305092342, 3.915065883440284278, -7.501597746311241544 ) ) ;
#1294 = ORIENTED_EDGE ( 'NONE', *, *, #3848, .T. ) ;
#1295 = EDGE_CURVE ( 'NONE', #9938, #2282, #401, .T. ) ;
#1296 = PLANE ( 'NONE',  #478 ) ;
#1297 = ORIENTED_EDGE ( 'NONE', *, *, #2166, .T. ) ;
#1298 = CARTESIAN_POINT ( 'NONE',  ( 2.467341395385281633, -10.63979463686372284, 0.3937007874015748254 ) ) ;
#1299 = DIRECTION ( 'NONE',  ( 1.000000000000000000, 0.000000000000000000, 0.000000000000000000 ) ) ;
#1300 = LINE ( 'NONE', #10268, #5050 ) ;
#1301 = CARTESIAN_POINT ( 'NONE',  ( -4.923310919208263137, -2.568928495131439060, 0.3937007874015748254 ) ) ;
#1302 = DIRECTION ( 'NONE',  ( 1.000000000000000000, 0.000000000000000000, 0.000000000000000000 ) ) ;
#1303 = ORIENTED_EDGE ( 'NONE', *, *, #8205, .T. ) ;
#1304 = DIRECTION ( 'NONE',  ( -0.000000000000000000, 1.000000000000000000, 0.000000000000000000 ) ) ;
#1305 = AXIS2_PLACEMENT_3D ( 'NONE', #8320, #3785, #7439 ) ;
#1306 = CARTESIAN_POINT ( 'NONE',  ( 2.858207359010677351, -2.698702213475663303, 0.7874015748031496509 ) ) ;
#1307 = VERTEX_POINT ( 'NONE', #3064 ) ;
#1308 = DIRECTION ( 'NONE',  ( 0.000000000000000000, -0.000000000000000000, -1.000000000000000000 ) ) ;
#1309 = VERTEX_POINT ( 'NONE', #192 ) ;
#1310 = B_SPLINE_CURVE_WITH_KNOTS ( 'NONE', 3,
 ( #2754, #8084, #7200, #8265, #10861, #6300, #1733, #2637, #7130, #2574, #9160, #774, #1671, #5530, #2823, #4498 ),
 .UNSPECIFIED., .F., .F.,
 ( 4, 2, 2, 2, 2, 2, 2, 4 ),
 ( 4.135150752174668348E-18, 0.007998640591179027176, 0.01199796088676853383, 0.01399762103456328628, 0.01599728118235804047, 0.02399592177353698091, 0.02799524206912644420, 0.03199456236471591442 ),
 .UNSPECIFIED. ) ;
#1311 = EDGE_CURVE ( 'NONE', #5621, #1248, #9459, .T. ) ;
#1312 = FACE_OUTER_BOUND ( 'NONE', #9839, .T. ) ;
#1313 = VECTOR ( 'NONE', #9593, 39.37007874015748143 ) ;
#1314 = LINE ( 'NONE', #306, #9973 ) ;
#1315 = ORIENTED_EDGE ( 'NONE', *, *, #2809, .T. ) ;
#1316 = VERTEX_POINT ( 'NONE', #4926 ) ;
#1317 = CARTESIAN_POINT ( 'NONE',  ( -5.905511811023623103, -0.3937007874015748254, -0.5905511811023639313 ) ) ;
#1318 = LINE ( 'NONE', #11462, #2217 ) ;
#1319 = ORIENTED_EDGE ( 'NONE', *, *, #9561, .F. ) ;
#1320 = CARTESIAN_POINT ( 'NONE',  ( 4.783372228692591044, 0.000000000000000000, 5.462010897581294877 ) ) ;
#1321 = CARTESIAN_POINT ( 'NONE',  ( -5.118110236220536180, 3.149606299212599492, -5.283063347057058046 ) ) ;
#1322 = EDGE_CURVE ( 'NONE', #11737, #5800, #1265, .T. ) ;
#1323 = CARTESIAN_POINT ( 'NONE',  ( -2.073640607983706641, 3.336583315892183155, 0.3937007874015748254 ) ) ;
#1324 = VECTOR ( 'NONE', #7077, 39.37007874015748143 ) ;
#1325 = VECTOR ( 'NONE', #7927, 39.37007874015748143 ) ;
#1326 = EDGE_CURVE ( 'NONE', #9046, #10560, #6679, .T. ) ;
#1327 = DIRECTION ( 'NONE',  ( 0.000000000000000000, 0.000000000000000000, 1.000000000000000000 ) ) ;
#1328 = VERTEX_POINT ( 'NONE', #10284 ) ;
#1329 = CIRCLE ( 'NONE', #8027, 0.3937007874015751585 ) ;
#1330 = AXIS2_PLACEMENT_3D ( 'NONE', #8020, #896, #1609 ) ;
#1331 = CARTESIAN_POINT ( 'NONE',  ( 4.921259842519685179, 1.683040008805569476, 0.3937007874015748254 ) ) ;
#1332 = EDGE_LOOP ( 'NONE', ( #9691, #2898 ) ) ;
#1333 = CARTESIAN_POINT ( 'NONE',  ( 5.179553741579351112, 9.055118110236220375, 7.445930726915714004 ) ) ;
#1334 = LINE ( 'NONE', #10296, #3935 ) ;
#1335 = EDGE_LOOP ( 'NONE', ( #5687, #10161, #6128, #210 ) ) ;
#1336 = EDGE_CURVE ( 'NONE', #1408, #6030, #1936, .T. ) ;
#1337 = DIRECTION ( 'NONE',  ( -0.000000000000000000, -0.000000000000000000, 1.000000000000000000 ) ) ;
#1338 = LINE ( 'NONE', #10482, #1900 ) ;
#1339 = EDGE_LOOP ( 'NONE', ( #9810, #8106 ) ) ;
#1340 = ORIENTED_EDGE ( 'NONE', *, *, #9587, .F. ) ;
#1341 = VECTOR ( 'NONE', #998, 39.37007874015748143 ) ;
#1342 = DIRECTION ( 'NONE',  ( -0.000000000000000000, -0.000000000000000000, -1.000000000000000000 ) ) ;
#1343 = CYLINDRICAL_SURFACE ( 'NONE', #2400, 0.5905511811023627100 ) ;
#1344 = LENGTH_MEASURE_WITH_UNIT ( LENGTH_MEASURE( 0.02539999999999999897 ), #7768 );
#1345 = ORIENTED_EDGE ( 'NONE', *, *, #6771, .T. ) ;
#1346 = ADVANCED_FACE ( 'NONE', ( #10165 ), #1981, .F. ) ;
#1347 = ORIENTED_EDGE ( 'NONE', *, *, #10654, .F. ) ;
#1348 = AXIS2_PLACEMENT_3D ( 'NONE', #872, #2610, #9128 ) ;
#1349 = DIRECTION ( 'NONE',  ( 0.000000000000000000, -0.000000000000000000, 1.000000000000000000 ) ) ;
#1350 = ADVANCED_FACE ( 'NONE', ( #2224 ), #9294, .T. ) ;
#1351 = SURFACE_SIDE_STYLE ('',( #11492 ) ) ;
#1352 = DIRECTION ( 'NONE',  ( -0.000000000000000000, -0.000000000000000000, 1.000000000000000000 ) ) ;
#1353 = CARTESIAN_POINT ( 'NONE',  ( -3.937007874015811648, 3.149606299212599492, -5.283063347057058046 ) ) ;
#1354 = VERTEX_POINT ( 'NONE', #5660 ) ;
#1355 = LINE ( 'NONE', #7830, #7573 ) ;
#1356 = ORIENTED_EDGE ( 'NONE', *, *, #5249, .F. ) ;
#1357 = CARTESIAN_POINT ( 'NONE',  ( 3.693202048827112893, -6.505936369147187648, 0.000000000000000000 ) ) ;
#1358 = DIRECTION ( 'NONE',  ( 0.000000000000000000, 0.000000000000000000, 1.000000000000000000 ) ) ;
#1359 = EDGE_CURVE ( 'NONE', #5773, #138, #2318, .T. ) ;
#1360 = CARTESIAN_POINT ( 'NONE',  ( -4.985320476270190149, 7.480314960629921295, -7.559072353315134052 ) ) ;
#1361 = CARTESIAN_POINT ( 'NONE',  ( -4.361834186902581401, -5.521684400643249724, 0.000000000000000000 ) ) ;
#1362 = CARTESIAN_POINT ( 'NONE',  ( -3.346456692913384323, 3.937007874015748143, 6.420488492166129824 ) ) ;
#1363 = VERTEX_POINT ( 'NONE', #11107 ) ;
#1364 = ADVANCED_FACE ( 'NONE', ( #8451 ), #5900, .F. ) ;
#1365 = CARTESIAN_POINT ( 'NONE',  ( 4.921259842519685179, 1.683040008805569476, 0.3937007874015748254 ) ) ;
#1366 = EDGE_LOOP ( 'NONE', ( #9640, #4334, #3884, #8647 ) ) ;
#1367 = CARTESIAN_POINT ( 'NONE',  ( -4.591619688868613380, 9.448818897637794478, 8.233332301718867541 ) ) ;
#1368 = ORIENTED_EDGE ( 'NONE', *, *, #11784, .F. ) ;
#1369 = ORIENTED_EDGE ( 'NONE', *, *, #5780, .T. ) ;
#1370 = CARTESIAN_POINT ( 'NONE',  ( -0.4709337523242653201, 7.874015748031496287, -0.04859674123851779465 ) ) ;
#1371 = VERTEX_POINT ( 'NONE', #11178 ) ;
#1372 = AXIS2_PLACEMENT_3D ( 'NONE', #11464, #1508, #6018 ) ;
#1373 = DIRECTION ( 'NONE',  ( -1.000000000000000000, 0.000000000000000000, 0.000000000000000000 ) ) ;
#1374 = LINE ( 'NONE', #6785, #10938 ) ;
#1375 = VERTEX_POINT ( 'NONE', #4863 ) ;
#1376 = ORIENTED_EDGE ( 'NONE', *, *, #6087, .F. ) ;
#1377 = EDGE_CURVE ( 'NONE', #5869, #10248, #1092, .T. ) ;
#1378 = DIMENSIONAL_EXPONENTS ( 1.000000000000000000, 0.000000000000000000, 0.000000000000000000, 0.000000000000000000, 0.000000000000000000, 0.000000000000000000, 0.000000000000000000 ) ;
#1379 = DIRECTION ( 'NONE',  ( -1.000000000000000000, -0.000000000000000000, 1.966319083971647568E-16 ) ) ;
#1380 = CARTESIAN_POINT ( 'NONE',  ( -3.299501261425539234, -6.505936369147188536, 1.968503937007874072 ) ) ;
#1381 = ORIENTED_EDGE ( 'NONE', *, *, #4115, .T. ) ;
#1382 = CARTESIAN_POINT ( 'NONE',  ( -2.703458040287970654, 3.149606299212599492, -7.731481024822778103 ) ) ;
#1383 = CARTESIAN_POINT ( 'NONE',  ( -3.693202048827115558, -2.568928495131439060, 0.7874015748031496509 ) ) ;
#1384 = ORIENTED_EDGE ( 'NONE', *, *, #762, .F. ) ;
#1385 = FACE_OUTER_BOUND ( 'NONE', #1775, .T. ) ;
#1386 = ORIENTED_EDGE ( 'NONE', *, *, #7625, .F. ) ;
#1387 = VECTOR ( 'NONE', #2705, 39.37007874015748143 ) ;
#1388 = VECTOR ( 'NONE', #9331, 39.37007874015748143 ) ;
#1389 = LINE ( 'NONE', #3978, #11114 ) ;
#1390 = EDGE_LOOP ( 'NONE', ( #3620, #10497, #7038, #7621 ) ) ;
#1391 = CARTESIAN_POINT ( 'NONE',  ( -2.703458040287970654, 3.149606299212599492, 5.905511811023622215 ) ) ;
#1392 = ORIENTED_EDGE ( 'NONE', *, *, #3934, .F. ) ;
#1393 = CARTESIAN_POINT ( 'NONE',  ( 3.299501261425539234, -6.505936369147188536, 1.968503937007874072 ) ) ;
#1394 = DIRECTION ( 'NONE',  ( 0.000000000000000000, 0.000000000000000000, 1.000000000000000000 ) ) ;
#1395 = ORIENTED_EDGE ( 'NONE', *, *, #3858, .F. ) ;
#1396 = CIRCLE ( 'NONE', #7334, 0.1968503937007875793 ) ;
#1397 = CARTESIAN_POINT ( 'NONE',  ( -4.184668832571872166, -3.553180463635376096, 0.3937007874015748254 ) ) ;
#1398 = VECTOR ( 'NONE', #9437, 39.37007874015748143 ) ;
#1399 = CARTESIAN_POINT ( 'NONE',  ( -4.923310919208263137, -2.568928495131439060, 0.3937007874015748254 ) ) ;
#1400 = ORIENTED_EDGE ( 'NONE', *, *, #7806, .T. ) ;
#1401 = VERTEX_POINT ( 'NONE', #6621 ) ;
#1402 = CARTESIAN_POINT ( 'NONE',  ( 4.078179144149599367, -0.6432185497264709673, 0.3937007874015748254 ) ) ;
#1403 = ORIENTED_EDGE ( 'NONE', *, *, #11404, .F. ) ;
#1404 = ADVANCED_FACE ( 'NONE', ( #4748 ), #8390, .F. ) ;
#1405 = CIRCLE ( 'NONE', #10924, 0.5905511811023627100 ) ;
#1406 = CARTESIAN_POINT ( 'NONE',  ( 4.361834186902580512, 2.352331347388247451, 0.000000000000000000 ) ) ;
#1407 = ORIENTED_EDGE ( 'NONE', *, *, #1995, .F. ) ;
#1408 = VERTEX_POINT ( 'NONE', #310 ) ;
#1409 = VECTOR ( 'NONE', #2659, 39.37007874015748143 ) ;
#1410 = ORIENTED_EDGE ( 'NONE', *, *, #3214, .F. ) ;
#1411 = EDGE_CURVE ( 'NONE', #7697, #4680, #3971, .T. ) ;
#1412 = AXIS2_PLACEMENT_3D ( 'NONE', #8920, #10800, #3653 ) ;
#1413 = LINE ( 'NONE', #8717, #6042 ) ;
#1414 = DIRECTION ( 'NONE',  ( 1.000000000000000000, 0.000000000000000000, 0.000000000000000000 ) ) ;
#1415 = DIRECTION ( 'NONE',  ( 0.000000000000000000, -1.000000000000000000, 0.000000000000000000 ) ) ;
#1416 = AXIS2_PLACEMENT_3D ( 'NONE', #4141, #7570, #3185 ) ;
#1417 = FACE_BOUND ( 'NONE', #2518, .T. ) ;
#1418 = VECTOR ( 'NONE', #8754, 39.37007874015748143 ) ;
#1419 = EDGE_CURVE ( 'NONE', #9232, #10827, #1866, .T. ) ;
#1420 = AXIS2_PLACEMENT_3D ( 'NONE', #1362, #10504, #345 ) ;
#1421 = DIRECTION ( 'NONE',  ( -0.000000000000000000, -0.000000000000000000, -1.000000000000000000 ) ) ;
#1422 = EDGE_CURVE ( 'NONE', #5475, #2999, #10265, .T. ) ;
#1423 = LINE ( 'NONE', #11499, #2192 ) ;
#1424 = FACE_OUTER_BOUND ( 'NONE', #10539, .T. ) ;
#1425 = VECTOR ( 'NONE', #283, 39.37007874015748143 ) ;
#1426 = AXIS2_PLACEMENT_3D ( 'NONE', #6287, #8191, #8134 ) ;
#1427 = LINE ( 'NONE', #5087, #9630 ) ;
#1428 = DIRECTION ( 'NONE',  ( -0.000000000000000000, -0.000000000000000000, 1.000000000000000000 ) ) ;
#1429 = CARTESIAN_POINT ( 'NONE',  ( -3.693202048827113781, -6.505936369147188536, 0.3937007874015748254 ) ) ;
#1430 = VERTEX_POINT ( 'NONE', #4686 ) ;
#1431 = FACE_OUTER_BOUND ( 'NONE', #987, .T. ) ;
#1432 = EDGE_LOOP ( 'NONE', ( #7444, #9462, #744, #7239 ) ) ;
#1433 = CIRCLE ( 'NONE', #11709, 1.181102362204724310 ) ;
#1434 = DIRECTION ( 'NONE',  ( 1.000000000000000000, 0.000000000000000000, 0.000000000000000000 ) ) ;
#1435 = VERTEX_POINT ( 'NONE', #2886 ) ;
#1436 = LINE ( 'NONE', #6951, #4483 ) ;
#1437 = ORIENTED_EDGE ( 'NONE', *, *, #8332, .T. ) ;
#1438 = VERTEX_POINT ( 'NONE', #8336 ) ;
#1439 = ORIENTED_EDGE ( 'NONE', *, *, #3611, .T. ) ;
#1440 = EDGE_CURVE ( 'NONE', #4046, #6097, #140, .T. ) ;
#1441 = AXIS2_PLACEMENT_3D ( 'NONE', #7356, #7296, #4590 ) ;
#1442 = VECTOR ( 'NONE', #7877, 39.37007874015748143 ) ;
#1443 = CIRCLE ( 'NONE', #1819, 0.1968503937007874127 ) ;
#1444 = EDGE_CURVE ( 'NONE', #3861, #11081, #4806, .T. ) ;
#1445 = DIRECTION ( 'NONE',  ( 0.000000000000000000, -0.000000000000000000, -1.000000000000000000 ) ) ;
#1446 = AXIS2_PLACEMENT_3D ( 'NONE', #2240, #9306, #1162 ) ;
#1447 = CARTESIAN_POINT ( 'NONE',  ( -3.299501261425538345, -10.04924345576135813, 0.3937007874015748254 ) ) ;
#1448 = ORIENTED_EDGE ( 'NONE', *, *, #3044, .T. ) ;
#1449 = CIRCLE ( 'NONE', #5473, 0.08858267716535440928 ) ;
#1450 = VERTEX_POINT ( 'NONE', #2277 ) ;
#1451 = DIRECTION ( 'NONE',  ( -0.000000000000000000, -1.000000000000000000, -0.000000000000000000 ) ) ;
#1452 = DIRECTION ( 'NONE',  ( 0.000000000000000000, 0.000000000000000000, 1.000000000000000000 ) ) ;
#1453 = ORIENTED_EDGE ( 'NONE', *, *, #6075, .F. ) ;
#1454 = CARTESIAN_POINT ( 'NONE',  ( 5.179553741579351112, 9.055118110236220375, -7.165371565913558172 ) ) ;
#1455 = CARTESIAN_POINT ( 'NONE',  ( -3.693202048827115558, -2.568928495131439060, 0.3937007874015748254 ) ) ;
#1456 = CARTESIAN_POINT ( 'NONE',  ( -4.197918901467038388, 9.448818897637794478, -7.952773140716710820 ) ) ;
#1457 = VECTOR ( 'NONE', #9360, 39.37007874015748143 ) ;
#1458 = VERTEX_POINT ( 'NONE', #1506 ) ;
#1459 = AXIS2_PLACEMENT_3D ( 'NONE', #5144, #1358, #2376 ) ;
#1460 = EDGE_CURVE ( 'NONE', #6953, #10187, #7915, .T. ) ;
#1461 = FACE_OUTER_BOUND ( 'NONE', #9642, .T. ) ;
#1462 = ORIENTED_EDGE ( 'NONE', *, *, #6888, .F. ) ;
#1463 = AXIS2_PLACEMENT_3D ( 'NONE', #3123, #248, #3909 ) ;
#1464 = CARTESIAN_POINT ( 'NONE',  ( 3.346456692913386100, 7.480314960629921295, -6.420488492166129824 ) ) ;
#1465 = EDGE_LOOP ( 'NONE', ( #3041, #2071 ) ) ;
#1466 = CARTESIAN_POINT ( 'NONE',  ( 0.000000000000000000, 0.000000000000000000, 0.7874015748031496509 ) ) ;
#1467 = FACE_OUTER_BOUND ( 'NONE', #9703, .T. ) ;
#1468 = VERTEX_POINT ( 'NONE', #7800 ) ;
#1469 = LINE ( 'NONE', #9755, #11503 ) ;
#1470 = DIRECTION ( 'NONE',  ( 1.000000000000000000, 0.000000000000000000, 0.000000000000000000 ) ) ;
#1471 = ORIENTED_EDGE ( 'NONE', *, *, #1444, .F. ) ;
#1472 = AXIS2_PLACEMENT_3D ( 'NONE', #1783, #9100, #7196 ) ;
#1473 = FACE_OUTER_BOUND ( 'NONE', #11397, .T. ) ;
#1474 = DIRECTION ( 'NONE',  ( -1.000000000000000000, 0.000000000000000000, 0.000000000000000000 ) ) ;
#1475 = EDGE_LOOP ( 'NONE', ( #6322, #7201, #11753, #6576 ) ) ;
#1476 = ORIENTED_EDGE ( 'NONE', *, *, #5975, .T. ) ;
#1477 = CARTESIAN_POINT ( 'NONE',  ( -4.197918901467038388, 8.267716535433070391, 0.000000000000000000 ) ) ;
#1478 = CARTESIAN_POINT ( 'NONE',  ( 4.184668832571873942, -3.553180463635375208, 0.000000000000000000 ) ) ;
#1479 = CARTESIAN_POINT ( 'NONE',  ( 0.006488179178569830098, 3.915065883440284278, -6.889763779527559251 ) ) ;
#1480 = LINE ( 'NONE', #10494, #1921 ) ;
#1481 = EDGE_CURVE ( 'NONE', #408, #723, #4255, .T. ) ;
#1482 = EDGE_CURVE ( 'NONE', #1519, #6097, #9510, .T. ) ;
#1483 = CARTESIAN_POINT ( 'NONE',  ( -2.703458040287970654, 3.149606299212599492, 7.086614173228346303 ) ) ;
#1484 = CARTESIAN_POINT ( 'NONE',  ( -7.086614173228347191, -0.3937007874015748254, 0.5905511811023629321 ) ) ;
#1485 = ORIENTED_EDGE ( 'NONE', *, *, #2055, .T. ) ;
#1486 = ORIENTED_EDGE ( 'NONE', *, *, #11104, .T. ) ;
#1487 = DIRECTION ( 'NONE',  ( -1.000000000000000000, -0.000000000000000000, -0.000000000000000000 ) ) ;
#1488 = DIRECTION ( 'NONE',  ( 0.9367259886217318421, 0.000000000000000000, -0.3500634545916481155 ) ) ;
#1489 = DIRECTION ( 'NONE',  ( 0.000000000000000000, 0.000000000000000000, 1.000000000000000000 ) ) ;
#1490 = FACE_OUTER_BOUND ( 'NONE', #11016, .T. ) ;
#1491 = EDGE_CURVE ( 'NONE', #10593, #6743, #9984, .T. ) ;
#1492 = ORIENTED_EDGE ( 'NONE', *, *, #3115, .T. ) ;
#1493 = DIRECTION ( 'NONE',  ( 1.000000000000000000, 0.000000000000000000, 0.000000000000000000 ) ) ;
#1494 = DIRECTION ( 'NONE',  ( -0.000000000000000000, -0.000000000000000000, -1.000000000000000000 ) ) ;
#1495 = ADVANCED_FACE ( 'NONE', ( #7737 ), #9740, .F. ) ;
#1496 = EDGE_LOOP ( 'NONE', ( #5483, #2929, #10261, #6699 ) ) ;
#1497 = CARTESIAN_POINT ( 'NONE',  ( -4.591619688868613380, 9.448818897637794478, 8.233332301718867541 ) ) ;
#1498 = EDGE_LOOP ( 'NONE', ( #11176, #8083, #3107, #2686 ) ) ;
#1499 = ORIENTED_EDGE ( 'NONE', *, *, #1359, .F. ) ;
#1500 = ORIENTED_EDGE ( 'NONE', *, *, #1194, .F. ) ;
#1501 = FACE_OUTER_BOUND ( 'NONE', #11346, .T. ) ;
#1502 = LINE ( 'NONE', #9686, #11510 ) ;
#1503 = ORIENTED_EDGE ( 'NONE', *, *, #5617, .T. ) ;
#1504 = ADVANCED_FACE ( 'NONE', ( #4199 ), #11517, .F. ) ;
#1505 = ORIENTED_EDGE ( 'NONE', *, *, #1076, .T. ) ;
#1506 = CARTESIAN_POINT ( 'NONE',  ( 4.252043450305097672, 3.915065883440284278, 7.501597746311236214 ) ) ;
#1507 = DIRECTION ( 'NONE',  ( -1.000000000000000000, 0.000000000000000000, 0.000000000000000000 ) ) ;
#1508 = DIRECTION ( 'NONE',  ( 0.000000000000000000, 1.000000000000000000, 0.000000000000000000 ) ) ;
#1509 = LINE ( 'NONE', #3422, #9901 ) ;
#1510 = DIRECTION ( 'NONE',  ( 0.000000000000000000, 0.000000000000000000, -1.000000000000000000 ) ) ;
#1511 = FACE_OUTER_BOUND ( 'NONE', #3840, .T. ) ;
#1512 = ORIENTED_EDGE ( 'NONE', *, *, #1735, .F. ) ;
#1513 = EDGE_CURVE ( 'NONE', #3964, #6461, #11575, .T. ) ;
#1514 = DIRECTION ( 'NONE',  ( -0.000000000000000000, -0.000000000000000000, 1.000000000000000000 ) ) ;
#1515 = ORIENTED_EDGE ( 'NONE', *, *, #591, .F. ) ;
#1516 = DIRECTION ( 'NONE',  ( -0.000000000000000000, -0.000000000000000000, -1.000000000000000000 ) ) ;
#1517 = FACE_OUTER_BOUND ( 'NONE', #7986, .T. ) ;
#1518 = VECTOR ( 'NONE', #7995, 39.37007874015748143 ) ;
#1519 = VERTEX_POINT ( 'NONE', #9568 ) ;
#1520 = ADVANCED_FACE ( 'NONE', ( #6015 ), #3301, .T. ) ;
#1521 = LINE ( 'NONE', #8820, #5818 ) ;
#1522 = DIRECTION ( 'NONE',  ( 0.000000000000000000, 0.000000000000000000, 1.000000000000000000 ) ) ;
#1523 = ORIENTED_EDGE ( 'NONE', *, *, #8531, .T. ) ;
#1524 = EDGE_LOOP ( 'NONE', ( #719, #4618 ) ) ;
#1525 = VECTOR ( 'NONE', #3289, 39.37007874015748143 ) ;
#1526 = CARTESIAN_POINT ( 'NONE',  ( -3.693202048827115558, -2.568928495131439060, 0.3937007874015748254 ) ) ;
#1527 = VECTOR ( 'NONE', #9188, 39.37007874015748143 ) ;
#1528 = CARTESIAN_POINT ( 'NONE',  ( -2.073640607983706197, 1.564929772585096579, 0.7874015748031496509 ) ) ;
#1529 = ORIENTED_EDGE ( 'NONE', *, *, #4729, .F. ) ;
#1530 = ORIENTED_EDGE ( 'NONE', *, *, #4489, .F. ) ;
#1531 = DIRECTION ( 'NONE',  ( 1.000000000000000000, 0.000000000000000000, 0.000000000000000000 ) ) ;
#1532 = ADVANCED_FACE ( 'NONE', ( #1555 ), #5037, .F. ) ;
#1533 = DIRECTION ( 'NONE',  ( -1.000000000000000000, 0.000000000000000000, -0.000000000000000000 ) ) ;
#1534 = VECTOR ( 'NONE', #1434, 39.37007874015748143 ) ;
#1535 = CARTESIAN_POINT ( 'NONE',  ( -4.273251509737226783, -11.42719621166687105, 0.000000000000000000 ) ) ;
#1536 = FACE_BOUND ( 'NONE', #239, .T. ) ;
#1537 = ORIENTED_EDGE ( 'NONE', *, *, #9696, .F. ) ;
#1538 = CARTESIAN_POINT ( 'NONE',  ( 0.006488179178569830098, 3.937007874015748143, 6.889763779527559251 ) ) ;
#1539 = LINE ( 'NONE', #4124, #9835 ) ;
#1540 = VECTOR ( 'NONE', #7708, 39.37007874015748143 ) ;
#1541 = EDGE_CURVE ( 'NONE', #178, #8099, #8620, .T. ) ;
#1542 = PLANE ( 'NONE',  #10384 ) ;
#1543 = ORIENTED_EDGE ( 'NONE', *, *, #776, .F. ) ;
#1544 = DIRECTION ( 'NONE',  ( 2.921639538487253768E-16, 1.000000000000000000, -0.000000000000000000 ) ) ;
#1545 = DIRECTION ( 'NONE',  ( -0.000000000000000000, -1.000000000000000000, -0.000000000000000000 ) ) ;
#1546 = ORIENTED_EDGE ( 'NONE', *, *, #5228, .F. ) ;
#1547 = CARTESIAN_POINT ( 'NONE',  ( 3.346456692913386100, 7.480314960629921295, -6.420488492166129824 ) ) ;
#1548 = ORIENTED_EDGE ( 'NONE', *, *, #8214, .T. ) ;
#1549 = ORIENTED_EDGE ( 'NONE', *, *, #11131, .F. ) ;
#1550 = FACE_BOUND ( 'NONE', #8801, .T. ) ;
#1551 = EDGE_CURVE ( 'NONE', #3794, #10741, #6712, .T. ) ;
#1552 = DIRECTION ( 'NONE',  ( 1.000000000000000000, 1.110223024625156146E-15, -0.000000000000000000 ) ) ;
#1553 = CIRCLE ( 'NONE', #9387, 0.1968503937007875793 ) ;
#1554 = ORIENTED_EDGE ( 'NONE', *, *, #10493, .T. ) ;
#1555 = FACE_OUTER_BOUND ( 'NONE', #11336, .T. ) ;
#1556 = DIRECTION ( 'NONE',  ( 0.000000000000000000, 0.000000000000000000, 1.000000000000000000 ) ) ;
#1557 = EDGE_CURVE ( 'NONE', #819, #8766, #5108, .T. ) ;
#1558 = CARTESIAN_POINT ( 'NONE',  ( 3.653534954903999488, -1.306301163389676168, 0.000000000000000000 ) ) ;
#1559 = CARTESIAN_POINT ( 'NONE',  ( 2.467341395385281633, 1.564929772585096579, 0.3937007874015748254 ) ) ;
#1560 = DIRECTION ( 'NONE',  ( -0.000000000000000000, -0.000000000000000000, 1.000000000000000000 ) ) ;
#1561 = ADVANCED_FACE ( 'NONE', ( #6130 ), #11350, .F. ) ;
#1562 = EDGE_CURVE ( 'NONE', #6006, #784, #10460, .T. ) ;
#1563 = CARTESIAN_POINT ( 'NONE',  ( 3.560428057591566997, 3.168267873820385105, 0.3937007874015748254 ) ) ;
#1564 = ORIENTED_EDGE ( 'NONE', *, *, #915, .T. ) ;
#1565 = CARTESIAN_POINT ( 'NONE',  ( 0.5905511811023621549, 0.000000000000000000, 9.055118110236220375 ) ) ;
#1566 = ORIENTED_EDGE ( 'NONE', *, *, #6306, .T. ) ;
#1567 = DIRECTION ( 'NONE',  ( 0.000000000000000000, 0.000000000000000000, 1.000000000000000000 ) ) ;
#1568 = DIRECTION ( 'NONE',  ( 3.559243557031707296E-15, -1.000000000000000000, 0.000000000000000000 ) ) ;
#1569 = EDGE_CURVE ( 'NONE', #7611, #4421, #2402, .T. ) ;
#1570 = VERTEX_POINT ( 'NONE', #4320 ) ;
#1571 = CARTESIAN_POINT ( 'NONE',  ( -4.519676687187463848, 0.008763934312793467477, 0.000000000000000000 ) ) ;
#1572 = DIRECTION ( 'NONE',  ( -1.000000000000000000, -0.000000000000000000, -0.000000000000000000 ) ) ;
#1573 = ORIENTED_EDGE ( 'NONE', *, *, #7061, .F. ) ;
#1574 = EDGE_CURVE ( 'NONE', #4894, #504, #6293, .T. ) ;
#1575 = CARTESIAN_POINT ( 'NONE',  ( 3.346456692913386100, 3.937007874015748143, -6.420488492166129824 ) ) ;
#1576 = ADVANCED_FACE ( 'NONE', ( #65, #713, #9961, #10736, #8077, #6424, #5524, #3655, #11687 ), #11754, .T. ) ;
#1577 = LINE ( 'NONE', #6154, #8325 ) ;
#1578 = DIRECTION ( 'NONE',  ( 1.000000000000000000, 0.000000000000000000, 0.000000000000000000 ) ) ;
#1579 = ORIENTED_EDGE ( 'NONE', *, *, #5602, .T. ) ;
#1580 = AXIS2_PLACEMENT_3D ( 'NONE', #4090, #318, #1327 ) ;
#1581 = VERTEX_POINT ( 'NONE', #2566 ) ;
#1582 = CARTESIAN_POINT ( 'NONE',  ( -3.560428057591566997, -12.24313273809901048, 0.3937007874015748254 ) ) ;
#1583 = DIRECTION ( 'NONE',  ( 0.000000000000000000, 0.000000000000000000, 1.000000000000000000 ) ) ;
#1584 =( CONVERSION_BASED_UNIT ( 'INCH', #7672 ) LENGTH_UNIT ( ) NAMED_UNIT ( #4295 ) );
#1585 = ORIENTED_EDGE ( 'NONE', *, *, #6509, .T. ) ;
#1586 = CARTESIAN_POINT ( 'NONE',  ( 3.693202048827119999, -10.44294424316293224, 0.3937007874015748254 ) ) ;
#1587 = CARTESIAN_POINT ( 'NONE',  ( 0.006488179178569830098, 3.937007874015748143, -6.889763779527559251 ) ) ;
#1588 = VECTOR ( 'NONE', #9866, 39.37007874015748143 ) ;
#1589 = LINE ( 'NONE', #5255, #10209 ) ;
#1590 = VERTEX_POINT ( 'NONE', #6239 ) ;
#1591 = EDGE_CURVE ( 'NONE', #11640, #8683, #1782, .T. ) ;
#1592 = CARTESIAN_POINT ( 'NONE',  ( -3.850385348604786984, -1.306301163389676168, 0.3937007874015748254 ) ) ;
#1593 = DIRECTION ( 'NONE',  ( -0.000000000000000000, -1.000000000000000000, -0.000000000000000000 ) ) ;
#1594 = CARTESIAN_POINT ( 'NONE',  ( 4.273251509737228560, -3.553180463635375208, 0.000000000000000000 ) ) ;
#1595 = VECTOR ( 'NONE', #2206, 39.37007874015748143 ) ;
#1596 = EDGE_LOOP ( 'NONE', ( #9824, #8235, #5974, #8248 ) ) ;
#1597 = AXIS2_PLACEMENT_3D ( 'NONE', #11170, #3004, #3963 ) ;
#1598 = LINE ( 'NONE', #8910, #1690 ) ;
#1599 = CARTESIAN_POINT ( 'NONE',  ( -4.361834186902581401, -5.521684400643249724, 0.000000000000000000 ) ) ;
#1600 = DIRECTION ( 'NONE',  ( -0.000000000000000000, 1.000000000000000000, -0.000000000000000000 ) ) ;
#1601 = CIRCLE ( 'NONE', #644, 0.1968503937007875793 ) ;
#1602 = VECTOR ( 'NONE', #8308, 39.37007874015748143 ) ;
#1603 = AXIS2_PLACEMENT_3D ( 'NONE', #2432, #6762, #7776 ) ;
#1604 = FACE_BOUND ( 'NONE', #2140, .T. ) ;
#1605 = CARTESIAN_POINT ( 'NONE',  ( -4.591619688868615157, 8.267716535433070391, 7.577239534397965492 ) ) ;
#1606 = VECTOR ( 'NONE', #8605, 39.37007874015748143 ) ;
#1607 = DIRECTION ( 'NONE',  ( 0.000000000000000000, 0.000000000000000000, -1.000000000000000000 ) ) ;
#1608 = EDGE_LOOP ( 'NONE', ( #6132, #1166, #1976, #11589, #7726, #10193, #9609, #6440, #11068, #8997, #5332, #6857, #5345, #554, #4466, #10892, #3771, #7699, #6882, #3514 ) ) ;
#1609 = DIRECTION ( 'NONE',  ( -1.110223024625156146E-15, 1.000000000000000000, 0.000000000000000000 ) ) ;
#1610 = LINE ( 'NONE', #8923, #5872 ) ;
#1611 = AXIS2_PLACEMENT_3D ( 'NONE', #4893, #7536, #157 ) ;
#1612 = LINE ( 'NONE', #10739, #5402 ) ;
#1613 = DIRECTION ( 'NONE',  ( -1.000000000000000000, 0.000000000000000000, 0.000000000000000000 ) ) ;
#1614 = VECTOR ( 'NONE', #3096, 39.37007874015748854 ) ;
#1616 = VERTEX_POINT ( 'NONE', #6295 ) ;
#1615 = AXIS2_PLACEMENT_3D ( 'NONE', #9066, #9883, #629 ) ;
#1617 = CARTESIAN_POINT ( 'NONE',  ( 0.000000000000000000, 0.000000000000000000, 0.7874015748031496509 ) ) ;
#1618 = ADVANCED_FACE ( 'NONE', ( #5280 ), #9030, .F. ) ;
#1619 = AXIS2_PLACEMENT_3D ( 'NONE', #5246, #8891, #7994 ) ;
#1620 = VECTOR ( 'NONE', #11288, 39.37007874015748854 ) ;
#1621 = AXIS2_PLACEMENT_3D ( 'NONE', #7700, #6818, #7767 ) ;
#1622 = LINE ( 'NONE', #6088, #10551 ) ;
#1623 = ORIENTED_EDGE ( 'NONE', *, *, #10811, .F. ) ;
#1624 = DIRECTION ( 'NONE',  ( 0.000000000000000000, 0.000000000000000000, 1.000000000000000000 ) ) ;
#1625 = VERTEX_POINT ( 'NONE', #9852 ) ;
#1626 = DIRECTION ( 'NONE',  ( -0.000000000000000000, -1.000000000000000000, -0.000000000000000000 ) ) ;
#1627 = CIRCLE ( 'NONE', #7580, 0.3937007874015751585 ) ;
#1628 = CARTESIAN_POINT ( 'NONE',  ( -5.905511811023623103, -0.3937007874015748254, 0.5905511811023624880 ) ) ;
#1629 = EDGE_CURVE ( 'NONE', #6439, #11309, #9542, .T. ) ;
#1630 = ORIENTED_EDGE ( 'NONE', *, *, #6158, .T. ) ;
#1631 = DIRECTION ( 'NONE',  ( 1.000000000000000000, 0.000000000000000000, 0.000000000000000000 ) ) ;
#1632 = DIRECTION ( 'NONE',  ( 0.000000000000000000, 0.000000000000000000, 1.000000000000000000 ) ) ;
#1633 = EDGE_CURVE ( 'NONE', #9713, #6821, #10856, .T. ) ;
#1634 = AXIS2_PLACEMENT_3D ( 'NONE', #6730, #5488, #3059 ) ;
#1635 = ORIENTED_EDGE ( 'NONE', *, *, #5444, .F. ) ;
#1636 = VECTOR ( 'NONE', #5461, 39.37007874015748143 ) ;
#1637 = CYLINDRICAL_SURFACE ( 'NONE', #8903, 0.3937007874015746034 ) ;
#1638 = FACE_OUTER_BOUND ( 'NONE', #3685, .T. ) ;
#1639 = CARTESIAN_POINT ( 'NONE',  ( 36.97776619943028464, 30.74889284742803852, 40.49498872769580515 ) ) ;
#1640 = ORIENTED_EDGE ( 'NONE', *, *, #9813, .T. ) ;
#1641 = ORIENTED_EDGE ( 'NONE', *, *, #227, .T. ) ;
#1642 = DIRECTION ( 'NONE',  ( 0.000000000000000000, 0.000000000000000000, 1.000000000000000000 ) ) ;
#1643 = ADVANCED_FACE ( 'NONE', ( #8922 ), #3718, .F. ) ;
#1644 = CARTESIAN_POINT ( 'NONE',  ( -4.921259842519680738, -10.44294424316293757, 0.3937007874015748254 ) ) ;
#1645 = AXIS2_PLACEMENT_3D ( 'NONE', #2748, #9908, #1729 ) ;
#1646 = LINE ( 'NONE', #7290, #7677 ) ;
#1647 = CARTESIAN_POINT ( 'NONE',  ( 4.923310919208258696, -6.505936369147187648, 0.3937007874015748254 ) ) ;
#1648 = EDGE_CURVE ( 'NONE', #784, #672, #3476, .T. ) ;
#1649 = DIRECTION ( 'NONE',  ( -1.156482317317871478E-16, 0.000000000000000000, 1.000000000000000000 ) ) ;
#1650 = FACE_OUTER_BOUND ( 'NONE', #4409, .T. ) ;
#1651 = CARTESIAN_POINT ( 'NONE',  ( 3.693202048827113781, -10.44294424316293224, 1.968503937007874072 ) ) ;
#1652 = ORIENTED_EDGE ( 'NONE', *, *, #9433, .F. ) ;
#1653 = DIRECTION ( 'NONE',  ( 1.000000000000000000, 0.000000000000000000, 0.000000000000000000 ) ) ;
#1654 = EDGE_CURVE ( 'NONE', #7839, #6055, #3228, .T. ) ;
#1655 = EDGE_LOOP ( 'NONE', ( #3990, #4002, #6673, #7938 ) ) ;
#1656 = CARTESIAN_POINT ( 'NONE',  ( -4.197918901467038388, 7.874015748031496287, -7.165371565913558172 ) ) ;
#1657 = APPLICATION_CONTEXT ( 'automotive_design' ) ;
#1658 = LINE ( 'NONE', #1599, #10500 ) ;
#1659 = DIRECTION ( 'NONE',  ( 0.000000000000000000, 1.000000000000000000, 0.000000000000000000 ) ) ;
#1660 = EDGE_CURVE ( 'NONE', #4632, #444, #10985, .T. ) ;
#1661 = ORIENTED_EDGE ( 'NONE', *, *, #3125, .T. ) ;
#1662 = LINE ( 'NONE', #5328, #11174 ) ;
#1663 = CARTESIAN_POINT ( 'NONE',  ( -4.273251509737226783, -3.553180463635376096, 0.000000000000000000 ) ) ;
#1664 = CARTESIAN_POINT ( 'NONE',  ( 4.921259842519688732, -10.44294424316293224, 0.3937007874015748254 ) ) ;
#1665 = ORIENTED_EDGE ( 'NONE', *, *, #268, .T. ) ;
#1666 = CARTESIAN_POINT ( 'NONE',  ( 4.273251509737226783, -11.42719621166687283, 0.000000000000000000 ) ) ;
#1667 = CARTESIAN_POINT ( 'NONE',  ( 0.1968503937007873017, 0.8331594030294345865, 0.3937007874015748254 ) ) ;
#1668 = DIRECTION ( 'NONE',  ( -0.000000000000000000, 1.000000000000000000, -0.000000000000000000 ) ) ;
#1669 = CARTESIAN_POINT ( 'NONE',  ( -6.496062992125986035, 3.937007874015748143, -0.3937007874015751585 ) ) ;
#1670 = VERTEX_POINT ( 'NONE', #7195 ) ;
#1671 = CARTESIAN_POINT ( 'NONE',  ( 5.109945307337783404, 0.9751338332732921721, 4.781016653423190377 ) ) ;
#1672 = EDGE_CURVE ( 'NONE', #4046, #11013, #10836, .T. ) ;
#1674 = ORIENTED_EDGE ( 'NONE', *, *, #4842, .T. ) ;
#1673 = PRODUCT ( 'Chassis Part 2 (Partie de dessus)', 'Chassis Part 2 (Partie de dessus)', '', ( #9404 ) ) ;
#1675 = ORIENTED_EDGE ( 'NONE', *, *, #8720, .T. ) ;
#1676 = CARTESIAN_POINT ( 'NONE',  ( 0.006488179178569830098, 3.937007874015748143, -6.692913385826771311 ) ) ;
#1677 = ORIENTED_EDGE ( 'NONE', *, *, #10457, .T. ) ;
#1678 = ORIENTED_EDGE ( 'NONE', *, *, #3187, .F. ) ;
#1679 = DIRECTION ( 'NONE',  ( -2.891205793294678326E-16, -1.000000000000000000, 0.000000000000000000 ) ) ;
#1680 = CARTESIAN_POINT ( 'NONE',  ( 6.104413281412985448, -5.127983613241675620, 0.3937007874015748254 ) ) ;
#1681 = ORIENTED_EDGE ( 'NONE', *, *, #4783, .T. ) ;
#1682 = CARTESIAN_POINT ( 'NONE',  ( -2.778641590709042930, 3.915065883440284278, -7.972440944881890701 ) ) ;
#1683 = AXIS2_PLACEMENT_3D ( 'NONE', #4130, #5021, #5887 ) ;
#1684 = DIRECTION ( 'NONE',  ( 1.000000000000000000, 0.000000000000000000, 0.000000000000000000 ) ) ;
#1685 = ORIENTED_EDGE ( 'NONE', *, *, #614, .F. ) ;
#1686 = CARTESIAN_POINT ( 'NONE',  ( 3.693202048827112893, -6.505936369147187648, 0.3937007874015748254 ) ) ;
#1687 = PLANE ( 'NONE',  #5859 ) ;
#1688 = DIRECTION ( 'NONE',  ( -6.982962677686266711E-15, -1.000000000000000000, 1.047444401652944740E-14 ) ) ;
#1689 = ORIENTED_EDGE ( 'NONE', *, *, #3425, .T. ) ;
#1690 = VECTOR ( 'NONE', #703, 39.37007874015748143 ) ;
#1691 = DIRECTION ( 'NONE',  ( 0.000000000000000000, 1.000000000000000000, 0.000000000000000000 ) ) ;
#1692 = ADVANCED_FACE ( 'NONE', ( #1728 ), #2694, .F. ) ;
#1693 = ORIENTED_EDGE ( 'NONE', *, *, #2219, .F. ) ;
#1694 = LINE ( 'NONE', #864, #6012 ) ;
#1695 = DIRECTION ( 'NONE',  ( 0.000000000000000000, 0.000000000000000000, -1.000000000000000000 ) ) ;
#1696 = CARTESIAN_POINT ( 'NONE',  ( -0.5905511811023621549, -13.59255054237553573, 0.000000000000000000 ) ) ;
#1697 = SURFACE_STYLE_USAGE ( .BOTH. , #6209 ) ;
#1698 = EDGE_CURVE ( 'NONE', #178, #2194, #4491, .T. ) ;
#1699 = EDGE_CURVE ( 'NONE', #8418, #6994, #6359, .T. ) ;
#1700 = CYLINDRICAL_SURFACE ( 'NONE', #2489, 1.181102362204724976 ) ;
#1701 = FACE_OUTER_BOUND ( 'NONE', #8064, .T. ) ;
#1702 = ORIENTED_EDGE ( 'NONE', *, *, #2583, .T. ) ;
#1703 = VECTOR ( 'NONE', #11578, 39.37007874015748143 ) ;
#1704 = VECTOR ( 'NONE', #4220, 39.37007874015748143 ) ;
#1705 = DIRECTION ( 'NONE',  ( 0.000000000000000000, -1.000000000000000000, 0.000000000000000000 ) ) ;
#1706 = ADVANCED_FACE ( 'NONE', ( #10915 ), #2747, .F. ) ;
#1707 = ORIENTED_EDGE ( 'NONE', *, *, #3862, .F. ) ;
#1708 = CARTESIAN_POINT ( 'NONE',  ( -0.5905511811023620439, -0.3937007874015748254, 7.874015748031495399 ) ) ;
#1709 = FACE_OUTER_BOUND ( 'NONE', #10277, .T. ) ;
#1710 = EDGE_LOOP ( 'NONE', ( #6786, #4098, #8427, #255 ) ) ;
#1711 = EDGE_CURVE ( 'NONE', #13, #185, #1969, .T. ) ;
#1712 = ORIENTED_EDGE ( 'NONE', *, *, #10730, .F. ) ;
#1713 = AXIS2_PLACEMENT_3D ( 'NONE', #11691, #4613, #10037 ) ;
#1714 = CARTESIAN_POINT ( 'NONE',  ( -5.905511811023623103, -0.3937007874015748254, -0.5905511811023639313 ) ) ;
#1715 = EDGE_LOOP ( 'NONE', ( #10554, #4747, #2374, #5801 ) ) ;
#1716 = CYLINDRICAL_SURFACE ( 'NONE', #8575, 0.1968503937007874127 ) ;
#1717 = VERTEX_POINT ( 'NONE', #1012 ) ;
#1718 = CARTESIAN_POINT ( 'NONE',  ( 4.078179144149599367, -0.6432185497264709673, 0.000000000000000000 ) ) ;
#1719 = LINE ( 'NONE', #11620, #2758 ) ;
#1720 = EDGE_LOOP ( 'NONE', ( #10880, #4597, #9202, #359 ) ) ;
#1721 = CIRCLE ( 'NONE', #3266, 0.3937007874015746034 ) ;
#1722 = EDGE_CURVE ( 'NONE', #6238, #4283, #10323, .T. ) ;
#1723 = CARTESIAN_POINT ( 'NONE',  ( -4.273251509737226783, -11.42719621166687105, 0.3937007874015748254 ) ) ;
#1724 = EDGE_CURVE ( 'NONE', #876, #5991, #11036, .T. ) ;
#1725 = DIRECTION ( 'NONE',  ( 0.000000000000000000, -1.000000000000000000, 0.000000000000000000 ) ) ;
#1726 = CYLINDRICAL_SURFACE ( 'NONE', #11126, 1.181102362204724310 ) ;
#1727 = ORIENTED_EDGE ( 'NONE', *, *, #7392, .T. ) ;
#1728 = FACE_OUTER_BOUND ( 'NONE', #9946, .T. ) ;
#1729 = DIRECTION ( 'NONE',  ( 1.000000000000000000, 0.000000000000000000, 0.000000000000000000 ) ) ;
#1730 = FACE_OUTER_BOUND ( 'NONE', #11634, .T. ) ;
#1731 = FACE_OUTER_BOUND ( 'NONE', #1496, .T. ) ;
#1732 = ORIENTED_EDGE ( 'NONE', *, *, #5228, .T. ) ;
#1733 = CARTESIAN_POINT ( 'NONE',  ( 5.050836257229468274, 0.5164912491910803594, 5.031236738111472206 ) ) ;
#1734 = ORIENTED_EDGE ( 'NONE', *, *, #2676, .F. ) ;
#1735 = EDGE_CURVE ( 'NONE', #1230, #11051, #9384, .T. ) ;
#1736 = CARTESIAN_POINT ( 'NONE',  ( 4.392152166776199351, 8.267716535433070391, 7.577239534397965492 ) ) ;
#1737 = EDGE_LOOP ( 'NONE', ( #8823, #11777, #584, #4073, #3300 ) ) ;
#1738 = VERTEX_POINT ( 'NONE', #8378 ) ;
#1739 = LINE ( 'NONE', #3489, #8646 ) ;
#1740 = DIRECTION ( 'NONE',  ( 1.000000000000000000, 0.000000000000000000, 0.000000000000000000 ) ) ;
#1741 = VERTEX_POINT ( 'NONE', #5582 ) ;
#1742 = CARTESIAN_POINT ( 'NONE',  ( -5.110809061095259231, 0.9775025310760580011, 4.782431956020547936 ) ) ;
#1743 = LINE ( 'NONE', #8878, #2099 ) ;
#1744 = ORIENTED_EDGE ( 'NONE', *, *, #1569, .T. ) ;
#1745 = DIRECTION ( 'NONE',  ( 1.000000000000000000, 0.000000000000000000, 0.000000000000000000 ) ) ;
#1746 = CLOSED_SHELL ( 'NONE', ( #1784, #11738, #5999, #6952, #7066, #8968, #1561, #1776, #10083, #1504, #11571, #1922, #4502, #7075, #11260, #3798, #11765, #3295, #10101, #6761, #6337, #1837, #3683, #3566, #9271, #2498, #7404, #1129, #3330, #8736, #9764, #1770, #7784, #4429, #11534, #9293, #11115, #2807, #11715, #2135, #10523, #1346, #8984, #9865, #10250, #2509, #1532, #5756, #11695, #6559, #3267, #9893, #4942, #8250, #6844, #4326, #1152, #4333, #7638, #8385, #6696, #7884, #8031, #6988, #547, #8182, #2881, #8892, #2508, #9800, #9517, #7448, #2874, #10761, #5519, #4627, #8677, #10538, #834, #2473, #827, #5172, #5751, #7550, #4939, #6056, #7811, #8587, #4160, #8013, #10688, #5398, #1350, #3467, #2395, #4906, #3142, #4820, #11680, #1933, #1108, #11468, #7136, #8354, #9594, #5533, #7204, #5117, #4059, #2955, #10413, #8773, #10620, #2832, #9869, #11241, #2740, #3761, #10496, #9599, #2373, #3181, #1404, #11522, #145, #4635, #8075, #4194, #10631, #3033, #11400, #7234, #8805, #5191, #1202, #5545, #10862, #382, #3975, #10767, #4623, #4238, #7203, #11773, #1364, #2656, #5934, #4412 ) ) ;
#1747 = PLANE ( 'NONE',  #299 ) ;
#1748 = ORIENTED_EDGE ( 'NONE', *, *, #1058, .T. ) ;
#1749 =( CONVERSION_BASED_UNIT ( 'INCH', #2657 ) LENGTH_UNIT ( ) NAMED_UNIT ( #5298 ) );
#1750 = ORIENTED_EDGE ( 'NONE', *, *, #8960, .F. ) ;
#1751 = CARTESIAN_POINT ( 'NONE',  ( -0.5905511811023621549, 4.517685678096908575, 0.000000000000000000 ) ) ;
#1752 = LINE ( 'NONE', #6327, #3742 ) ;
#1753 = CARTESIAN_POINT ( 'NONE',  ( 3.346456692913386100, 7.480314960629921295, -5.829937311063766892 ) ) ;
#1754 = DIRECTION ( 'NONE',  ( 1.000000000000000000, 0.000000000000000000, 0.000000000000000000 ) ) ;
#1755 = DIRECTION ( 'NONE',  ( -1.000000000000000000, -0.000000000000000000, -0.000000000000000000 ) ) ;
#1756 = EDGE_LOOP ( 'NONE', ( #7280, #2452, #5938, #9751 ) ) ;
#1757 = EDGE_CURVE ( 'NONE', #5800, #1458, #4792, .T. ) ;
#1758 = CARTESIAN_POINT ( 'NONE',  ( 2.073640607983706641, 3.336583315892183155, 0.7874015748031496509 ) ) ;
#1759 = VERTEX_POINT ( 'NONE', #10089 ) ;
#1760 = EDGE_LOOP ( 'NONE', ( #599, #3723, #8944, #2755 ) ) ;
#1761 = CARTESIAN_POINT ( 'NONE',  ( -3.693202048827116002, 1.368079378884309083, 0.7874015748031496509 ) ) ;
#1762 = DIRECTION ( 'NONE',  ( -0.000000000000000000, -0.000000000000000000, -1.000000000000000000 ) ) ;
#1763 = EDGE_CURVE ( 'NONE', #6515, #8859, #3959, .T. ) ;
#1764 = ORIENTED_EDGE ( 'NONE', *, *, #10196, .F. ) ;
#1765 = ORIENTED_EDGE ( 'NONE', *, *, #8359, .T. ) ;
#1766 = PRODUCT_DEFINITION_SHAPE ( 'NONE', 'NONE',  #1175 ) ;
#1767 = PLANE ( 'NONE',  #9812 ) ;
#1768 = ORIENTED_EDGE ( 'NONE', *, *, #2867, .F. ) ;
#1769 = CARTESIAN_POINT ( 'NONE',  ( -1.258335327127414915, 9.448818897637794478, -0.04859674123851779465 ) ) ;
#1770 = ADVANCED_FACE ( 'NONE', ( #9211 ), #7618, .F. ) ;
#1771 = CARTESIAN_POINT ( 'NONE',  ( -3.299501261425538789, -10.44294424316293224, 1.968503937007874072 ) ) ;
#1772 = EDGE_LOOP ( 'NONE', ( #10609, #1148, #6819, #8795, #5003, #3779 ) ) ;
#1773 = FACE_OUTER_BOUND ( 'NONE', #9890, .T. ) ;
#1774 = CIRCLE ( 'NONE', #7534, 0.08858267716535440928 ) ;
#1775 = EDGE_LOOP ( 'NONE', ( #6126, #4019, #2565, #10544 ) ) ;
#1776 = ADVANCED_FACE ( 'NONE', ( #2872 ), #3841, .F. ) ;
#1777 = CARTESIAN_POINT ( 'NONE',  ( 4.724409448818901680, 0.000000000000000000, 5.965761340813557467 ) ) ;
#1778 = VECTOR ( 'NONE', #11424, 39.37007874015748143 ) ;
#1779 = DIRECTION ( 'NONE',  ( 0.000000000000000000, 0.000000000000000000, 1.000000000000000000 ) ) ;
#1780 = CARTESIAN_POINT ( 'NONE',  ( -4.921259842519685179, 1.683040008805569476, 0.000000000000000000 ) ) ;
#1781 = ORIENTED_EDGE ( 'NONE', *, *, #6178, .F. ) ;
#1782 = LINE ( 'NONE', #2632, #1124 ) ;
#1783 = CARTESIAN_POINT ( 'NONE',  ( 5.179553741579349335, 3.915065883440284278, -8.302883640152913358 ) ) ;
#1784 = ADVANCED_FACE ( 'NONE', ( #5644 ), #6540, .F. ) ;
#1785 = DIRECTION ( 'NONE',  ( 0.000000000000000000, 0.000000000000000000, 1.000000000000000000 ) ) ;
#1786 = CARTESIAN_POINT ( 'NONE',  ( -6.104413281412983672, -3.946881251036951976, 0.000000000000000000 ) ) ;
#1787 = ORIENTED_EDGE ( 'NONE', *, *, #5203, .F. ) ;
#1788 = CARTESIAN_POINT ( 'NONE',  ( 5.905511811023623103, 0.000000000000000000, -0.5905511811023639313 ) ) ;
#1789 = EDGE_LOOP ( 'NONE', ( #3097, #1996, #9420, #3021 ) ) ;
#1790 = AXIS2_PLACEMENT_3D ( 'NONE', #7376, #893, #4664 ) ;
#1791 = ADVANCED_FACE ( 'NONE', ( #7558, #3000 ), #11222, .F. ) ;
#1792 = ADVANCED_FACE ( 'NONE', ( #11093 ), #179, .F. ) ;
#1793 = VECTOR ( 'NONE', #4243, 39.37007874015748143 ) ;
#1794 = CARTESIAN_POINT ( 'NONE',  ( -4.591619688868616045, 8.267716535433070391, -7.206675219446472269 ) ) ;
#1795 = ORIENTED_EDGE ( 'NONE', *, *, #3454, .F. ) ;
#1796 = VECTOR ( 'NONE', #3834, 39.37007874015748143 ) ;
#1797 = AXIS2_PLACEMENT_3D ( 'NONE', #2778, #8226, #10942 ) ;
#1798 = CIRCLE ( 'NONE', #10586, 0.3937007874015751585 ) ;
#1799 = EDGE_LOOP ( 'NONE', ( #3698, #3562, #475, #1276 ) ) ;
#1800 = LINE ( 'NONE', #1865, #8073 ) ;
#1801 = CARTESIAN_POINT ( 'NONE',  ( 3.192102363848786872, 3.915065883440284278, 7.897707860576847594 ) ) ;
#1802 = ORIENTED_EDGE ( 'NONE', *, *, #4263, .T. ) ;
#1803 = DIRECTION ( 'NONE',  ( 0.000000000000000000, 0.000000000000000000, -1.000000000000000000 ) ) ;
#1804 = VECTOR ( 'NONE', #7826, 39.37007874015748143 ) ;
#1805 = FACE_OUTER_BOUND ( 'NONE', #3693, .T. ) ;
#1806 = EDGE_CURVE ( 'NONE', #10451, #4283, #6604, .T. ) ;
#1807 = VECTOR ( 'NONE', #7759, 39.37007874015748143 ) ;
#1808 = AXIS2_PLACEMENT_3D ( 'NONE', #9130, #7949, #6162 ) ;
#1809 = VECTOR ( 'NONE', #10834, 39.37007874015748143 ) ;
#1810 = CARTESIAN_POINT ( 'NONE',  ( -4.923310919208258696, -6.505936369147188536, 0.3937007874015748254 ) ) ;
#1811 = DIRECTION ( 'NONE',  ( 1.000000000000000000, 0.000000000000000000, 0.000000000000000000 ) ) ;
#1812 = CARTESIAN_POINT ( 'NONE',  ( 28.43126317995583818, 30.74889284742825524, 54.27451628675093076 ) ) ;
#1813 = EDGE_LOOP ( 'NONE', ( #7538, #189, #11700, #4931 ) ) ;
#1814 = AXIS2_PLACEMENT_3D ( 'NONE', #3508, #4577, #6388 ) ;
#1815 = ORIENTED_EDGE ( 'NONE', *, *, #1186, .T. ) ;
#1816 = DIRECTION ( 'NONE',  ( 0.000000000000000000, 1.000000000000000000, -0.000000000000000000 ) ) ;
#1817 = CARTESIAN_POINT ( 'NONE',  ( 0.5905511811023643753, -0.3937007874015748254, -9.055118110236220375 ) ) ;
#1818 = VECTOR ( 'NONE', #3989, 39.37007874015748143 ) ;
#1819 = AXIS2_PLACEMENT_3D ( 'NONE', #11017, #8357, #105 ) ;
#1820 = CARTESIAN_POINT ( 'NONE',  ( 4.273251509737228560, -3.553180463635375208, 0.000000000000000000 ) ) ;
#1821 = FACE_OUTER_BOUND ( 'NONE', #9134, .T. ) ;
#1822 = LINE ( 'NONE', #9999, #7095 ) ;
#1823 = EDGE_CURVE ( 'NONE', #1570, #10532, #4014, .T. ) ;
#1824 = EDGE_LOOP ( 'NONE', ( #5034, #10697 ) ) ;
#1825 = VECTOR ( 'NONE', #5901, 39.37007874015748143 ) ;
#1826 = DIRECTION ( 'NONE',  ( 7.862016376373061085E-15, 0.000000000000000000, 1.000000000000000000 ) ) ;
#1827 = EDGE_LOOP ( 'NONE', ( #31, #3949, #7917, #2475 ) ) ;
#1828 = VERTEX_POINT ( 'NONE', #1188 ) ;
#1829 = VECTOR ( 'NONE', #1846, 39.37007874015748143 ) ;
#1830 = DIRECTION ( 'NONE',  ( -0.000000000000000000, 1.000000000000000000, -0.000000000000000000 ) ) ;
#1831 = DIRECTION ( 'NONE',  ( -0.000000000000000000, -0.000000000000000000, -1.000000000000000000 ) ) ;
#1832 = ORIENTED_EDGE ( 'NONE', *, *, #822, .F. ) ;
#1833 = EDGE_LOOP ( 'NONE', ( #6401, #5481, #7026, #470 ) ) ;
#1834 = AXIS2_PLACEMENT_3D ( 'NONE', #1884, #10885, #151 ) ;
#1835 = ORIENTED_EDGE ( 'NONE', *, *, #10126, .F. ) ;
#1836 = DIRECTION ( 'NONE',  ( 0.000000000000000000, 0.000000000000000000, -1.000000000000000000 ) ) ;
#1837 = ADVANCED_FACE ( 'NONE', ( #5711 ), #4848, .F. ) ;
#1838 = EDGE_CURVE ( 'NONE', #1828, #1309, #8492, .T. ) ;
#1839 = VERTEX_POINT ( 'NONE', #4185 ) ;
#1840 = CARTESIAN_POINT ( 'NONE',  ( -2.952755905511811108, 3.336583315892183155, 0.3937007874015748254 ) ) ;
#1841 = DIRECTION ( 'NONE',  ( -0.000000000000000000, -1.000000000000000000, -0.000000000000000000 ) ) ;
#1842 = ORIENTED_EDGE ( 'NONE', *, *, #6248, .F. ) ;
#1843 = DIRECTION ( 'NONE',  ( -0.000000000000000000, 1.000000000000000000, -0.000000000000000000 ) ) ;
#1844 = EDGE_LOOP ( 'NONE', ( #10064, #6192, #9846, #3086, #11423, #2615, #8090, #2976, #4799, #11448, #7273, #2289, #11232, #7670, #7064, #8410 ) ) ;
#1845 = AXIS2_PLACEMENT_3D ( 'NONE', #4764, #438, #2002 ) ;
#1846 = DIRECTION ( 'NONE',  ( 1.000000000000000000, 0.000000000000000000, 0.000000000000000000 ) ) ;
#1847 = EDGE_CURVE ( 'NONE', #10050, #2533, #4066, .T. ) ;
#1848 = DIRECTION ( 'NONE',  ( -0.000000000000000000, -0.000000000000000000, -1.000000000000000000 ) ) ;
#1849 = DIRECTION ( 'NONE',  ( -1.000000000000000000, 0.000000000000000000, 0.000000000000000000 ) ) ;
#1850 = CARTESIAN_POINT ( 'NONE',  ( 5.179553741579351112, 9.448818897637794478, 7.839631514317289884 ) ) ;
#1851 = EDGE_CURVE ( 'NONE', #2739, #8202, #8770, .T. ) ;
#1852 = VERTEX_POINT ( 'NONE', #9502 ) ;
#1853 = CARTESIAN_POINT ( 'NONE',  ( 3.740157480314960647, -10.75790487308419685, 0.3937007874015748254 ) ) ;
#1854 = CARTESIAN_POINT ( 'NONE',  ( 0.000000000000000000, -0.3937007874015748254, 0.000000000000000000 ) ) ;
#1855 = DIRECTION ( 'NONE',  ( -1.000000000000000000, -0.000000000000000000, -0.000000000000000000 ) ) ;
#1856 = DIRECTION ( 'NONE',  ( 0.000000000000000000, -1.000000000000000000, 0.000000000000000000 ) ) ;
#1857 = EDGE_LOOP ( 'NONE', ( #2023, #5924, #5731, #391 ) ) ;
#1858 = FACE_BOUND ( 'NONE', #4640, .T. ) ;
#1859 = ORIENTED_EDGE ( 'NONE', *, *, #5526, .T. ) ;
#1860 = EDGE_CURVE ( 'NONE', #2612, #7145, #4245, .T. ) ;
#1861 = ADVANCED_FACE ( 'NONE', ( #7840, #638 ), #10446, .F. ) ;
#1862 = CYLINDRICAL_SURFACE ( 'NONE', #7132, 0.08858267716535496439 ) ;
#1863 = ORIENTED_EDGE ( 'NONE', *, *, #11204, .F. ) ;
#1864 = ORIENTED_EDGE ( 'NONE', *, *, #2939, .F. ) ;
#1865 = CARTESIAN_POINT ( 'NONE',  ( -4.197918901467038388, 9.055118110236220375, -7.165371565913558172 ) ) ;
#1866 = CIRCLE ( 'NONE', #3603, 0.1968503937007875793 ) ;
#1867 = DIRECTION ( 'NONE',  ( 0.000000000000000000, -1.000000000000000000, 0.000000000000000000 ) ) ;
#1868 = ORIENTED_EDGE ( 'NONE', *, *, #2939, .T. ) ;
#1869 = ORIENTED_EDGE ( 'NONE', *, *, #3616, .F. ) ;
#1870 = CARTESIAN_POINT ( 'NONE',  ( 0.5905511811023620439, -12.41144818017081342, 0.000000000000000000 ) ) ;
#1871 = LINE ( 'NONE', #9176, #6312 ) ;
#1872 = PRODUCT_DEFINITION_SHAPE ( 'NONE', 'NONE',  #11749 ) ;
#1873 = EDGE_CURVE ( 'NONE', #2603, #11516, #407, .T. ) ;
#1874 = DIRECTION ( 'NONE',  ( 1.000000000000000000, 0.000000000000000000, 0.000000000000000000 ) ) ;
#1875 = CONTEXT_DEPENDENT_SHAPE_REPRESENTATION ( #6348, #6379 ) ;
#1876 = VERTEX_POINT ( 'NONE', #1365 ) ;
#1877 = FACE_OUTER_BOUND ( 'NONE', #4451, .T. ) ;
#1878 = ADVANCED_FACE ( 'NONE', ( #6842 ), #2211, .F. ) ;
#1879 = ORIENTED_EDGE ( 'NONE', *, *, #9874, .T. ) ;
#1880 = DIRECTION ( 'NONE',  ( -1.000000000000000000, 0.000000000000000000, 4.047688110612550544E-16 ) ) ;
#1881 = CARTESIAN_POINT ( 'NONE',  ( -4.591619688868616045, 9.448818897637794478, -7.559072353315135828 ) ) ;
#1882 = AXIS2_PLACEMENT_3D ( 'NONE', #2323, #1304, #6066 ) ;
#1883 = FILL_AREA_STYLE ('',( #7742 ) ) ;
#1884 = CARTESIAN_POINT ( 'NONE',  ( -3.740157480314960647, -10.75790487308419685, 0.3937007874015748254 ) ) ;
#1885 = FACE_OUTER_BOUND ( 'NONE', #2904, .T. ) ;
#1886 = ORIENTED_EDGE ( 'NONE', *, *, #7729, .T. ) ;
#1887 = VECTOR ( 'NONE', #9950, 39.37007874015748143 ) ;
#1888 = PLANE ( 'NONE',  #2201 ) ;
#1889 = EDGE_LOOP ( 'NONE', ( #6277, #721, #1894, #1005 ) ) ;
#1890 = VERTEX_POINT ( 'NONE', #3351 ) ;
#1891 = DIRECTION ( 'NONE',  ( -0.000000000000000000, -0.000000000000000000, -1.000000000000000000 ) ) ;
#1892 = ORIENTED_EDGE ( 'NONE', *, *, #2843, .T. ) ;
#1893 = EDGE_CURVE ( 'NONE', #6365, #2169, #7722, .T. ) ;
#1894 = ORIENTED_EDGE ( 'NONE', *, *, #10342, .T. ) ;
#1895 = DIRECTION ( 'NONE',  ( 0.000000000000000000, 0.000000000000000000, 1.000000000000000000 ) ) ;
#1896 = ORIENTED_EDGE ( 'NONE', *, *, #9578, .F. ) ;
#1897 = DIRECTION ( 'NONE',  ( 0.000000000000000000, 0.000000000000000000, -1.000000000000000000 ) ) ;
#1898 = ORIENTED_EDGE ( 'NONE', *, *, #8972, .T. ) ;
#1899 = AXIS2_PLACEMENT_3D ( 'NONE', #5422, #11726, #1533 ) ;
#1900 = VECTOR ( 'NONE', #2243, 39.37007874015748143 ) ;
#1901 = LINE ( 'NONE', #10202, #1341 ) ;
#1902 = LINE ( 'NONE', #9375, #7567 ) ;
#1903 = ORIENTED_EDGE ( 'NONE', *, *, #3966, .T. ) ;
#1904 = CARTESIAN_POINT ( 'NONE',  ( 4.184668832571872166, -11.42719621166687283, 0.000000000000000000 ) ) ;
#1905 = VERTEX_POINT ( 'NONE', #3226 ) ;
#1906 = CARTESIAN_POINT ( 'NONE',  ( -5.019685039370078705, 3.937007874015748143, -6.395228468411556122 ) ) ;
#1907 = AXIS2_PLACEMENT_3D ( 'NONE', #7198, #6298, #4494 ) ;
#1908 = VECTOR ( 'NONE', #8145, 39.37007874015748143 ) ;
#1909 = DIRECTION ( 'NONE',  ( 0.000000000000000000, 0.000000000000000000, -1.000000000000000000 ) ) ;
#1910 = CARTESIAN_POINT ( 'NONE',  ( -0.5905511811023600455, -0.3937007874015748254, -9.055118110236220375 ) ) ;
#1911 = DIRECTION ( 'NONE',  ( -0.000000000000000000, -1.000000000000000000, -0.000000000000000000 ) ) ;
#1912 = ORIENTED_EDGE ( 'NONE', *, *, #4568, .F. ) ;
#1913 = CARTESIAN_POINT ( 'NONE',  ( -2.858207359010676019, -6.438859693790624839, 0.7874015748031496509 ) ) ;
#1914 = DIRECTION ( 'NONE',  ( -1.000000000000000000, -0.000000000000000000, -0.000000000000000000 ) ) ;
#1915 = LINE ( 'NONE', #5583, #4831 ) ;
#1916 = CYLINDRICAL_SURFACE ( 'NONE', #10108, 1.181102362204724310 ) ;
#1917 = ORIENTED_EDGE ( 'NONE', *, *, #11075, .T. ) ;
#1918 = ORIENTED_EDGE ( 'NONE', *, *, #3792, .T. ) ;
#1919 = FACE_BOUND ( 'NONE', #11188, .T. ) ;
#1920 = ORIENTED_EDGE ( 'NONE', *, *, #4809, .F. ) ;
#1921 = VECTOR ( 'NONE', #6827, 39.37007874015748143 ) ;
#1922 = ADVANCED_FACE ( 'NONE', ( #5946 ), #8844, .F. ) ;
#1923 = DIRECTION ( 'NONE',  ( 1.000000000000000000, 0.000000000000000000, 0.000000000000000000 ) ) ;
#1924 = ORIENTED_EDGE ( 'NONE', *, *, #538, .T. ) ;
#1925 = EDGE_CURVE ( 'NONE', #7078, #11352, #5092, .T. ) ;
#1926 = AXIS2_PLACEMENT_3D ( 'NONE', #4459, #7997, #5368 ) ;
#1927 = ORIENTED_EDGE ( 'NONE', *, *, #2299, .T. ) ;
#1928 = CARTESIAN_POINT ( 'NONE',  ( -4.519676687187463848, 0.008763934312793467477, 0.3937007874015748254 ) ) ;
#1929 = DIRECTION ( 'NONE',  ( 1.000000000000000000, 0.000000000000000000, 0.000000000000000000 ) ) ;
#1930 = CARTESIAN_POINT ( 'NONE',  ( 4.783372228692591044, 3.149606299212599492, 5.462010897581294877 ) ) ;
#1931 = ORIENTED_EDGE ( 'NONE', *, *, #1165, .F. ) ;
#1932 = CARTESIAN_POINT ( 'NONE',  ( -5.016213874479761969, 0.000000000000000000, 5.118110236220468678 ) ) ;
#1933 = ADVANCED_FACE ( 'NONE', ( #2441 ), #8668, .F. ) ;
#1934 = CARTESIAN_POINT ( 'NONE',  ( 4.078179144149599367, -0.6432185497264709673, 0.000000000000000000 ) ) ;
#1935 = EDGE_CURVE ( 'NONE', #723, #4499, #6000, .T. ) ;
#1936 = CIRCLE ( 'NONE', #5588, 0.1968503937007873017 ) ;
#1937 = CARTESIAN_POINT ( 'NONE',  ( -2.467341395385281633, -10.63979463686372284, 0.7874015748031496509 ) ) ;
#1938 = ITEM_DEFINED_TRANSFORMATION ( 'NONE', 'NONE', #4298,  #7171 ) ;
#1939 = VERTEX_POINT ( 'NONE', #11279 ) ;
#1940 = ORIENTED_EDGE ( 'NONE', *, *, #9638, .T. ) ;
#1941 = FACE_OUTER_BOUND ( 'NONE', #2683, .T. ) ;
#1942 = CARTESIAN_POINT ( 'NONE',  ( -4.519676687187463848, 0.008763934312793467477, 0.3937007874015748254 ) ) ;
#1943 = LINE ( 'NONE', #1040, #3828 ) ;
#1944 = CARTESIAN_POINT ( 'NONE',  ( -2.778641590709038045, 3.937007874015748143, 7.972440944881888036 ) ) ;
#1945 = ADVANCED_FACE ( 'NONE', ( #469 ), #6897, .F. ) ;
#1946 = CARTESIAN_POINT ( 'NONE',  ( -2.778641590709038489, 3.937007874015748143, 6.692913385826771311 ) ) ;
#1947 = VERTEX_POINT ( 'NONE', #11449 ) ;
#1948 = EDGE_CURVE ( 'NONE', #148, #1570, #9729, .T. ) ;
#1949 = CARTESIAN_POINT ( 'NONE',  ( -4.197918901467038388, 7.874015748031496287, 8.233332301718865764 ) ) ;
#1950 = VERTEX_POINT ( 'NONE', #5206 ) ;
#1951 = CYLINDRICAL_SURFACE ( 'NONE', #3364, 0.3937007874015751030 ) ;
#1952 = VERTEX_POINT ( 'NONE', #9608 ) ;
#1953 = ORIENTED_EDGE ( 'NONE', *, *, #2804, .F. ) ;
#1954 = CARTESIAN_POINT ( 'NONE',  ( -2.778641590709042930, 0.000000000000000000, -7.874015748031498063 ) ) ;
#1955 = ORIENTED_EDGE ( 'NONE', *, *, #3695, .F. ) ;
#1956 = PLANE ( 'NONE',  #1131 ) ;
#1957 = CARTESIAN_POINT ( 'NONE',  ( 0.1968503937007882731, -7.034450261923434589, 0.3937007874015748254 ) ) ;
#1958 = LINE ( 'NONE', #5807, #9631 ) ;
#1959 = ORIENTED_EDGE ( 'NONE', *, *, #1051, .T. ) ;
#1960 = ADVANCED_FACE ( 'NONE', ( #7894, #1431 ), #5150, .T. ) ;
#1961 = LINE ( 'NONE', #11028, #3346 ) ;
#1962 = AXIS2_PLACEMENT_3D ( 'NONE', #11474, #3314, #669 ) ;
#1963 = FACE_OUTER_BOUND ( 'NONE', #10452, .T. ) ;
#1964 = DIRECTION ( 'NONE',  ( -1.000000000000000000, 0.000000000000000000, -0.000000000000000000 ) ) ;
#1965 = LINE ( 'NONE', #9274, #2161 ) ;
#1966 = FACE_OUTER_BOUND ( 'NONE', #3203, .T. ) ;
#1967 = ORIENTED_EDGE ( 'NONE', *, *, #11345, .F. ) ;
#1968 = VECTOR ( 'NONE', #11583, 39.37007874015748143 ) ;
#1969 = LINE ( 'NONE', #6721, #5925 ) ;
#1970 = DIRECTION ( 'NONE',  ( -1.000000000000000000, 0.000000000000000000, 0.000000000000000000 ) ) ;
#1971 = VECTOR ( 'NONE', #8432, 39.37007874015748143 ) ;
#1972 = DIRECTION ( 'NONE',  ( 1.387778780781446464E-15, -1.000000000000000000, -0.000000000000000000 ) ) ;
#1973 = DIRECTION ( 'NONE',  ( 0.000000000000000000, 0.000000000000000000, -1.000000000000000000 ) ) ;
#1974 = ORIENTED_EDGE ( 'NONE', *, *, #2257, .T. ) ;
#1975 = CARTESIAN_POINT ( 'NONE',  ( -4.921259842519685179, -10.75790487308419685, 0.3937007874015748254 ) ) ;
#1976 = ORIENTED_EDGE ( 'NONE', *, *, #3275, .F. ) ;
#1977 = AXIS2_PLACEMENT_3D ( 'NONE', #9811, #505, #1631 ) ;
#1978 = DIRECTION ( 'NONE',  ( 0.000000000000000000, 0.000000000000000000, 1.000000000000000000 ) ) ;
#1979 = VERTEX_POINT ( 'NONE', #11616 ) ;
#1980 = ORIENTED_EDGE ( 'NONE', *, *, #1591, .T. ) ;
#1981 = PLANE ( 'NONE',  #778 ) ;
#1982 = DIRECTION ( 'NONE',  ( 0.000000000000000000, 0.000000000000000000, -1.000000000000000000 ) ) ;
#1983 = CARTESIAN_POINT ( 'NONE',  ( 0.000000000000000000, 0.000000000000000000, 0.000000000000000000 ) ) ;
#1984 = EDGE_CURVE ( 'NONE', #9711, #3146, #11743, .T. ) ;
#1985 = VECTOR ( 'NONE', #10084, 39.37007874015748143 ) ;
#1986 = CIRCLE ( 'NONE', #6394, 0.3937007874015751585 ) ;
#1987 = DIRECTION ( 'NONE',  ( -0.000000000000000000, 0.000000000000000000, -1.000000000000000000 ) ) ;
#1988 = VECTOR ( 'NONE', #1880, 39.37007874015748143 ) ;
#1989 = DIRECTION ( 'NONE',  ( 0.000000000000000000, 1.000000000000000000, 0.000000000000000000 ) ) ;
#1990 = CIRCLE ( 'NONE', #10936, 0.3937007874015746034 ) ;
#1991 = VECTOR ( 'NONE', #9326, 39.37007874015748143 ) ;
#1992 = AXIS2_PLACEMENT_3D ( 'NONE', #3590, #5446, #10725 ) ;
#1993 = CARTESIAN_POINT ( 'NONE',  ( -4.273251509737226783, -5.521684400643249724, 0.000000000000000000 ) ) ;
#1994 = ORIENTED_EDGE ( 'NONE', *, *, #9889, .F. ) ;
#1995 = EDGE_CURVE ( 'NONE', #1230, #10760, #4475, .T. ) ;
#1996 = ORIENTED_EDGE ( 'NONE', *, *, #7093, .T. ) ;
#1997 = CARTESIAN_POINT ( 'NONE',  ( 4.921259842519685179, -10.75790487308419685, 0.3937007874015748254 ) ) ;
#1998 = VECTOR ( 'NONE', #4845, 39.37007874015748143 ) ;
#1999 = DIRECTION ( 'NONE',  ( 0.000000000000000000, -1.000000000000000000, 0.000000000000000000 ) ) ;
#2000 = EDGE_CURVE ( 'NONE', #4826, #3964, #4895, .T. ) ;
#2001 = LENGTH_MEASURE_WITH_UNIT ( LENGTH_MEASURE( 0.02539999999999999897 ), #10947 );
#2002 = DIRECTION ( 'NONE',  ( -5.551115123125780730E-16, -1.000000000000000000, 0.000000000000000000 ) ) ;
#2003 =( GEOMETRIC_REPRESENTATION_CONTEXT ( 3 ) GLOBAL_UNCERTAINTY_ASSIGNED_CONTEXT ( ( #8173 ) ) GLOBAL_UNIT_ASSIGNED_CONTEXT ( ( #7418, #10429, #6101 ) ) REPRESENTATION_CONTEXT ( 'NONE', 'WORKASPACE' ) );
#2004 = CARTESIAN_POINT ( 'NONE',  ( -2.703458040287970654, 3.149606299212599492, -6.550378662618052239 ) ) ;
#2005 = VECTOR ( 'NONE', #5429, 39.37007874015748143 ) ;
#2006 = VECTOR ( 'NONE', #1830, 39.37007874015748143 ) ;
#2007 = ORIENTED_EDGE ( 'NONE', *, *, #2609, .F. ) ;
#2008 = AXIS2_PLACEMENT_3D ( 'NONE', #3680, #33, #11658 ) ;
#2009 = DIRECTION ( 'NONE',  ( 1.000000000000000000, 6.167905692361975631E-16, -0.000000000000000000 ) ) ;
#2010 = ORIENTED_EDGE ( 'NONE', *, *, #6524, .F. ) ;
#2011 = EDGE_LOOP ( 'NONE', ( #2386, #4701 ) ) ;
#2012 = DIRECTION ( 'NONE',  ( -0.000000000000000000, 1.000000000000000000, 0.000000000000000000 ) ) ;
#2013 = DIRECTION ( 'NONE',  ( -0.000000000000000000, -0.000000000000000000, 1.000000000000000000 ) ) ;
#2014 = ORIENTED_EDGE ( 'NONE', *, *, #392, .F. ) ;
#2015 = EDGE_CURVE ( 'NONE', #2548, #984, #11591, .T. ) ;
#2016 = CARTESIAN_POINT ( 'NONE',  ( 2.703458040287970654, 0.000000000000000000, 5.905511811023622215 ) ) ;
#2017 = AXIS2_PLACEMENT_3D ( 'NONE', #7678, #5896, #5774 ) ;
#2018 = CIRCLE ( 'NONE', #3551, 1.181102362204724310 ) ;
#2019 = ORIENTED_EDGE ( 'NONE', *, *, #7292, .T. ) ;
#2020 = DIRECTION ( 'NONE',  ( 1.804112415015880956E-15, -1.000000000000000000, 0.000000000000000000 ) ) ;
#2021 = ORIENTED_EDGE ( 'NONE', *, *, #1113, .T. ) ;
#2022 = LINE ( 'NONE', #4776, #8964 ) ;
#2023 = ORIENTED_EDGE ( 'NONE', *, *, #3275, .T. ) ;
#2024 = CARTESIAN_POINT ( 'NONE',  ( 3.693202048827112893, -6.505936369147187648, 0.3937007874015748254 ) ) ;
#2025 = DIRECTION ( 'NONE',  ( 1.000000000000000000, -0.000000000000000000, 0.000000000000000000 ) ) ;
#2026 = VERTEX_POINT ( 'NONE', #8129 ) ;
#2027 = PLANE ( 'NONE',  #5063 ) ;
#2028 = ORIENTED_EDGE ( 'NONE', *, *, #1724, .T. ) ;
#2029 = LINE ( 'NONE', #4730, #305 ) ;
#2030 = AXIS2_PLACEMENT_3D ( 'NONE', #1267, #6553, #1929 ) ;
#2031 = EDGE_CURVE ( 'NONE', #1401, #1213, #757, .T. ) ;
#2032 = CARTESIAN_POINT ( 'NONE',  ( 2.467341395385281633, -10.63979463686372284, 0.7874015748031496509 ) ) ;
#2033 = DIRECTION ( 'NONE',  ( 1.000000000000000000, 0.000000000000000000, 0.000000000000000000 ) ) ;
#2034 = CARTESIAN_POINT ( 'NONE',  ( -3.684478356748024819, -0.6432185497264709673, 0.3937007874015748254 ) ) ;
#2035 = EDGE_LOOP ( 'NONE', ( #4413, #6510, #2341, #4188 ) ) ;
#2036 = EDGE_CURVE ( 'NONE', #10044, #215, #737, .T. ) ;
#2037 = DIRECTION ( 'NONE',  ( -0.000000000000000000, -1.000000000000000000, -0.000000000000000000 ) ) ;
#2038 = CARTESIAN_POINT ( 'NONE',  ( -7.086614173228347191, -0.3937007874015748254, 0.5905511811023629321 ) ) ;
#2039 = LINE ( 'NONE', #7440, #9776 ) ;
#2040 = FACE_OUTER_BOUND ( 'NONE', #10646, .T. ) ;
#2041 = DIRECTION ( 'NONE',  ( 1.000000000000000000, 0.000000000000000000, 0.000000000000000000 ) ) ;
#2042 = VERTEX_POINT ( 'NONE', #7059 ) ;
#2043 = STYLED_ITEM ( 'NONE', ( #2819 ), #6368 ) ;
#2044 = LINE ( 'NONE', #3673, #11724 ) ;
#2045 = LINE ( 'NONE', #1794, #9598 ) ;
#2046 = VERTEX_POINT ( 'NONE', #886 ) ;
#2047 = EDGE_LOOP ( 'NONE', ( #1623, #9196 ) ) ;
#2048 = EDGE_CURVE ( 'NONE', #9566, #794, #4767, .T. ) ;
#2049 = DIRECTION ( 'NONE',  ( 0.000000000000000000, -1.000000000000000000, 0.000000000000000000 ) ) ;
#2050 = DIRECTION ( 'NONE',  ( 0.000000000000000000, 0.000000000000000000, -1.000000000000000000 ) ) ;
#2051 = DIRECTION ( 'NONE',  ( 0.000000000000000000, 0.000000000000000000, -1.000000000000000000 ) ) ;
#2052 = ORIENTED_EDGE ( 'NONE', *, *, #4933, .F. ) ;
#2053 = LINE ( 'NONE', #7687, #2359 ) ;
#2054 = DIRECTION ( 'NONE',  ( -1.000000000000000000, 0.000000000000000000, 0.000000000000000000 ) ) ;
#2055 = EDGE_CURVE ( 'NONE', #6666, #3898, #10794, .T. ) ;
#2056 = DIRECTION ( 'NONE',  ( -0.000000000000000000, 1.000000000000000000, -0.000000000000000000 ) ) ;
#2057 = ITEM_DEFINED_TRANSFORMATION ( 'NONE', 'NONE', #3357,  #7171 ) ;
#2058 = EDGE_LOOP ( 'NONE', ( #3996, #736, #7753, #10489 ) ) ;
#2059 = ORIENTED_EDGE ( 'NONE', *, *, #4359, .T. ) ;
#2060 = DIRECTION ( 'NONE',  ( 0.000000000000000000, 1.000000000000000000, 0.000000000000000000 ) ) ;
#2061 = DIRECTION ( 'NONE',  ( 0.000000000000000000, -1.000000000000000000, 0.000000000000000000 ) ) ;
#2062 = DIRECTION ( 'NONE',  ( -1.156482317317872465E-16, -1.000000000000000000, -0.000000000000000000 ) ) ;
#2063 = CYLINDRICAL_SURFACE ( 'NONE', #187, 0.08858267716535440928 ) ;
#2064 = VECTOR ( 'NONE', #9348, 39.37007874015748143 ) ;
#2065 = ORIENTED_EDGE ( 'NONE', *, *, #8028, .T. ) ;
#2066 = DIRECTION ( 'NONE',  ( -0.000000000000000000, -0.000000000000000000, -1.000000000000000000 ) ) ;
#2067 = EDGE_CURVE ( 'NONE', #5621, #4667, #10846, .T. ) ;
#2068 = ORIENTED_EDGE ( 'NONE', *, *, #5235, .F. ) ;
#2069 = CARTESIAN_POINT ( 'NONE',  ( 0.000000000000000000, -0.3937007874015748254, 8.464566929133857442 ) ) ;
#2070 = FACE_BOUND ( 'NONE', #8340, .T. ) ;
#2071 = ORIENTED_EDGE ( 'NONE', *, *, #1654, .F. ) ;
#2072 = ORIENTED_EDGE ( 'NONE', *, *, #5464, .F. ) ;
#2073 = EDGE_CURVE ( 'NONE', #4619, #4989, #6346, .T. ) ;
#2074 = EDGE_CURVE ( 'NONE', #2800, #10990, #3524, .T. ) ;
#2075 = DIRECTION ( 'NONE',  ( -0.000000000000000000, -1.000000000000000000, -0.000000000000000000 ) ) ;
#2076 = DIRECTION ( 'NONE',  ( -0.8574929257125443183, -0.5144957554275262357, 0.000000000000000000 ) ) ;
#2077 = ORIENTED_EDGE ( 'NONE', *, *, #8515, .F. ) ;
#2078 = FACE_OUTER_BOUND ( 'NONE', #1857, .T. ) ;
#2079 = CARTESIAN_POINT ( 'NONE',  ( 3.937007874015811648, 3.149606299212599492, 4.638196495462627134 ) ) ;
#2080 = ORIENTED_EDGE ( 'NONE', *, *, #6073, .F. ) ;
#2081 = AXIS2_PLACEMENT_3D ( 'NONE', #295, #9334, #7671 ) ;
#2082 = EDGE_CURVE ( 'NONE', #5625, #5475, #1598, .T. ) ;
#2083 = CARTESIAN_POINT ( 'NONE',  ( 0.006488179178569830098, 3.915065883440284278, 6.889763779527559251 ) ) ;
#2084 = ORIENTED_EDGE ( 'NONE', *, *, #10481, .F. ) ;
#2085 = EDGE_CURVE ( 'NONE', #4346, #6147, #3465, .T. ) ;
#2086 = DIRECTION ( 'NONE',  ( -0.000000000000000000, 1.000000000000000000, -0.000000000000000000 ) ) ;
#2087 = DIRECTION ( 'NONE',  ( 0.000000000000000000, -1.000000000000000000, 0.000000000000000000 ) ) ;
#2089 = CARTESIAN_POINT ( 'NONE',  ( 4.785852954177774343, 7.480314960629921295, -7.952773140716710820 ) ) ;
#2088 = CIRCLE ( 'NONE', #3238, 0.5905511811023627100 ) ;
#2090 = FACE_OUTER_BOUND ( 'NONE', #11271, .T. ) ;
#2091 = VERTEX_POINT ( 'NONE', #2734 ) ;
#2092 = CARTESIAN_POINT ( 'NONE',  ( 3.192102363848786872, 3.915065883440284278, 7.897707860576847594 ) ) ;
#2093 = CARTESIAN_POINT ( 'NONE',  ( 3.560428057591566997, -12.24313273809901048, 0.3937007874015748254 ) ) ;
#2094 = DIRECTION ( 'NONE',  ( 0.000000000000000000, 0.000000000000000000, 1.000000000000000000 ) ) ;
#2095 = DIRECTION ( 'NONE',  ( 0.000000000000000000, 0.000000000000000000, -1.000000000000000000 ) ) ;
#2096 = EDGE_LOOP ( 'NONE', ( #5759, #3702 ) ) ;
#2097 = EDGE_CURVE ( 'NONE', #514, #10468, #7455, .T. ) ;
#2098 = VECTOR ( 'NONE', #6085, 39.37007874015748143 ) ;
#2099 = VECTOR ( 'NONE', #729, 39.37007874015748143 ) ;
#2100 = EDGE_CURVE ( 'NONE', #9198, #8830, #3614, .T. ) ;
#2101 = CARTESIAN_POINT ( 'NONE',  ( 5.905511811023623103, -0.3937007874015748254, -0.5905511811023639313 ) ) ;
#2102 = CARTESIAN_POINT ( 'NONE',  ( 0.5905511811023620439, 0.000000000000000000, 7.874015748031495399 ) ) ;
#2103 = ORIENTED_EDGE ( 'NONE', *, *, #2177, .F. ) ;
#2104 = ORIENTED_EDGE ( 'NONE', *, *, #3214, .T. ) ;
#2105 = CARTESIAN_POINT ( 'NONE',  ( 0.4737032289015790099, 7.874015748031496287, -0.04859674123851762811 ) ) ;
#2106 = DIRECTION ( 'NONE',  ( -0.000000000000000000, 1.000000000000000000, -0.000000000000000000 ) ) ;
#2107 = VECTOR ( 'NONE', #1494, 39.37007874015748143 ) ;
#2108 = ORIENTED_EDGE ( 'NONE', *, *, #3773, .T. ) ;
#2109 = PLANE ( 'NONE',  #11496 ) ;
#2110 = ADVANCED_FACE ( 'NONE', ( #10016 ), #1716, .F. ) ;
#2111 = AXIS2_PLACEMENT_3D ( 'NONE', #165, #3947, #9263 ) ;
#2112 = DIRECTION ( 'NONE',  ( 0.000000000000000000, 0.000000000000000000, 1.000000000000000000 ) ) ;
#2113 = APPLICATION_PROTOCOL_DEFINITION ( 'draft international standard', 'automotive_design', 1998, #2273 ) ;
#2114 = ORIENTED_EDGE ( 'NONE', *, *, #802, .F. ) ;
#2115 = ORIENTED_EDGE ( 'NONE', *, *, #9587, .T. ) ;
#2116 = CARTESIAN_POINT ( 'NONE',  ( -4.361834186902580512, 2.352331347388246119, 0.3937007874015748254 ) ) ;
#2117 = DIRECTION ( 'NONE',  ( -0.000000000000000000, -0.000000000000000000, -1.000000000000000000 ) ) ;
#2118 = CARTESIAN_POINT ( 'NONE',  ( -2.073640607983705308, -12.41144818017080986, 0.7874015748031496509 ) ) ;
#2119 = LINE ( 'NONE', #1045, #4584 ) ;
#2120 = ORIENTED_EDGE ( 'NONE', *, *, #5496, .T. ) ;
#2121 = EDGE_LOOP ( 'NONE', ( #4348, #8982, #3544, #8563 ) ) ;
#2122 = SHAPE_REPRESENTATION ( 'Carrosserie Part 2', ( #7171 ), #2568 ) ;
#2123 = LINE ( 'NONE', #2975, #5270 ) ;
#2124 = VERTEX_POINT ( 'NONE', #1656 ) ;
#2125 = ORIENTED_EDGE ( 'NONE', *, *, #9374, .T. ) ;
#2126 = DIRECTION ( 'NONE',  ( 1.000000000000000000, 1.156482317317872465E-16, -0.000000000000000000 ) ) ;
#2127 = CARTESIAN_POINT ( 'NONE',  ( -4.273251509737226783, -11.42719621166687105, 0.000000000000000000 ) ) ;
#2128 = EDGE_LOOP ( 'NONE', ( #6519, #11686 ) ) ;
#2129 = AXIS2_PLACEMENT_3D ( 'NONE', #7693, #4878, #10179 ) ;
#2130 = ORIENTED_EDGE ( 'NONE', *, *, #1491, .T. ) ;
#2131 = CARTESIAN_POINT ( 'NONE',  ( -5.905511811023618662, 3.937007874015748143, 5.965761340813562796 ) ) ;
#2132 = CARTESIAN_POINT ( 'NONE',  ( -4.197918901467038388, 8.267716535433070391, 7.445930726915714004 ) ) ;
#2133 = ORIENTED_EDGE ( 'NONE', *, *, #5576, .F. ) ;
#2134 = DIRECTION ( 'NONE',  ( 0.6974961937938047862, 0.000000000000000000, 0.7165884869596741424 ) ) ;
#2135 = ADVANCED_FACE ( 'NONE', ( #5324 ), #7178, .F. ) ;
#2136 = CARTESIAN_POINT ( 'NONE',  ( 3.549822394964751382, 3.149606299212599492, 6.729326213142290847 ) ) ;
#2137 = ORIENTED_EDGE ( 'NONE', *, *, #11606, .F. ) ;
#2138 = EDGE_CURVE ( 'NONE', #4421, #7217, #3621, .T. ) ;
#2139 = DIRECTION ( 'NONE',  ( -0.9367259886217343956, -0.000000000000000000, -0.3500634545916412876 ) ) ;
#2140 = EDGE_LOOP ( 'NONE', ( #8913, #373 ) ) ;
#2141 = DIRECTION ( 'NONE',  ( -1.000000000000000000, -1.233581138472396704E-15, 0.000000000000000000 ) ) ;
#2142 = AXIS2_PLACEMENT_3D ( 'NONE', #11409, #4984, #3245 ) ;
#2143 = CYLINDRICAL_SURFACE ( 'NONE', #4663, 0.5905511811023627100 ) ;
#2144 = DIRECTION ( 'NONE',  ( -0.000000000000000000, 0.000000000000000000, 1.000000000000000000 ) ) ;
#2145 = LINE ( 'NONE', #7556, #1998 ) ;
#2146 = EDGE_CURVE ( 'NONE', #4506, #257, #3880, .T. ) ;
#2147 = ORIENTED_EDGE ( 'NONE', *, *, #11441, .F. ) ;
#2148 = DIRECTION ( 'NONE',  ( 0.000000000000000000, 1.000000000000000000, 0.000000000000000000 ) ) ;
#2149 = FACE_OUTER_BOUND ( 'NONE', #2523, .T. ) ;
#2150 = VERTEX_POINT ( 'NONE', #11080 ) ;
#2151 = FACE_OUTER_BOUND ( 'NONE', #9171, .T. ) ;
#2152 = EDGE_CURVE ( 'NONE', #11278, #46, #7642, .T. ) ;
#2153 = EDGE_LOOP ( 'NONE', ( #5510, #3380, #4614, #2791 ) ) ;
#2154 = DIRECTION ( 'NONE',  ( 1.000000000000000000, 0.000000000000000000, 0.000000000000000000 ) ) ;
#2155 = ORIENTED_EDGE ( 'NONE', *, *, #9453, .T. ) ;
#2156 = CARTESIAN_POINT ( 'NONE',  ( -3.560428057591566997, 3.168267873820385105, 0.000000000000000000 ) ) ;
#2157 = VECTOR ( 'NONE', #4033, 39.37007874015748143 ) ;
#2158 = DIRECTION ( 'NONE',  ( -0.000000000000000000, 1.000000000000000000, -0.000000000000000000 ) ) ;
#2159 = EDGE_LOOP ( 'NONE', ( #1967, #3057, #1123, #4012 ) ) ;
#2160 = EDGE_CURVE ( 'NONE', #2811, #5327, #1064, .T. ) ;
#2161 = VECTOR ( 'NONE', #1078, 39.37007874015748143 ) ;
#2162 = ORIENTED_EDGE ( 'NONE', *, *, #680, .T. ) ;
#2163 = DIRECTION ( 'NONE',  ( -0.000000000000000000, 0.000000000000000000, -1.000000000000000000 ) ) ;
#2164 = CARTESIAN_POINT ( 'NONE',  ( 3.346456692913386100, 7.480314960629921295, -5.829937311063766892 ) ) ;
#2165 = ORIENTED_EDGE ( 'NONE', *, *, #7496, .T. ) ;
#2166 = EDGE_CURVE ( 'NONE', #10734, #7175, #51, .T. ) ;
#2167 = FACE_BOUND ( 'NONE', #6868, .T. ) ;
#2168 = VECTOR ( 'NONE', #6095, 39.37007874015748143 ) ;
#2169 = VERTEX_POINT ( 'NONE', #2132 ) ;
#2170 = AXIS2_PLACEMENT_3D ( 'NONE', #6326, #11007, #9183 ) ;
#2171 = CARTESIAN_POINT ( 'NONE',  ( 3.192102363848781987, 0.000000000000000000, 7.799282663726455844 ) ) ;
#2172 = ORIENTED_EDGE ( 'NONE', *, *, #6592, .F. ) ;
#2173 = CIRCLE ( 'NONE', #4474, 0.3937007874015751585 ) ;
#2174 = ORIENTED_EDGE ( 'NONE', *, *, #553, .F. ) ;
#2175 = DIRECTION ( 'NONE',  ( -0.000000000000000000, 1.000000000000000000, 0.000000000000000000 ) ) ;
#2176 = CARTESIAN_POINT ( 'NONE',  ( -4.591619688868615157, 9.448818897637794478, 7.577239534397965492 ) ) ;
#2177 = EDGE_CURVE ( 'NONE', #3365, #9698, #1176, .T. ) ;
#2178 = CARTESIAN_POINT ( 'NONE',  ( 1.261104803704728772, 9.448818897637794478, -0.04859674123851733668 ) ) ;
#2179 = VECTOR ( 'NONE', #10029, 39.37007874015748143 ) ;
#2180 = DIRECTION ( 'NONE',  ( 0.000000000000000000, -1.000000000000000000, 0.000000000000000000 ) ) ;
#2181 = VERTEX_POINT ( 'NONE', #5804 ) ;
#2182 = AXIS2_PLACEMENT_3D ( 'NONE', #1077, #11030, #2690 ) ;
#2183 = AXIS2_PLACEMENT_3D ( 'NONE', #5198, #2196, #4954 ) ;
#2184 = CARTESIAN_POINT ( 'NONE',  ( 2.858207359010677351, -2.698702213475663303, 0.7874015748031496509 ) ) ;
#2185 = VERTEX_POINT ( 'NONE', #8423 ) ;
#2186 = DIRECTION ( 'NONE',  ( -0.000000000000000000, 1.000000000000000000, -0.000000000000000000 ) ) ;
#2187 = ORIENTED_EDGE ( 'NONE', *, *, #749, .F. ) ;
#2188 = CIRCLE ( 'NONE', #11697, 1.181102362204724976 ) ;
#2189 = ORIENTED_EDGE ( 'NONE', *, *, #8140, .F. ) ;
#2190 = LINE ( 'NONE', #9488, #5664 ) ;
#2191 = VECTOR ( 'NONE', #9418, 39.37007874015748143 ) ;
#2192 = VECTOR ( 'NONE', #10622, 39.37007874015748143 ) ;
#2193 = EDGE_CURVE ( 'NONE', #2181, #660, #3772, .T. ) ;
#2194 = VERTEX_POINT ( 'NONE', #996 ) ;
#2195 = LINE ( 'NONE', #7946, #18 ) ;
#2196 = DIRECTION ( 'NONE',  ( 0.000000000000000000, 1.000000000000000000, 0.000000000000000000 ) ) ;
#2197 = ORIENTED_EDGE ( 'NONE', *, *, #4201, .F. ) ;
#2198 = AXIS2_PLACEMENT_3D ( 'NONE', #6104, #5308, #6934 ) ;
#2199 = LINE ( 'NONE', #6764, #6046 ) ;
#2200 = ORIENTED_EDGE ( 'NONE', *, *, #45, .F. ) ;
#2201 = AXIS2_PLACEMENT_3D ( 'NONE', #7471, #2009, #5685 ) ;
#2202 = AXIS2_PLACEMENT_3D ( 'NONE', #6521, #3691, #7355 ) ;
#2203 = CARTESIAN_POINT ( 'NONE',  ( 3.560428057591566997, 3.168267873820385105, 0.3937007874015748254 ) ) ;
#2204 = DIRECTION ( 'NONE',  ( -0.000000000000000000, -0.000000000000000000, 1.000000000000000000 ) ) ;
#2205 = EDGE_CURVE ( 'NONE', #1371, #3832, #7606, .T. ) ;
#2206 = DIRECTION ( 'NONE',  ( 7.862016376373061085E-15, -0.000000000000000000, -1.000000000000000000 ) ) ;
#2207 = VECTOR ( 'NONE', #2061, 39.37007874015748143 ) ;
#2208 = LINE ( 'NONE', #10443, #1398 ) ;
#2209 = DIRECTION ( 'NONE',  ( 0.000000000000000000, 0.000000000000000000, -1.000000000000000000 ) ) ;
#2210 = EDGE_LOOP ( 'NONE', ( #5491, #4746, #7020, #5222 ) ) ;
#2211 = PLANE ( 'NONE',  #8386 ) ;
#2212 = CYLINDRICAL_SURFACE ( 'NONE', #3640, 0.3937007874015751585 ) ;
#2213 = AXIS2_PLACEMENT_3D ( 'NONE', #6153, #11714, #10824 ) ;
#2214 = VECTOR ( 'NONE', #9302, 39.37007874015748143 ) ;
#2215 = EDGE_LOOP ( 'NONE', ( #5551, #3051, #4537, #483 ) ) ;
#2216 = DIRECTION ( 'NONE',  ( -0.000000000000000000, 1.000000000000000000, -0.000000000000000000 ) ) ;
#2217 = VECTOR ( 'NONE', #6131, 39.37007874015748143 ) ;
#2218 = CYLINDRICAL_SURFACE ( 'NONE', #3940, 1.181102362204724310 ) ;
#2219 = EDGE_CURVE ( 'NONE', #5625, #7905, #10200, .T. ) ;
#2220 = AXIS2_PLACEMENT_3D ( 'NONE', #6290, #9206, #4661 ) ;
#2221 = LINE ( 'NONE', #4079, #6578 ) ;
#2222 = ORIENTED_EDGE ( 'NONE', *, *, #11407, .F. ) ;
#2223 = EDGE_LOOP ( 'NONE', ( #5186, #9023, #9773, #1980 ) ) ;
#2224 = FACE_OUTER_BOUND ( 'NONE', #4560, .T. ) ;
#2225 = VECTOR ( 'NONE', #3812, 39.37007874015748143 ) ;
#2226 = DIRECTION ( 'NONE',  ( -1.000000000000000000, 0.000000000000000000, 0.000000000000000000 ) ) ;
#2227 = ORIENTED_EDGE ( 'NONE', *, *, #9816, .F. ) ;
#2228 = FACE_OUTER_BOUND ( 'NONE', #11508, .T. ) ;
#2229 = PRESENTATION_STYLE_ASSIGNMENT (( #8350 ) ) ;
#2230 = CARTESIAN_POINT ( 'NONE',  ( -3.560428057591566997, -12.24313273809901048, 0.3937007874015748254 ) ) ;
#2231 = VERTEX_POINT ( 'NONE', #4653 ) ;
#2232 = EDGE_CURVE ( 'NONE', #2658, #449, #2088, .T. ) ;
#2233 = EDGE_CURVE ( 'NONE', #6994, #3178, #9527, .T. ) ;
#2234 = CARTESIAN_POINT ( 'NONE',  ( 4.785852954177777008, 7.480314960629921295, 7.839631514317292549 ) ) ;
#2235 = CONTEXT_DEPENDENT_SHAPE_REPRESENTATION ( #11199, #70 ) ;
#2236 = EDGE_LOOP ( 'NONE', ( #1392, #11747, #8850, #5118, #3258, #2010, #4601, #11460 ) ) ;
#2237 = FACE_OUTER_BOUND ( 'NONE', #8007, .T. ) ;
#2238 = ORIENTED_EDGE ( 'NONE', *, *, #7302, .T. ) ;
#2239 = LINE ( 'NONE', #3076, #5200 ) ;
#2240 = CARTESIAN_POINT ( 'NONE',  ( 2.467341395385281633, 3.336583315892183155, 0.7874015748031496509 ) ) ;
#2241 = EDGE_LOOP ( 'NONE', ( #6115, #8192, #6479, #9951 ) ) ;
#2242 = DIRECTION ( 'NONE',  ( -0.000000000000000000, -1.000000000000000000, -0.000000000000000000 ) ) ;
#2243 = DIRECTION ( 'NONE',  ( -0.000000000000000000, -0.000000000000000000, 1.000000000000000000 ) ) ;
#2244 = ORIENTED_EDGE ( 'NONE', *, *, #5601, .F. ) ;
#2245 = EDGE_CURVE ( 'NONE', #116, #2333, #2022, .T. ) ;
#2246 = LINE ( 'NONE', #4944, #1442 ) ;
#2247 = ORIENTED_EDGE ( 'NONE', *, *, #6495, .T. ) ;
#2248 = EDGE_CURVE ( 'NONE', #4632, #10066, #8303, .T. ) ;
#2249 = FACE_OUTER_BOUND ( 'NONE', #10241, .T. ) ;
#2250 = EDGE_LOOP ( 'NONE', ( #7785, #6724, #3091, #10963 ) ) ;
#2251 = ORIENTED_EDGE ( 'NONE', *, *, #9328, .T. ) ;
#2252 = DIRECTION ( 'NONE',  ( 0.000000000000000000, 1.000000000000000000, 0.000000000000000000 ) ) ;
#2253 = ORIENTED_EDGE ( 'NONE', *, *, #3474, .F. ) ;
#2254 = CARTESIAN_POINT ( 'NONE',  ( 5.118110236220536180, 3.149606299212599492, 4.638196495462627134 ) ) ;
#2255 = FACE_BOUND ( 'NONE', #8269, .T. ) ;
#2256 = FILL_AREA_STYLE ('',( #459 ) ) ;
#2257 = EDGE_CURVE ( 'NONE', #11110, #191, #5151, .T. ) ;
#2258 = LINE ( 'NONE', #1357, #2971 ) ;
#2259 = DIRECTION ( 'NONE',  ( -0.000000000000000000, -0.000000000000000000, 1.000000000000000000 ) ) ;
#2260 = FACE_OUTER_BOUND ( 'NONE', #7476, .T. ) ;
#2261 = LINE ( 'NONE', #11329, #1201 ) ;
#2262 = LINE ( 'NONE', #467, #5057 ) ;
#2263 = EDGE_LOOP ( 'NONE', ( #7870, #9899, #9347, #7015 ) ) ;
#2264 = DIRECTION ( 'NONE',  ( 0.000000000000000000, 1.000000000000000000, 0.000000000000000000 ) ) ;
#2265 = ORIENTED_EDGE ( 'NONE', *, *, #3766, .T. ) ;
#2266 = AXIS2_PLACEMENT_3D ( 'NONE', #1666, #7381, #9099 ) ;
#2267 = LINE ( 'NONE', #1367, #14 ) ;
#2268 = ORIENTED_EDGE ( 'NONE', *, *, #604, .T. ) ;
#2269 = DIRECTION ( 'NONE',  ( -0.000000000000000000, -1.000000000000000000, -0.000000000000000000 ) ) ;
#2270 = EDGE_LOOP ( 'NONE', ( #7676, #2871, #1073, #436 ) ) ;
#2271 = DIRECTION ( 'NONE',  ( 2.891205793294678326E-16, 1.000000000000000000, -0.000000000000000000 ) ) ;
#2272 = PRESENTATION_LAYER_ASSIGNMENT (  '', '', ( #4957 ) ) ;
#2273 = APPLICATION_CONTEXT ( 'automotive_design' ) ;
#2274 = DIRECTION ( 'NONE',  ( -1.000000000000000000, -0.000000000000000000, -0.000000000000000000 ) ) ;
#2275 = ORIENTED_EDGE ( 'NONE', *, *, #2668, .T. ) ;
#2276 = ORIENTED_EDGE ( 'NONE', *, *, #8070, .T. ) ;
#2277 = CARTESIAN_POINT ( 'NONE',  ( 5.019685039370083146, 3.937007874015748143, 6.395228468411550793 ) ) ;
#2278 = DIRECTION ( 'NONE',  ( 0.000000000000000000, 0.000000000000000000, 1.000000000000000000 ) ) ;
#2279 = EDGE_LOOP ( 'NONE', ( #9303, #10984, #3993, #2642 ) ) ;
#2280 = DIRECTION ( 'NONE',  ( 0.000000000000000000, 0.000000000000000000, -1.000000000000000000 ) ) ;
#2281 = CARTESIAN_POINT ( 'NONE',  ( 3.346456692913387876, 3.937007874015748143, 7.011039673268492756 ) ) ;
#2282 = VERTEX_POINT ( 'NONE', #113 ) ;
#2283 = DIRECTION ( 'NONE',  ( 0.000000000000000000, 0.000000000000000000, 1.000000000000000000 ) ) ;
#2284 = AXIS2_PLACEMENT_3D ( 'NONE', #9062, #870, #4527 ) ;
#2285 = ADVANCED_FACE ( 'NONE', ( #3036, #6529, #5696 ), #3701, .F. ) ;
#2286 = ORIENTED_EDGE ( 'NONE', *, *, #2822, .T. ) ;
#2287 = ADVANCED_FACE ( 'NONE', ( #2985, #10137 ), #1956, .F. ) ;
#2288 = DIRECTION ( 'NONE',  ( 0.000000000000000000, 1.000000000000000000, 0.000000000000000000 ) ) ;
#2289 = ORIENTED_EDGE ( 'NONE', *, *, #8590, .T. ) ;
#2290 = CIRCLE ( 'NONE', #3443, 0.08858267716535440928 ) ;
#2291 = DIRECTION ( 'NONE',  ( 0.000000000000000000, 0.000000000000000000, -1.000000000000000000 ) ) ;
#2292 = VERTEX_POINT ( 'NONE', #10257 ) ;
#2293 = PLANE ( 'NONE',  #1962 ) ;
#2294 = DIRECTION ( 'NONE',  ( -1.000000000000000000, -4.625929269271485914E-16, 0.000000000000000000 ) ) ;
#2295 = EDGE_CURVE ( 'NONE', #1438, #10532, #5748, .T. ) ;
#2296 = ORIENTED_EDGE ( 'NONE', *, *, #7955, .F. ) ;
#2297 = DIRECTION ( 'NONE',  ( 1.000000000000000000, 0.000000000000000000, 0.000000000000000000 ) ) ;
#2298 = CARTESIAN_POINT ( 'NONE',  ( 3.693202048827113781, -10.44294424316293224, 0.3937007874015748254 ) ) ;
#2299 = EDGE_CURVE ( 'NONE', #11769, #8716, #10085, .T. ) ;
#2300 = MANIFOLD_SOLID_BREP ( 'Cut-Extrude4[4]', #11088 ) ;
#2301 = VERTEX_POINT ( 'NONE', #3274 ) ;
#2302 = CIRCLE ( 'NONE', #6526, 0.08858267716535440928 ) ;
#2303 = CARTESIAN_POINT ( 'NONE',  ( 2.467341395385281633, 3.336583315892183155, 0.7874015748031496509 ) ) ;
#2304 = DIRECTION ( 'NONE',  ( 0.000000000000000000, 1.000000000000000000, 0.000000000000000000 ) ) ;
#2305 =( NAMED_UNIT ( * ) SI_UNIT ( $, .STERADIAN. ) SOLID_ANGLE_UNIT ( ) );
#2306 = ORIENTED_EDGE ( 'NONE', *, *, #9301, .T. ) ;
#2307 = EDGE_LOOP ( 'NONE', ( #10505, #911, #1369, #8867 ) ) ;
#2308 = DIRECTION ( 'NONE',  ( 0.000000000000000000, -0.000000000000000000, 1.000000000000000000 ) ) ;
#2309 = EDGE_CURVE ( 'NONE', #3898, #8959, #9489, .T. ) ;
#2310 =( NAMED_UNIT ( * ) PLANE_ANGLE_UNIT ( ) SI_UNIT ( $, .RADIAN. ) );
#2311 = CARTESIAN_POINT ( 'NONE',  ( -0.5905511811023621549, 4.517685678096908575, 0.000000000000000000 ) ) ;
#2312 = FACE_BOUND ( 'NONE', #2128, .T. ) ;
#2313 = EDGE_CURVE ( 'NONE', #1947, #8335, #10548, .T. ) ;
#2314 = DIRECTION ( 'NONE',  ( 1.000000000000000000, 0.000000000000000000, 0.000000000000000000 ) ) ;
#2315 = ORIENTED_EDGE ( 'NONE', *, *, #8002, .T. ) ;
#2316 = CARTESIAN_POINT ( 'NONE',  ( -2.073640607983706641, 3.336583315892183155, 0.7874015748031496509 ) ) ;
#2317 = FACE_OUTER_BOUND ( 'NONE', #4254, .T. ) ;
#2318 = CIRCLE ( 'NONE', #4041, 0.08858267716535440928 ) ;
#2319 = CARTESIAN_POINT ( 'NONE',  ( 3.740157480314960647, 1.683040008805569476, 0.3937007874015748254 ) ) ;
#2320 = CARTESIAN_POINT ( 'NONE',  ( 3.560428057591566997, 3.168267873820385105, 0.3937007874015748254 ) ) ;
#2321 = DIRECTION ( 'NONE',  ( 0.000000000000000000, -1.000000000000000000, 0.000000000000000000 ) ) ;
#2322 = VERTEX_POINT ( 'NONE', #1291 ) ;
#2323 = CARTESIAN_POINT ( 'NONE',  ( 0.000000000000000000, -0.3937007874015748254, 0.000000000000000000 ) ) ;
#2324 = ORIENTED_EDGE ( 'NONE', *, *, #904, .T. ) ;
#2325 = DIRECTION ( 'NONE',  ( 4.163336342344337520E-16, 1.000000000000000000, 0.000000000000000000 ) ) ;
#2326 = ORIENTED_EDGE ( 'NONE', *, *, #8280, .T. ) ;
#2327 = CARTESIAN_POINT ( 'NONE',  ( 2.073640607983708861, -12.41144818017080809, 0.7874015748031496509 ) ) ;
#2328 = EDGE_CURVE ( 'NONE', #6041, #11302, #571, .T. ) ;
#2329 = VERTEX_POINT ( 'NONE', #4232 ) ;
#2330 = AXIS2_PLACEMENT_3D ( 'NONE', #1454, #2280, #4259 ) ;
#2331 = LINE ( 'NONE', #4140, #10777 ) ;
#2332 = DIRECTION ( 'NONE',  ( -0.000000000000000000, -1.000000000000000000, -0.000000000000000000 ) ) ;
#2333 = VERTEX_POINT ( 'NONE', #4952 ) ;
#2334 = ORIENTED_EDGE ( 'NONE', *, *, #30, .T. ) ;
#2335 = DIRECTION ( 'NONE',  ( 0.000000000000000000, -1.000000000000000000, 0.000000000000000000 ) ) ;
#2336 = CARTESIAN_POINT ( 'NONE',  ( 2.952755905511811108, 3.336583315892183155, 0.3937007874015748254 ) ) ;
#2337 = ORIENTED_EDGE ( 'NONE', *, *, #11362, .T. ) ;
#2338 = CARTESIAN_POINT ( 'NONE',  ( 4.716527080888250900, -1.295201033765735366, 0.000000000000000000 ) ) ;
#2339 = LINE ( 'NONE', #9629, #5549 ) ;
#2340 = APPLICATION_CONTEXT ( 'automotive_design' ) ;
#2341 = ORIENTED_EDGE ( 'NONE', *, *, #5895, .T. ) ;
#2342 = CARTESIAN_POINT ( 'NONE',  ( 3.653534954903999488, 0.01986406393673360166, 0.3937007874015748254 ) ) ;
#2343 = PLANE ( 'NONE',  #2532 ) ;
#2344 = ORIENTED_EDGE ( 'NONE', *, *, #10388, .T. ) ;
#2345 = DIRECTION ( 'NONE',  ( 0.9367259886217349507, -0.000000000000000000, 0.3500634545916402884 ) ) ;
#2346 = EDGE_CURVE ( 'NONE', #3388, #9938, #11315, .T. ) ;
#2347 = EDGE_CURVE ( 'NONE', #1054, #7395, #9658, .T. ) ;
#2348 = ORIENTED_EDGE ( 'NONE', *, *, #7529, .T. ) ;
#2349 = FACE_OUTER_BOUND ( 'NONE', #1106, .T. ) ;
#2350 = DIRECTION ( 'NONE',  ( 0.000000000000000000, 0.000000000000000000, 1.000000000000000000 ) ) ;
#2351 = ORIENTED_EDGE ( 'NONE', *, *, #9520, .F. ) ;
#2352 = CIRCLE ( 'NONE', #9039, 0.3937007874015751585 ) ;
#2353 = CARTESIAN_POINT ( 'NONE',  ( 2.467341395385283409, -12.41144818017080809, 0.7874015748031496509 ) ) ;
#2354 = DIRECTION ( 'NONE',  ( -1.000000000000000000, 0.000000000000000000, 0.000000000000000000 ) ) ;
#2355 = MANIFOLD_SOLID_BREP ( 'Cut-Extrude1', #2711 ) ;
#2356 = ORIENTED_EDGE ( 'NONE', *, *, #2048, .T. ) ;
#2357 = DIRECTION ( 'NONE',  ( 0.000000000000000000, 0.000000000000000000, -1.000000000000000000 ) ) ;
#2358 = EDGE_CURVE ( 'NONE', #332, #6227, #8591, .T. ) ;
#2359 = VECTOR ( 'NONE', #9463, 39.37007874015748143 ) ;
#2360 = CARTESIAN_POINT ( 'NONE',  ( -4.273251509737226783, -11.42719621166687105, 0.000000000000000000 ) ) ;
#2361 = VERTEX_POINT ( 'NONE', #8175 ) ;
#2362 = EDGE_CURVE ( 'NONE', #10806, #7389, #11604, .T. ) ;
#2363 = ORIENTED_EDGE ( 'NONE', *, *, #10735, .F. ) ;
#2364 = VECTOR ( 'NONE', #8631, 39.37007874015748143 ) ;
#2365 = CARTESIAN_POINT ( 'NONE',  ( 2.858207359010677351, -2.698702213475663303, 0.7874015748031496509 ) ) ;
#2366 = CARTESIAN_POINT ( 'NONE',  ( -2.952755905511811108, 3.336583315892183155, 0.3937007874015748254 ) ) ;
#2367 = CARTESIAN_POINT ( 'NONE',  ( 5.179553741579351112, 9.055118110236220375, 7.445930726915714004 ) ) ;
#2368 = DIRECTION ( 'NONE',  ( -1.000000000000000000, 0.000000000000000000, 0.000000000000000000 ) ) ;
#2369 = AXIS2_PLACEMENT_3D ( 'NONE', #9393, #2158, #3968 ) ;
#2370 = FACE_BOUND ( 'NONE', #6486, .T. ) ;
#2371 = AXIS2_PLACEMENT_3D ( 'NONE', #2444, #6119, #3354 ) ;
#2372 = AXIS2_PLACEMENT_3D ( 'NONE', #2620, #700, #8961 ) ;
#2373 = ADVANCED_FACE ( 'NONE', ( #5365 ), #7944, .F. ) ;
#2374 = ORIENTED_EDGE ( 'NONE', *, *, #3400, .T. ) ;
#2375 = CARTESIAN_POINT ( 'NONE',  ( 3.693202048827116002, 1.368079378884309083, 0.7874015748031496509 ) ) ;
#2376 = DIRECTION ( 'NONE',  ( 1.000000000000000000, 0.000000000000000000, -0.000000000000000000 ) ) ;
#2377 = CIRCLE ( 'NONE', #86, 0.09842519685039370636 ) ;
#2378 = VECTOR ( 'NONE', #1237, 39.37007874015748143 ) ;
#2379 = CYLINDRICAL_SURFACE ( 'NONE', #844, 0.08858267716535440928 ) ;
#2380 = CARTESIAN_POINT ( 'NONE',  ( 4.785852954177777008, 7.480314960629921295, -7.559072353315135828 ) ) ;
#2381 = DIRECTION ( 'NONE',  ( -0.000000000000000000, 0.000000000000000000, 1.000000000000000000 ) ) ;
#2382 = ORIENTED_EDGE ( 'NONE', *, *, #5210, .T. ) ;
#2383 = DIRECTION ( 'NONE',  ( -1.000000000000000000, 0.000000000000000000, 0.000000000000000000 ) ) ;
#2384 = AXIS2_PLACEMENT_3D ( 'NONE', #10072, #11078, #11741 ) ;
#2385 = CARTESIAN_POINT ( 'NONE',  ( -3.693202048827113781, -6.505936369147188536, 0.3937007874015748254 ) ) ;
#2386 = ORIENTED_EDGE ( 'NONE', *, *, #1271, .T. ) ;
#2387 = DIRECTION ( 'NONE',  ( 0.000000000000000000, -1.000000000000000000, 0.000000000000000000 ) ) ;
#2388 = ORIENTED_EDGE ( 'NONE', *, *, #4668, .F. ) ;
#2389 = ORIENTED_EDGE ( 'NONE', *, *, #5464, .T. ) ;
#2390 =( GEOMETRIC_REPRESENTATION_CONTEXT ( 3 ) GLOBAL_UNCERTAINTY_ASSIGNED_CONTEXT ( ( #5419 ) ) GLOBAL_UNIT_ASSIGNED_CONTEXT ( ( #5002, #11376, #4228 ) ) REPRESENTATION_CONTEXT ( 'NONE', 'WORKASPACE' ) );
#2391 = CIRCLE ( 'NONE', #10590, 1.181102362204725420 ) ;
#2392 = EDGE_CURVE ( 'NONE', #2978, #10765, #797, .T. ) ;
#2393 = CARTESIAN_POINT ( 'NONE',  ( 0.000000000000000000, 0.000000000000000000, 1.574803149606299302 ) ) ;
#2394 = VECTOR ( 'NONE', #6029, 39.37007874015748143 ) ;
#2395 = ADVANCED_FACE ( 'NONE', ( #2606 ), #7287, .F. ) ;
#2396 = DIRECTION ( 'NONE',  ( -1.000000000000000000, -0.000000000000000000, -0.000000000000000000 ) ) ;
#2397 = ORIENTED_EDGE ( 'NONE', *, *, #4790, .T. ) ;
#2398 = EDGE_LOOP ( 'NONE', ( #2147, #2197 ) ) ;
#2399 = VECTOR ( 'NONE', #5240, 39.37007874015748143 ) ;
#2400 = AXIS2_PLACEMENT_3D ( 'NONE', #7821, #5798, #4165 ) ;
#2401 = ORIENTED_EDGE ( 'NONE', *, *, #10113, .F. ) ;
#2402 = LINE ( 'NONE', #597, #6517 ) ;
#2403 = DIRECTION ( 'NONE',  ( -0.000000000000000000, -0.000000000000000000, -1.000000000000000000 ) ) ;
#2404 = ORIENTED_EDGE ( 'NONE', *, *, #7360, .F. ) ;
#2405 = CYLINDRICAL_SURFACE ( 'NONE', #790, 0.3937007874015751585 ) ;
#2406 = CARTESIAN_POINT ( 'NONE',  ( -2.467341395385280300, -12.41144818017080986, 0.3937007874015748254 ) ) ;
#2407 = ORIENTED_EDGE ( 'NONE', *, *, #1893, .F. ) ;
#2408 = LINE ( 'NONE', #6086, #4280 ) ;
#2409 = VECTOR ( 'NONE', #4147, 39.37007874015748854 ) ;
#2410 = AXIS2_PLACEMENT_3D ( 'NONE', #2994, #289, #172 ) ;
#2411 = ADVANCED_FACE ( 'NONE', ( #5195 ), #8948, .F. ) ;
#2412 = DIRECTION ( 'NONE',  ( 0.000000000000000000, 0.000000000000000000, 1.000000000000000000 ) ) ;
#2413 = ORIENTED_EDGE ( 'NONE', *, *, #9262, .T. ) ;
#2414 = VECTOR ( 'NONE', #5768, 39.37007874015748854 ) ;
#2415 = DIRECTION ( 'NONE',  ( 0.000000000000000000, -1.000000000000000000, 0.000000000000000000 ) ) ;
#2416 = ORIENTED_EDGE ( 'NONE', *, *, #5161, .T. ) ;
#2417 = DIRECTION ( 'NONE',  ( 0.000000000000000000, 0.000000000000000000, 1.000000000000000000 ) ) ;
#2418 = PLANE ( 'NONE',  #2777 ) ;
#2419 = ORIENTED_EDGE ( 'NONE', *, *, #7370, .T. ) ;
#2420 = CARTESIAN_POINT ( 'NONE',  ( 4.392152166776199351, 8.267716535433070391, -7.206675219446472269 ) ) ;
#2421 = CARTESIAN_POINT ( 'NONE',  ( -3.192102363848771773, 3.937007874015748143, -7.799282663726462062 ) ) ;
#2422 = VERTEX_POINT ( 'NONE', #6329 ) ;
#2423 = AXIS2_PLACEMENT_3D ( 'NONE', #8407, #7526, #5915 ) ;
#2424 = EDGE_CURVE ( 'NONE', #1625, #5305, #10884, .T. ) ;
#2425 = ORIENTED_EDGE ( 'NONE', *, *, #5086, .T. ) ;
#2426 = FACE_BOUND ( 'NONE', #6603, .T. ) ;
#2427 = DIRECTION ( 'NONE',  ( 1.000000000000000000, -2.921639538487252782E-16, 0.000000000000000000 ) ) ;
#2428 = ORIENTED_EDGE ( 'NONE', *, *, #6974, .T. ) ;
#2429 = ORIENTED_EDGE ( 'NONE', *, *, #8366, .F. ) ;
#2430 = DIRECTION ( 'NONE',  ( 0.000000000000000000, 0.000000000000000000, -1.000000000000000000 ) ) ;
#2431 = DIRECTION ( 'NONE',  ( 0.000000000000000000, 1.000000000000000000, -0.000000000000000000 ) ) ;
#2432 = CARTESIAN_POINT ( 'NONE',  ( -4.519676687187463848, 0.008763934312793467477, 0.000000000000000000 ) ) ;
#2433 = EDGE_CURVE ( 'NONE', #5437, #9143, #10661, .T. ) ;
#2434 = EDGE_LOOP ( 'NONE', ( #10818, #4052, #9123, #642 ) ) ;
#2435 = ADVANCED_FACE ( 'NONE', ( #740 ), #9828, .F. ) ;
#2436 = PLANE ( 'NONE',  #10393 ) ;
#2437 = DIRECTION ( 'NONE',  ( -0.000000000000000000, -0.000000000000000000, -1.000000000000000000 ) ) ;
#2438 = ADVANCED_FACE ( 'NONE', ( #2719 ), #3573, .T. ) ;
#2439 = LINE ( 'NONE', #9725, #2760 ) ;
#2440 = VERTEX_POINT ( 'NONE', #5310 ) ;
#2441 = FACE_OUTER_BOUND ( 'NONE', #3558, .T. ) ;
#2442 = EDGE_CURVE ( 'NONE', #4887, #5349, #4206, .T. ) ;
#2443 = DIRECTION ( 'NONE',  ( 0.000000000000000000, -1.000000000000000000, 0.000000000000000000 ) ) ;
#2444 = CARTESIAN_POINT ( 'NONE',  ( 4.273251509737228560, -3.553180463635375208, 0.000000000000000000 ) ) ;
#2445 = EDGE_LOOP ( 'NONE', ( #335, #11486, #11764, #5560 ) ) ;
#2446 = VERTEX_POINT ( 'NONE', #2663 ) ;
#2447 = EDGE_CURVE ( 'NONE', #1053, #8440, #10292, .T. ) ;
#2448 = PLANE ( 'NONE',  #6630 ) ;
#2449 = LINE ( 'NONE', #1447, #8102 ) ;
#2450 = AXIS2_PLACEMENT_3D ( 'NONE', #8259, #232, #9278 ) ;
#2451 = EDGE_LOOP ( 'NONE', ( #4070, #954, #19, #7532 ) ) ;
#2452 = ORIENTED_EDGE ( 'NONE', *, *, #1042, .F. ) ;
#2453 = DIRECTION ( 'NONE',  ( -0.000000000000000000, -1.000000000000000000, -0.000000000000000000 ) ) ;
#2454 = LINE ( 'NONE', #11518, #6062 ) ;
#2455 = ORIENTED_EDGE ( 'NONE', *, *, #11221, .T. ) ;
#2456 = EDGE_CURVE ( 'NONE', #9868, #5401, #4778, .T. ) ;
#2457 = LINE ( 'NONE', #2338, #225 ) ;
#2458 = LINE ( 'NONE', #5041, #2098 ) ;
#2459 = ORIENTED_EDGE ( 'NONE', *, *, #4366, .F. ) ;
#2460 = LINE ( 'NONE', #9796, #9988 ) ;
#2461 = EDGE_CURVE ( 'NONE', #5966, #3623, #5750, .T. ) ;
#2462 = VECTOR ( 'NONE', #5929, 39.37007874015748143 ) ;
#2463 = DIRECTION ( 'NONE',  ( -1.000000000000000000, 0.000000000000000000, 9.358901870209372206E-17 ) ) ;
#2464 = VERTEX_POINT ( 'NONE', #11600 ) ;
#2465 = FACE_OUTER_BOUND ( 'NONE', #6651, .T. ) ;
#2466 = EDGE_LOOP ( 'NONE', ( #4949, #5383 ) ) ;
#2467 = CARTESIAN_POINT ( 'NONE',  ( 4.519676687187463848, -1.295201033765735366, 0.000000000000000000 ) ) ;
#2468 = PLANE ( 'NONE',  #10597 ) ;
#2469 = VECTOR ( 'NONE', #94, 39.37007874015748143 ) ;
#2470 = VERTEX_POINT ( 'NONE', #11782 ) ;
#2471 = LINE ( 'NONE', #727, #3515 ) ;
#2472 = CARTESIAN_POINT ( 'NONE',  ( -2.467341395385280300, -12.41144818017080986, 0.7874015748031496509 ) ) ;
#2473 = ADVANCED_FACE ( 'NONE', ( #3450 ), #10709, .T. ) ;
#2474 = EDGE_LOOP ( 'NONE', ( #2878, #8450, #3969, #128 ) ) ;
#2475 = ORIENTED_EDGE ( 'NONE', *, *, #3324, .T. ) ;
#2476 = VECTOR ( 'NONE', #6845, 39.37007874015748143 ) ;
#2477 = DIRECTION ( 'NONE',  ( 0.000000000000000000, 1.000000000000000000, -0.000000000000000000 ) ) ;
#2478 = VECTOR ( 'NONE', #9814, 39.37007874015748143 ) ;
#2479 = PLANE ( 'NONE',  #4318 ) ;
#2480 = ORIENTED_EDGE ( 'NONE', *, *, #2827, .T. ) ;
#2481 = ORIENTED_EDGE ( 'NONE', *, *, #8839, .T. ) ;
#2482 = DIRECTION ( 'NONE',  ( -0.000000000000000000, -1.000000000000000000, -0.000000000000000000 ) ) ;
#2483 = AXIS2_PLACEMENT_3D ( 'NONE', #10435, #9595, #2368 ) ;
#2484 = CARTESIAN_POINT ( 'NONE',  ( 4.184668832571872166, -11.42719621166687283, 0.000000000000000000 ) ) ;
#2485 = DIRECTION ( 'NONE',  ( -0.000000000000000000, -0.000000000000000000, 1.000000000000000000 ) ) ;
#2486 = ORIENTED_EDGE ( 'NONE', *, *, #3252, .T. ) ;
#2487 = DIRECTION ( 'NONE',  ( 0.000000000000000000, 1.000000000000000000, -0.000000000000000000 ) ) ;
#2488 = DIRECTION ( 'NONE',  ( -0.000000000000000000, -1.000000000000000000, -0.000000000000000000 ) ) ;
#2489 = AXIS2_PLACEMENT_3D ( 'NONE', #693, #8114, #3512 ) ;
#2490 = DIRECTION ( 'NONE',  ( 1.000000000000000000, 0.000000000000000000, -0.000000000000000000 ) ) ;
#2491 = EDGE_CURVE ( 'NONE', #6549, #5467, #205, .T. ) ;
#2492 = EDGE_LOOP ( 'NONE', ( #7291, #4816, #10154, #1886, #9447, #6011, #11071, #3234 ) ) ;
#2493 = DIRECTION ( 'NONE',  ( -0.000000000000000000, -0.000000000000000000, -1.000000000000000000 ) ) ;
#2494 = PLANE ( 'NONE',  #6516 ) ;
#2495 = DIRECTION ( 'NONE',  ( -1.387778780781444571E-14, -1.000000000000000000, -0.000000000000000000 ) ) ;
#2496 = EDGE_LOOP ( 'NONE', ( #6918, #8296, #7469, #3846 ) ) ;
#2497 = CARTESIAN_POINT ( 'NONE',  ( -0.07868300030473396323, 9.635888447050267755E-18, 0.000000000000000000 ) ) ;
#2498 = ADVANCED_FACE ( 'NONE', ( #3866, #4985, #4578, #3756 ), #3127, .T. ) ;
#2499 = CYLINDRICAL_SURFACE ( 'NONE', #8676, 0.08858267716535440928 ) ;
#2500 = CARTESIAN_POINT ( 'NONE',  ( 0.1968503937007874127, -9.987206167435246584, 0.7874015748031496509 ) ) ;
#2501 = EDGE_CURVE ( 'NONE', #10509, #9529, #10484, .T. ) ;
#2502 = VERTEX_POINT ( 'NONE', #2901 ) ;
#2503 = DIRECTION ( 'NONE',  ( -1.000000000000000000, -0.000000000000000000, -0.000000000000000000 ) ) ;
#2504 = CARTESIAN_POINT ( 'NONE',  ( -4.252043450305089678, 3.915065883440284278, 7.501597746311240655 ) ) ;
#2505 = CARTESIAN_POINT ( 'NONE',  ( 2.467341395385280745, 3.336583315892183155, 0.3937007874015748254 ) ) ;
#2506 = DIRECTION ( 'NONE',  ( 1.000000000000000000, 0.000000000000000000, 0.000000000000000000 ) ) ;
#2507 = DIRECTION ( 'NONE',  ( 0.000000000000000000, -1.000000000000000000, 0.000000000000000000 ) ) ;
#2508 = ADVANCED_FACE ( 'NONE', ( #11009 ), #11354, .F. ) ;
#2509 = ADVANCED_FACE ( 'NONE', ( #6794 ), #5497, .F. ) ;
#2510 = CARTESIAN_POINT ( 'NONE',  ( 4.471879931551174359, -0.6432185497264709673, 0.000000000000000000 ) ) ;
#2511 = ORIENTED_EDGE ( 'NONE', *, *, #2328, .F. ) ;
#2512 = VECTOR ( 'NONE', #10858, 39.37007874015748143 ) ;
#2513 = LINE ( 'NONE', #1009, #10747 ) ;
#2514 = EDGE_CURVE ( 'NONE', #9486, #9046, #926, .T. ) ;
#2515 = ORIENTED_EDGE ( 'NONE', *, *, #2160, .F. ) ;
#2516 = DIRECTION ( 'NONE',  ( 0.000000000000000000, 0.000000000000000000, -1.000000000000000000 ) ) ;
#2517 = FACE_OUTER_BOUND ( 'NONE', #2704, .T. ) ;
#2518 = EDGE_LOOP ( 'NONE', ( #11223, #4643 ) ) ;
#2519 = UNCERTAINTY_MEASURE_WITH_UNIT (LENGTH_MEASURE( 1.000000000000000082E-05 ), #2873, 'distance_accuracy_value', 'NONE');
#2520 = CARTESIAN_POINT ( 'NONE',  ( 2.467341395385281633, 3.336583315892183155, 0.7874015748031496509 ) ) ;
#2521 = PLANE ( 'NONE',  #3437 ) ;
#2522 = MANIFOLD_SOLID_BREP ( 'Cut-Extrude12', #9399 ) ;
#2523 = EDGE_LOOP ( 'NONE', ( #551, #2889, #5951, #8579 ) ) ;
#2524 = AXIS2_PLACEMENT_3D ( 'NONE', #7491, #1184, #6718 ) ;
#2525 = PRODUCT ( 'Part2', 'Part2', '', ( #6633 ) ) ;
#2526 = CARTESIAN_POINT ( 'NONE',  ( 4.923310919208261360, -2.568928495131438172, 0.3937007874015748254 ) ) ;
#2527 = EDGE_CURVE ( 'NONE', #4426, #6477, #8581, .T. ) ;
#2528 = DIRECTION ( 'NONE',  ( -1.156482317317871478E-16, 0.000000000000000000, 1.000000000000000000 ) ) ;
#2529 = DIRECTION ( 'NONE',  ( 1.000000000000000000, -6.982962677686193346E-15, 6.982962677686266711E-15 ) ) ;
#2530 = ORIENTED_EDGE ( 'NONE', *, *, #3046, .F. ) ;
#2531 = EDGE_CURVE ( 'NONE', #1316, #4392, #1943, .T. ) ;
#2532 = AXIS2_PLACEMENT_3D ( 'NONE', #8519, #430, #3017 ) ;
#2533 = VERTEX_POINT ( 'NONE', #1321 ) ;
#2534 = CARTESIAN_POINT ( 'NONE',  ( 0.5905511811023620439, -0.3937007874015748254, 7.874015748031495399 ) ) ;
#2535 = VECTOR ( 'NONE', #3285, 39.37007874015748143 ) ;
#2536 = CARTESIAN_POINT ( 'NONE',  ( -0.5905511811023621549, 4.517685678096908575, 0.000000000000000000 ) ) ;
#2537 = FILL_AREA_STYLE ('',( #5248 ) ) ;
#2538 = FACE_BOUND ( 'NONE', #440, .T. ) ;
#2539 = LINE ( 'NONE', #8899, #11529 ) ;
#2540 = VECTOR ( 'NONE', #3128, 39.37007874015748143 ) ;
#2541 = CARTESIAN_POINT ( 'NONE',  ( -5.905511811023623103, 0.000000000000000000, -5.965761340813562796 ) ) ;
#2542 = LINE ( 'NONE', #5257, #5658 ) ;
#2543 = DIRECTION ( 'NONE',  ( 1.000000000000000000, 0.000000000000000000, 0.000000000000000000 ) ) ;
#2544 = ORIENTED_EDGE ( 'NONE', *, *, #50, .F. ) ;
#2545 = EDGE_CURVE ( 'NONE', #4836, #8669, #3811, .T. ) ;
#2546 = CARTESIAN_POINT ( 'NONE',  ( -5.019685039370074264, 3.915065883440284278, 6.395228468411556122 ) ) ;
#2547 = AXIS2_PLACEMENT_3D ( 'NONE', #4195, #6173, #3362 ) ;
#2548 = VERTEX_POINT ( 'NONE', #8405 ) ;
#2549 = AXIS2_PLACEMENT_3D ( 'NONE', #7624, #1256, #11227 ) ;
#2550 = CARTESIAN_POINT ( 'NONE',  ( -3.653534954903999488, 0.01986406393673360166, 0.000000000000000000 ) ) ;
#2551 = CIRCLE ( 'NONE', #9246, 0.08858267716535440928 ) ;
#2552 = PLANE ( 'NONE',  #2865 ) ;
#2553 = ORIENTED_EDGE ( 'NONE', *, *, #7053, .T. ) ;
#2554 = CARTESIAN_POINT ( 'NONE',  ( -4.591619688868616045, 8.267716535433070391, -7.206675219446472269 ) ) ;
#2555 = ORIENTED_EDGE ( 'NONE', *, *, #1698, .T. ) ;
#2556 = VECTOR ( 'NONE', #9028, 39.37007874015748143 ) ;
#2557 = EDGE_CURVE ( 'NONE', #9428, #3265, #11124, .T. ) ;
#2558 = VECTOR ( 'NONE', #11388, 39.37007874015748143 ) ;
#2559 = VECTOR ( 'NONE', #2495, 39.37007874015748143 ) ;
#2560 = DIRECTION ( 'NONE',  ( -0.000000000000000000, -1.000000000000000000, -0.000000000000000000 ) ) ;
#2561 = CARTESIAN_POINT ( 'NONE',  ( 4.392152166776199351, 7.874015748031496287, 8.233332301718865764 ) ) ;
#2562 = EDGE_CURVE ( 'NONE', #2329, #4095, #7835, .T. ) ;
#2563 = CIRCLE ( 'NONE', #2384, 1.181102362204725420 ) ;
#2564 = PLANE ( 'NONE',  #9614 ) ;
#2565 = ORIENTED_EDGE ( 'NONE', *, *, #6788, .T. ) ;
#2566 = CARTESIAN_POINT ( 'NONE',  ( 2.073640607983706197, 1.564929772585096579, 0.7874015748031496509 ) ) ;
#2567 = DIRECTION ( 'NONE',  ( -0.000000000000000000, -0.000000000000000000, -1.000000000000000000 ) ) ;
#2568 =( GEOMETRIC_REPRESENTATION_CONTEXT ( 3 ) GLOBAL_UNCERTAINTY_ASSIGNED_CONTEXT ( ( #6741 ) ) GLOBAL_UNIT_ASSIGNED_CONTEXT ( ( #7475, #3085, #10069 ) ) REPRESENTATION_CONTEXT ( 'NONE', 'WORKASPACE' ) );
#2569 = LINE ( 'NONE', #9794, #10719 ) ;
#2570 = CARTESIAN_POINT ( 'NONE',  ( 4.361834186902580512, 2.352331347388247451, 0.3937007874015748254 ) ) ;
#2571 = AXIS2_PLACEMENT_3D ( 'NONE', #6518, #4711, #3871 ) ;
#2573 = ORIENTED_EDGE ( 'NONE', *, *, #3802, .F. ) ;
#2572 = AXIS2_PLACEMENT_3D ( 'NONE', #8059, #9886, #7295 ) ;
#2574 = CARTESIAN_POINT ( 'NONE',  ( 5.076339322998355996, 0.7108134046689844610, 4.952458352755249926 ) ) ;
#2575 = ORIENTED_EDGE ( 'NONE', *, *, #7360, .T. ) ;
#2576 = VECTOR ( 'NONE', #5438, 39.37007874015748143 ) ;
#2577 = EDGE_CURVE ( 'NONE', #6464, #11739, #8925, .T. ) ;
#2578 = PRODUCT_DEFINITION_FORMATION_WITH_SPECIFIED_SOURCE ( 'ANY', '', #1673, .NOT_KNOWN. ) ;
#2579 = VECTOR ( 'NONE', #10331, 39.37007874015748143 ) ;
#2580 = CIRCLE ( 'NONE', #10778, 0.1968503937007873017 ) ;
#2581 = PLANE ( 'NONE',  #5416 ) ;
#2582 = ORIENTED_EDGE ( 'NONE', *, *, #7824, .T. ) ;
#2583 = EDGE_CURVE ( 'NONE', #4646, #11109, #6124, .T. ) ;
#2584 = EDGE_LOOP ( 'NONE', ( #3172, #738 ) ) ;
#2585 = DIRECTION ( 'NONE',  ( 1.000000000000000000, 0.000000000000000000, 0.000000000000000000 ) ) ;
#2586 = VECTOR ( 'NONE', #2294, 39.37007874015748143 ) ;
#2587 = CARTESIAN_POINT ( 'NONE',  ( -3.192102363848778435, 3.937007874015748143, 7.897707860576848482 ) ) ;
#2588 = ORIENTED_EDGE ( 'NONE', *, *, #10224, .F. ) ;
#2589 = DIRECTION ( 'NONE',  ( 0.000000000000000000, 0.000000000000000000, 1.000000000000000000 ) ) ;
#2590 = EDGE_CURVE ( 'NONE', #56, #9192, #1509, .T. ) ;
#2591 = CARTESIAN_POINT ( 'NONE',  ( 5.905511811023626656, 3.937007874015748143, 5.965761340813557467 ) ) ;
#2592 = VECTOR ( 'NONE', #6418, 39.37007874015748143 ) ;
#2593 = CIRCLE ( 'NONE', #4705, 0.3937007874015751030 ) ;
#2594 = ORIENTED_EDGE ( 'NONE', *, *, #6185, .F. ) ;
#2595 = EDGE_CURVE ( 'NONE', #3520, #9315, #2339, .T. ) ;
#2596 = ORIENTED_EDGE ( 'NONE', *, *, #10886, .F. ) ;
#2597 = AXIS2_PLACEMENT_3D ( 'NONE', #7124, #3537, #6177 ) ;
#2598 = DIRECTION ( 'NONE',  ( -0.000000000000000000, -1.000000000000000000, -0.000000000000000000 ) ) ;
#2599 = FACE_OUTER_BOUND ( 'NONE', #2434, .T. ) ;
#2600 = DIRECTION ( 'NONE',  ( 1.000000000000000000, -6.982962677686194135E-15, 6.982962677686266711E-15 ) ) ;
#2601 = ORIENTED_EDGE ( 'NONE', *, *, #1165, .T. ) ;
#2602 = CARTESIAN_POINT ( 'NONE',  ( -3.693202048827113781, -10.44294424316293224, 0.3937007874015748254 ) ) ;
#2603 = VERTEX_POINT ( 'NONE', #11521 ) ;
#2604 = PLANE ( 'NONE',  #252 ) ;
#2605 = DIRECTION ( 'NONE',  ( 0.000000000000000000, -0.000000000000000000, 1.000000000000000000 ) ) ;
#2606 = FACE_OUTER_BOUND ( 'NONE', #1475, .T. ) ;
#2607 = LINE ( 'NONE', #11601, #1266 ) ;
#2608 = AXIS2_PLACEMENT_3D ( 'NONE', #1479, #8949, #4233 ) ;
#2609 = EDGE_CURVE ( 'NONE', #2231, #8279, #9795, .T. ) ;
#2610 = DIRECTION ( 'NONE',  ( 0.000000000000000000, 1.000000000000000000, 0.000000000000000000 ) ) ;
#2611 = CARTESIAN_POINT ( 'NONE',  ( 3.192102363848781987, 3.937007874015748143, 7.799282663726455844 ) ) ;
#2612 = VERTEX_POINT ( 'NONE', #6913 ) ;
#2613 = ADVANCED_FACE ( 'NONE', ( #11410 ), #8809, .F. ) ;
#2614 = CARTESIAN_POINT ( 'NONE',  ( 4.361834186902583177, -3.553180463635375208, 0.3937007874015748254 ) ) ;
#2615 = ORIENTED_EDGE ( 'NONE', *, *, #8545, .T. ) ;
#2616 = CARTESIAN_POINT ( 'NONE',  ( 4.921259842519685179, 1.368079378884309083, 0.3937007874015748254 ) ) ;
#2617 = DIRECTION ( 'NONE',  ( 1.000000000000000000, -1.387778780781444571E-14, 0.000000000000000000 ) ) ;
#2618 = VERTEX_POINT ( 'NONE', #5167 ) ;
#2619 = EDGE_LOOP ( 'NONE', ( #5415, #3583 ) ) ;
#2620 = CARTESIAN_POINT ( 'NONE',  ( -3.653534954903999488, 0.01986406393673360166, 0.3937007874015748254 ) ) ;
#2621 = EDGE_LOOP ( 'NONE', ( #5440, #2334, #8365, #4029 ) ) ;
#2622 = CARTESIAN_POINT ( 'NONE',  ( 2.703458040287971098, 3.149606299212599492, 7.086614173228346303 ) ) ;
#2623 = VERTEX_POINT ( 'NONE', #4376 ) ;
#2624 = LINE ( 'NONE', #4477, #6141 ) ;
#2625 = CARTESIAN_POINT ( 'NONE',  ( -3.560428057591566997, -12.24313273809901048, 0.3937007874015748254 ) ) ;
#2626 = VERTEX_POINT ( 'NONE', #9744 ) ;
#2627 = EDGE_CURVE ( 'NONE', #1828, #8258, #2458, .T. ) ;
#2628 = CARTESIAN_POINT ( 'NONE',  ( -0.1968503937007874127, -2.119596502482376632, 0.7874015748031496509 ) ) ;
#2629 = PLANE ( 'NONE',  #7919 ) ;
#2630 = CARTESIAN_POINT ( 'NONE',  ( -3.850385348604786984, 0.01986406393673362594, 0.000000000000000000 ) ) ;
#2631 = ORIENTED_EDGE ( 'NONE', *, *, #7702, .T. ) ;
#2632 = CARTESIAN_POINT ( 'NONE',  ( 0.1968503937007874127, -2.119596502482376632, 0.7874015748031496509 ) ) ;
#2633 = PLANE ( 'NONE',  #1472 ) ;
#2634 = LINE ( 'NONE', #957, #7326 ) ;
#2635 = DIRECTION ( 'NONE',  ( -1.000000000000000000, 0.000000000000000000, 0.000000000000000000 ) ) ;
#2636 = VERTEX_POINT ( 'NONE', #8023 ) ;
#2637 = CARTESIAN_POINT ( 'NONE',  ( 5.057056395473141563, 0.5659305545056082520, 5.013143970684241779 ) ) ;
#2639 = VERTEX_POINT ( 'NONE', #7025 ) ;
#2638 = PRODUCT ( 'Chassis Part 1', 'Chassis Part 1', '', ( #7339 ) ) ;
#2640 = FACE_OUTER_BOUND ( 'NONE', #2492, .T. ) ;
#2641 = ORIENTED_EDGE ( 'NONE', *, *, #6863, .T. ) ;
#2642 = ORIENTED_EDGE ( 'NONE', *, *, #10810, .T. ) ;
#2643 = DIRECTION ( 'NONE',  ( 0.000000000000000000, 0.000000000000000000, 1.000000000000000000 ) ) ;
#2644 = DIRECTION ( 'NONE',  ( 1.000000000000000000, 3.559243557031707296E-15, 0.000000000000000000 ) ) ;
#2645 = ORIENTED_EDGE ( 'NONE', *, *, #7911, .T. ) ;
#2646 = EDGE_CURVE ( 'NONE', #4714, #10013, #8400, .T. ) ;
#2647 = LINE ( 'NONE', #1682, #4847 ) ;
#2648 = VECTOR ( 'NONE', #3893, 39.37007874015748854 ) ;
#2649 = CARTESIAN_POINT ( 'NONE',  ( -4.078179144149599367, -0.6432185497264709673, 0.000000000000000000 ) ) ;
#2650 = ORIENTED_EDGE ( 'NONE', *, *, #3129, .T. ) ;
#2651 = LINE ( 'NONE', #1526, #8707 ) ;
#2652 = DIRECTION ( 'NONE',  ( 1.000000000000000000, 0.000000000000000000, 4.047688110612550544E-16 ) ) ;
#2653 = DIRECTION ( 'NONE',  ( 1.000000000000000000, -6.982962677686194135E-15, 6.982962677686266711E-15 ) ) ;
#2654 = VERTEX_POINT ( 'NONE', #6859 ) ;
#2655 = AXIS2_PLACEMENT_3D ( 'NONE', #940, #163, #6586 ) ;
#2656 = ADVANCED_FACE ( 'NONE', ( #601 ), #6134, .F. ) ;
#2657 = LENGTH_MEASURE_WITH_UNIT ( LENGTH_MEASURE( 0.02539999999999999897 ), #7223 );
#2658 = VERTEX_POINT ( 'NONE', #2281 ) ;
#2659 = DIRECTION ( 'NONE',  ( -0.000000000000000000, -0.000000000000000000, 1.000000000000000000 ) ) ;
#2660 = PRODUCT_DEFINITION_CONTEXT ( 'detailed design', #1052, 'design' ) ;
#2661 = CARTESIAN_POINT ( 'NONE',  ( -4.361834186902581401, -11.42719621166687105, 0.000000000000000000 ) ) ;
#2662 = EDGE_CURVE ( 'NONE', #11208, #5184, #3631, .T. ) ;
#2663 = CARTESIAN_POINT ( 'NONE',  ( 2.703458040287971098, 0.000000000000000000, -7.731481024822777215 ) ) ;
#2664 = DIRECTION ( 'NONE',  ( 0.000000000000000000, 1.000000000000000000, -0.000000000000000000 ) ) ;
#2665 = CARTESIAN_POINT ( 'NONE',  ( 3.456684561203211992, -1.306301163389676168, 0.000000000000000000 ) ) ;
#2666 = CARTESIAN_POINT ( 'NONE',  ( -4.716527080888250900, -1.295201033765735366, 0.000000000000000000 ) ) ;
#2667 = ORIENTED_EDGE ( 'NONE', *, *, #2309, .T. ) ;
#2668 = EDGE_CURVE ( 'NONE', #1114, #5403, #3246, .T. ) ;
#2669 = AXIS2_PLACEMENT_3D ( 'NONE', #10061, #6567, #9239 ) ;
#2670 = AXIS2_PLACEMENT_3D ( 'NONE', #198, #8218, #3857 ) ;
#2671 =( NAMED_UNIT ( * ) SI_UNIT ( $, .STERADIAN. ) SOLID_ANGLE_UNIT ( ) );
#2672 = ORIENTED_EDGE ( 'NONE', *, *, #7081, .T. ) ;
#2673 = DIRECTION ( 'NONE',  ( 0.000000000000000000, 0.000000000000000000, 1.000000000000000000 ) ) ;
#2674 = FACE_OUTER_BOUND ( 'NONE', #4341, .T. ) ;
#2675 = EDGE_LOOP ( 'NONE', ( #3739, #3591, #10569, #11779, #1712, #11367, #6089, #10299 ) ) ;
#2676 = EDGE_CURVE ( 'NONE', #1450, #8522, #544, .T. ) ;
#2677 = ORIENTED_EDGE ( 'NONE', *, *, #702, .F. ) ;
#2678 = AXIS2_PLACEMENT_3D ( 'NONE', #236, #11096, #8323 ) ;
#2679 = CARTESIAN_POINT ( 'NONE',  ( 5.179553741579351112, 9.448818897637794478, -7.559072353315134052 ) ) ;
#2680 = EDGE_LOOP ( 'NONE', ( #6853, #5162 ) ) ;
#2681 = EDGE_CURVE ( 'NONE', #5107, #5459, #10521, .T. ) ;
#2682 = DIRECTION ( 'NONE',  ( 0.000000000000000000, 0.000000000000000000, 1.000000000000000000 ) ) ;
#2683 = EDGE_LOOP ( 'NONE', ( #10789, #2429, #10923, #7688 ) ) ;
#2684 = CARTESIAN_POINT ( 'NONE',  ( -3.693202048827116002, 1.368079378884309083, 0.7874015748031496509 ) ) ;
#2685 = CARTESIAN_POINT ( 'NONE',  ( 3.299501261425539234, -6.505936369147188536, 0.7874015748031496509 ) ) ;
#2686 = ORIENTED_EDGE ( 'NONE', *, *, #9093, .T. ) ;
#2687 = ADVANCED_BREP_SHAPE_REPRESENTATION ( '', ( #2355, #7171 ), #6996 ) ;
#2688 = AXIS2_PLACEMENT_3D ( 'NONE', #5139, #7885, #452 ) ;
#2689 = DIRECTION ( 'NONE',  ( 0.000000000000000000, 0.000000000000000000, 1.000000000000000000 ) ) ;
#2690 = DIRECTION ( 'NONE',  ( 0.000000000000000000, 0.000000000000000000, 1.000000000000000000 ) ) ;
#2691 = LINE ( 'NONE', #1780, #4671 ) ;
#2692 = ORIENTED_EDGE ( 'NONE', *, *, #10607, .T. ) ;
#2693 = EDGE_CURVE ( 'NONE', #159, #10996, #4204, .T. ) ;
#2694 = PLANE ( 'NONE',  #3810 ) ;
#2695 = CARTESIAN_POINT ( 'NONE',  ( 6.496062992125987812, -0.3937007874015748254, 0.3937007874015767128 ) ) ;
#2696 = DIRECTION ( 'NONE',  ( -6.974461859016096189E-15, 0.000000000000000000, -1.000000000000000000 ) ) ;
#2697 = CARTESIAN_POINT ( 'NONE',  ( 3.740157480314960647, -10.75790487308419685, 0.3937007874015748254 ) ) ;
#2698 = EDGE_LOOP ( 'NONE', ( #2187, #4278, #6034, #1210 ) ) ;
#2699 = FACE_BOUND ( 'NONE', #10900, .T. ) ;
#2700 = EDGE_LOOP ( 'NONE', ( #4166, #10283, #2650, #8130 ) ) ;
#2701 = AXIS2_PLACEMENT_3D ( 'NONE', #11247, #7522, #4036 ) ;
#2702 = CARTESIAN_POINT ( 'NONE',  ( 0.5905511811023621549, 3.336583315892183155, 0.000000000000000000 ) ) ;
#2703 = ORIENTED_EDGE ( 'NONE', *, *, #7924, .T. ) ;
#2704 = EDGE_LOOP ( 'NONE', ( #7506, #4972, #1566, #2862 ) ) ;
#2705 = DIRECTION ( 'NONE',  ( -0.000000000000000000, -1.000000000000000000, -0.000000000000000000 ) ) ;
#2706 = DIRECTION ( 'NONE',  ( 0.3500634545916463392, 0.000000000000000000, -0.9367259886217327303 ) ) ;
#2707 = ORIENTED_EDGE ( 'NONE', *, *, #7061, .T. ) ;
#2708 = CARTESIAN_POINT ( 'NONE',  ( -5.050733387838994837, 0.5191887248279448697, 5.033742808575762950 ) ) ;
#2709 = CARTESIAN_POINT ( 'NONE',  ( 2.952755905511811108, 2.155480953687459067, 0.3937007874015748254 ) ) ;
#2710 = CARTESIAN_POINT ( 'NONE',  ( -2.464506571609101471, -6.438859693790625727, 0.3937007874015748254 ) ) ;
#2711 = CLOSED_SHELL ( 'NONE', ( #9050, #7504, #4854, #6573, #2816, #1643, #11771, #11415, #961, #6569, #10142, #712, #8111, #5673, #3453, #5692, #2438, #8285, #5987, #2613, #4143, #1618, #8648, #7118, #2435, #4796, #9229, #7115, #4570, #1229, #3642, #590, #2756, #9135, #8915, #5094, #3350, #10254, #9009, #2411, #1576, #7188, #10204, #9955, #3708, #2969, #9650, #7298, #1945, #9118 ) ) ;
#2712 = ADVANCED_FACE ( 'NONE', ( #5219 ), #8858, .T. ) ;
#2713 = DIRECTION ( 'NONE',  ( 0.000000000000000000, 0.000000000000000000, 1.000000000000000000 ) ) ;
#2714 = CARTESIAN_POINT ( 'NONE',  ( 28.43126317995583463, 30.74889284742819129, 48.36900447572730144 ) ) ;
#2715 = EDGE_LOOP ( 'NONE', ( #2455, #6071, #903, #3010 ) ) ;
#2716 = ORIENTED_EDGE ( 'NONE', *, *, #11702, .F. ) ;
#2717 = CARTESIAN_POINT ( 'NONE',  ( 4.273251509737228560, -5.521684400643250612, 0.000000000000000000 ) ) ;
#2718 = CYLINDRICAL_SURFACE ( 'NONE', #1814, 0.1968503937007874127 ) ;
#2719 = FACE_OUTER_BOUND ( 'NONE', #6250, .T. ) ;
#2720 = CYLINDRICAL_SURFACE ( 'NONE', #7405, 0.08858267716535440928 ) ;
#2721 = CARTESIAN_POINT ( 'NONE',  ( 4.921259842519688732, -10.44294424316293224, 0.3937007874015748254 ) ) ;
#2722 = EDGE_LOOP ( 'NONE', ( #7797, #3299, #6539, #6763 ) ) ;
#2723 = EDGE_CURVE ( 'NONE', #6972, #10913, #6490, .T. ) ;
#2724 = EDGE_CURVE ( 'NONE', #9148, #9979, #10864, .T. ) ;
#2725 = VERTEX_POINT ( 'NONE', #9034 ) ;
#2726 = AXIS2_PLACEMENT_3D ( 'NONE', #4210, #8087, #8032 ) ;
#2727 = CARTESIAN_POINT ( 'NONE',  ( 2.952755905511811108, 3.336583315892183155, 0.000000000000000000 ) ) ;
#2728 = FACE_OUTER_BOUND ( 'NONE', #6078, .T. ) ;
#2729 = ORIENTED_EDGE ( 'NONE', *, *, #5169, .F. ) ;
#2730 = CIRCLE ( 'NONE', #5035, 0.08858267716535440928 ) ;
#2731 = ORIENTED_EDGE ( 'NONE', *, *, #10396, .T. ) ;
#2732 = DIRECTION ( 'NONE',  ( 0.9367259886217326192, -0.000000000000000000, 0.3500634545916462836 ) ) ;
#2733 = ORIENTED_EDGE ( 'NONE', *, *, #4074, .T. ) ;
#2734 = CARTESIAN_POINT ( 'NONE',  ( -3.693202048827116002, 0.9743785914827339800, 0.3937007874015748254 ) ) ;
#2735 = ORIENTED_EDGE ( 'NONE', *, *, #6118, .F. ) ;
#2736 = DIRECTION ( 'NONE',  ( -0.000000000000000000, -1.000000000000000000, -0.000000000000000000 ) ) ;
#2737 = DIRECTION ( 'NONE',  ( 0.000000000000000000, 0.000000000000000000, 1.000000000000000000 ) ) ;
#2738 = CIRCLE ( 'NONE', #9607, 0.1968503937007873017 ) ;
#2739 = VERTEX_POINT ( 'NONE', #8262 ) ;
#2740 = ADVANCED_FACE ( 'NONE', ( #5584 ), #10919, .F. ) ;
#2741 = CARTESIAN_POINT ( 'NONE',  ( -4.361834186902581401, -11.42719621166687105, 0.000000000000000000 ) ) ;
#2742 = AXIS2_PLACEMENT_3D ( 'NONE', #7499, #5715, #9446 ) ;
#2743 = CYLINDRICAL_SURFACE ( 'NONE', #8862, 1.181102362204724976 ) ;
#2744 = DIRECTION ( 'NONE',  ( 0.000000000000000000, -1.000000000000000000, 0.000000000000000000 ) ) ;
#2745 = DIRECTION ( 'NONE',  ( -0.000000000000000000, -0.000000000000000000, -1.000000000000000000 ) ) ;
#2746 = ORIENTED_EDGE ( 'NONE', *, *, #4800, .T. ) ;
#2747 = PLANE ( 'NONE',  #2450 ) ;
#2748 = CARTESIAN_POINT ( 'NONE',  ( 5.179553741579351112, 9.055118110236220375, 7.445930726915714004 ) ) ;
#2749 = VECTOR ( 'NONE', #6973, 39.37007874015748143 ) ;
#2750 = VECTOR ( 'NONE', #4145, 39.37007874015748854 ) ;
#2751 = FACE_OUTER_BOUND ( 'NONE', #2058, .T. ) ;
#2752 = LINE ( 'NONE', #4673, #5354 ) ;
#2753 = VERTEX_POINT ( 'NONE', #2821 ) ;
#2754 = CARTESIAN_POINT ( 'NONE',  ( 5.016213874479740653, 0.000000000000000000, 5.118110236220515752 ) ) ;
#2755 = ORIENTED_EDGE ( 'NONE', *, *, #5046, .T. ) ;
#2756 = ADVANCED_FACE ( 'NONE', ( #67 ), #1916, .T. ) ;
#2757 = VECTOR ( 'NONE', #1848, 39.37007874015748143 ) ;
#2758 = VECTOR ( 'NONE', #8011, 39.37007874015748143 ) ;
#2759 = EDGE_CURVE ( 'NONE', #9291, #11640, #4553, .T. ) ;
#2760 = VECTOR ( 'NONE', #8842, 39.37007874015748143 ) ;
#2761 = CARTESIAN_POINT ( 'NONE',  ( 4.184668832571872166, 2.352331347388247451, 0.000000000000000000 ) ) ;
#2762 = EDGE_LOOP ( 'NONE', ( #6528, #68 ) ) ;
#2763 = AXIS2_PLACEMENT_3D ( 'NONE', #9194, #2013, #3938 ) ;
#2764 = AXIS2_PLACEMENT_3D ( 'NONE', #2319, #5995, #4522 ) ;
#2765 = ORIENTED_EDGE ( 'NONE', *, *, #11119, .F. ) ;
#2766 = LINE ( 'NONE', #10869, #1387 ) ;
#2767 = CARTESIAN_POINT ( 'NONE',  ( -2.467341395385281633, 1.564929772585096579, 0.7874015748031496509 ) ) ;
#2768 = ORIENTED_EDGE ( 'NONE', *, *, #2146, .F. ) ;
#2769 = CARTESIAN_POINT ( 'NONE',  ( -5.016213874479759305, 0.05326146799755292205, 5.118110236220466014 ) ) ;
#2770 = VECTOR ( 'NONE', #2913, 39.37007874015748143 ) ;
#2771 = CARTESIAN_POINT ( 'NONE',  ( -7.232166136696967594E-17, 3.927134496994546087, 1.968503937007874072 ) ) ;
#2772 = PRODUCT_DEFINITION_FORMATION_WITH_SPECIFIED_SOURCE ( 'ANY', '', #2525, .NOT_KNOWN. ) ;
#2773 = CIRCLE ( 'NONE', #4310, 0.1968503937007875793 ) ;
#2774 = EDGE_CURVE ( 'NONE', #783, #9606, #2752, .T. ) ;
#2775 = CARTESIAN_POINT ( 'NONE',  ( 3.560428057591566997, 3.168267873820385105, 0.000000000000000000 ) ) ;
#2776 = ORIENTED_EDGE ( 'NONE', *, *, #5702, .F. ) ;
#2777 = AXIS2_PLACEMENT_3D ( 'NONE', #5054, #7922, #10531 ) ;
#2778 = CARTESIAN_POINT ( 'NONE',  ( 3.740157480314960647, 1.683040008805569476, 0.3937007874015748254 ) ) ;
#2779 = ORIENTED_EDGE ( 'NONE', *, *, #10418, .F. ) ;
#2780 = DIRECTION ( 'NONE',  ( 1.156482317317871478E-16, 1.000000000000000000, 0.000000000000000000 ) ) ;
#2781 = CARTESIAN_POINT ( 'NONE',  ( 2.467341395385281633, 1.564929772585096579, 0.3937007874015748254 ) ) ;
#2782 = CIRCLE ( 'NONE', #10975, 1.181102362204725420 ) ;
#2783 = VECTOR ( 'NONE', #9709, 39.37007874015748854 ) ;
#2784 = CARTESIAN_POINT ( 'NONE',  ( -3.693202048827116002, 0.9743785914827342021, 0.7874015748031496509 ) ) ;
#2785 = CARTESIAN_POINT ( 'NONE',  ( -0.1968503937007875237, 0.8331594030294345865, 0.7874015748031496509 ) ) ;
#2786 = ADVANCED_FACE ( 'NONE', ( #8201 ), #7384, .F. ) ;
#2787 = EDGE_LOOP ( 'NONE', ( #9073, #6252, #5115, #9613 ) ) ;
#2788 = VECTOR ( 'NONE', #5281, 39.37007874015748143 ) ;
#2789 = EDGE_CURVE ( 'NONE', #3623, #1354, #10805, .T. ) ;
#2790 = FACE_OUTER_BOUND ( 'NONE', #4221, .T. ) ;
#2791 = ORIENTED_EDGE ( 'NONE', *, *, #6678, .T. ) ;
#2792 = VERTEX_POINT ( 'NONE', #900 ) ;
#2793 = VECTOR ( 'NONE', #7664, 39.37007874015748143 ) ;
#2794 = LINE ( 'NONE', #10192, #10222 ) ;
#2795 = DIRECTION ( 'NONE',  ( -0.000000000000000000, -0.000000000000000000, -1.000000000000000000 ) ) ;
#2796 = ORIENTED_EDGE ( 'NONE', *, *, #10396, .F. ) ;
#2797 = VERTEX_POINT ( 'NONE', #10740 ) ;
#2798 = AXIS2_PLACEMENT_3D ( 'NONE', #7559, #6722, #1251 ) ;
#2799 = LINE ( 'NONE', #1954, #7746 ) ;
#2800 = VERTEX_POINT ( 'NONE', #1786 ) ;
#2801 = DIRECTION ( 'NONE',  ( 1.000000000000000000, 0.000000000000000000, 0.000000000000000000 ) ) ;
#2802 = VERTEX_POINT ( 'NONE', #2570 ) ;
#2803 = DIRECTION ( 'NONE',  ( -0.000000000000000000, -1.000000000000000000, -0.000000000000000000 ) ) ;
#2804 = EDGE_CURVE ( 'NONE', #8843, #8485, #9724, .T. ) ;
#2805 = FACE_OUTER_BOUND ( 'NONE', #8946, .T. ) ;
#2806 = ORIENTED_EDGE ( 'NONE', *, *, #9666, .T. ) ;
#2807 = ADVANCED_FACE ( 'NONE', ( #4431 ), #8081, .F. ) ;
#2808 = CIRCLE ( 'NONE', #890, 1.181102362204725420 ) ;
#2809 = EDGE_CURVE ( 'NONE', #3891, #10339, #8148, .T. ) ;
#2810 = DIRECTION ( 'NONE',  ( -5.551115123125780730E-16, -1.000000000000000000, 0.000000000000000000 ) ) ;
#2811 = VERTEX_POINT ( 'NONE', #3540 ) ;
#2812 = DIRECTION ( 'NONE',  ( 0.000000000000000000, 0.000000000000000000, 1.000000000000000000 ) ) ;
#2813 = DIRECTION ( 'NONE',  ( -0.000000000000000000, -0.000000000000000000, 1.000000000000000000 ) ) ;
#2814 = CARTESIAN_POINT ( 'NONE',  ( 3.560428057591566997, -12.24313273809901048, 0.3937007874015748254 ) ) ;
#2815 = DIRECTION ( 'NONE',  ( 1.000000000000000000, 0.000000000000000000, 0.000000000000000000 ) ) ;
#2816 = ADVANCED_FACE ( 'NONE', ( #1731 ), #833, .F. ) ;
#2817 = ORIENTED_EDGE ( 'NONE', *, *, #553, .T. ) ;
#2818 = DIRECTION ( 'NONE',  ( -0.000000000000000000, -1.000000000000000000, -0.000000000000000000 ) ) ;
#2819 = PRESENTATION_STYLE_ASSIGNMENT (( #4670 ) ) ;
#2820 = CARTESIAN_POINT ( 'NONE',  ( 1.261104803704728772, 9.448818897637794478, -0.04859674123851733668 ) ) ;
#2821 = CARTESIAN_POINT ( 'NONE',  ( -5.905511811023685276, 0.000000000000000000, 5.118110236220464238 ) ) ;
#2822 = EDGE_CURVE ( 'NONE', #10913, #10039, #11757, .T. ) ;
#2823 = CARTESIAN_POINT ( 'NONE',  ( 5.118110236220535292, 1.094869752700220245, 4.676490047421016705 ) ) ;
#2824 = EDGE_LOOP ( 'NONE', ( #5688, #3601, #6404, #7815 ) ) ;
#2825 = LINE ( 'NONE', #6496, #1011 ) ;
#2826 = ORIENTED_EDGE ( 'NONE', *, *, #4933, .T. ) ;
#2827 = EDGE_CURVE ( 'NONE', #9396, #3794, #7259, .T. ) ;
#2828 = VERTEX_POINT ( 'NONE', #5463 ) ;
#2829 = CARTESIAN_POINT ( 'NONE',  ( 0.000000000000000000, 0.000000000000000000, 0.000000000000000000 ) ) ;
#2830 = DIRECTION ( 'NONE',  ( 0.000000000000000000, 0.000000000000000000, 1.000000000000000000 ) ) ;
#2831 = DIRECTION ( 'NONE',  ( 0.000000000000000000, 0.000000000000000000, -1.000000000000000000 ) ) ;
#2832 = ADVANCED_FACE ( 'NONE', ( #9102 ), #11, .F. ) ;
#2833 = DIRECTION ( 'NONE',  ( -0.000000000000000000, 1.000000000000000000, -0.000000000000000000 ) ) ;
#2834 = DIRECTION ( 'NONE',  ( 0.000000000000000000, 0.000000000000000000, 1.000000000000000000 ) ) ;
#2835 = PRODUCT_DEFINITION_SHAPE ( 'NONE', 'NONE',  #11799 ) ;
#2836 = CARTESIAN_POINT ( 'NONE',  ( 1.261104803704728772, 7.874015748031496287, -0.04859674123851733668 ) ) ;
#2837 = CONTEXT_DEPENDENT_SHAPE_REPRESENTATION ( #4734, #8277 ) ;
#2838 = ORIENTED_EDGE ( 'NONE', *, *, #4026, .F. ) ;
#2839 = ORIENTED_EDGE ( 'NONE', *, *, #3180, .T. ) ;
#2840 = DIRECTION ( 'NONE',  ( 0.000000000000000000, 1.000000000000000000, -0.000000000000000000 ) ) ;
#2841 = CARTESIAN_POINT ( 'NONE',  ( -2.073640607983706197, 1.564929772585094581, 0.3937007874015748254 ) ) ;
#2842 = AXIS2_PLACEMENT_3D ( 'NONE', #6224, #4542, #11566 ) ;
#2843 = EDGE_CURVE ( 'NONE', #4044, #4935, #4016, .T. ) ;
#2844 = CARTESIAN_POINT ( 'NONE',  ( 4.921259842519685179, 1.683040008805569476, 0.3937007874015748254 ) ) ;
#2845 = LINE ( 'NONE', #152, #3250 ) ;
#2846 = ORIENTED_EDGE ( 'NONE', *, *, #7937, .T. ) ;
#2847 = VECTOR ( 'NONE', #9780, 39.37007874015748143 ) ;
#2848 = DIRECTION ( 'NONE',  ( 0.000000000000000000, 0.000000000000000000, 1.000000000000000000 ) ) ;
#2849 = EDGE_LOOP ( 'NONE', ( #11544, #3822, #10657, #7507 ) ) ;
#2850 = ORIENTED_EDGE ( 'NONE', *, *, #11204, .T. ) ;
#2851 = LINE ( 'NONE', #10304, #11348 ) ;
#2852 = ORIENTED_EDGE ( 'NONE', *, *, #7502, .F. ) ;
#2853 = ORIENTED_EDGE ( 'NONE', *, *, #8798, .T. ) ;
#2854 = CARTESIAN_POINT ( 'NONE',  ( -2.464506571609101471, -2.698702213475664191, 0.3937007874015748254 ) ) ;
#2855 = ORIENTED_EDGE ( 'NONE', *, *, #8532, .F. ) ;
#2856 = DIRECTION ( 'NONE',  ( -0.000000000000000000, -0.000000000000000000, -1.000000000000000000 ) ) ;
#2857 = ORIENTED_EDGE ( 'NONE', *, *, #8945, .T. ) ;
#2858 = AXIS2_PLACEMENT_3D ( 'NONE', #5114, #7804, #1613 ) ;
#2859 = AXIS2_PLACEMENT_3D ( 'NONE', #2785, #5616, #6514 ) ;
#2860 = CARTESIAN_POINT ( 'NONE',  ( -3.560428057591566997, -12.24313273809901048, 0.3937007874015748254 ) ) ;
#2861 = DIRECTION ( 'NONE',  ( 0.000000000000000000, 0.000000000000000000, 1.000000000000000000 ) ) ;
#2862 = ORIENTED_EDGE ( 'NONE', *, *, #3492, .T. ) ;
#2863 = FACE_OUTER_BOUND ( 'NONE', #7369, .T. ) ;
#2864 = CARTESIAN_POINT ( 'NONE',  ( -0.5905511811023621549, -13.59255054237553573, 0.000000000000000000 ) ) ;
#2865 = AXIS2_PLACEMENT_3D ( 'NONE', #2684, #6286, #11618 ) ;
#2866 = VECTOR ( 'NONE', #347, 39.37007874015748143 ) ;
#2867 = EDGE_CURVE ( 'NONE', #2753, #11233, #4851, .T. ) ;
#2868 = CARTESIAN_POINT ( 'NONE',  ( -3.693202048827115558, -2.568928495131439060, 0.3937007874015748254 ) ) ;
#2869 = FACE_OUTER_BOUND ( 'NONE', #7619, .T. ) ;
#2870 = DIRECTION ( 'NONE',  ( -1.000000000000000000, 1.156482317317872465E-16, 0.000000000000000000 ) ) ;
#2871 = ORIENTED_EDGE ( 'NONE', *, *, #9026, .F. ) ;
#2872 = FACE_OUTER_BOUND ( 'NONE', #2451, .T. ) ;
#2873 =( CONVERSION_BASED_UNIT ( 'INCH', #8321 ) LENGTH_UNIT ( ) NAMED_UNIT ( #5918 ) );
#2874 = ADVANCED_FACE ( 'NONE', ( #2151 ), #8495, .F. ) ;
#2875 = LINE ( 'NONE', #235, #1003 ) ;
#2876 = DIRECTION ( 'NONE',  ( 0.000000000000000000, 1.000000000000000000, 0.000000000000000000 ) ) ;
#2877 = CARTESIAN_POINT ( 'NONE',  ( -2.952755905511811108, -12.41144818017080986, 0.3937007874015748254 ) ) ;
#2878 = ORIENTED_EDGE ( 'NONE', *, *, #1823, .T. ) ;
#2879 = AXIS2_PLACEMENT_3D ( 'NONE', #220, #5570, #1236 ) ;
#2880 = EDGE_CURVE ( 'NONE', #6726, #10465, #2290, .T. ) ;
#2881 = ADVANCED_FACE ( 'NONE', ( #5822 ), #5648, .F. ) ;
#2882 = LINE ( 'NONE', #4558, #4837 ) ;
#2883 = ORIENTED_EDGE ( 'NONE', *, *, #1574, .F. ) ;
#2884 = VECTOR ( 'NONE', #3452, 39.37007874015748143 ) ;
#2885 = ORIENTED_EDGE ( 'NONE', *, *, #4485, .F. ) ;
#2886 = CARTESIAN_POINT ( 'NONE',  ( 2.858207359010677351, -2.698702213475663303, 0.7874015748031496509 ) ) ;
#2887 = CYLINDRICAL_SURFACE ( 'NONE', #682, 1.181102362204725420 ) ;
#2888 = LINE ( 'NONE', #9350, #607 ) ;
#2889 = ORIENTED_EDGE ( 'NONE', *, *, #11345, .T. ) ;
#2890 = PLANE ( 'NONE',  #9788 ) ;
#2891 = APPLICATION_CONTEXT ( 'automotive_design' ) ;
#2892 = PLANE ( 'NONE',  #2670 ) ;
#2893 = EDGE_CURVE ( 'NONE', #10050, #8830, #10327, .T. ) ;
#2894 = AXIS2_PLACEMENT_3D ( 'NONE', #10929, #6441, #10048 ) ;
#2895 = PLANE ( 'NONE',  #9836 ) ;
#2896 = CONTEXT_DEPENDENT_SHAPE_REPRESENTATION ( #5741, #10922 ) ;
#2897 = ORIENTED_EDGE ( 'NONE', *, *, #6172, .F. ) ;
#2898 = ORIENTED_EDGE ( 'NONE', *, *, #5894, .T. ) ;
#2899 = CARTESIAN_POINT ( 'NONE',  ( -2.778641590709042930, 3.937007874015748143, -7.972440944881890701 ) ) ;
#2900 = LINE ( 'NONE', #7524, #2207 ) ;
#2901 = CARTESIAN_POINT ( 'NONE',  ( 2.467341395385281633, 3.336583315892183155, 0.7874015748031496509 ) ) ;
#2902 = CARTESIAN_POINT ( 'NONE',  ( -4.273251509737226783, -3.553180463635376096, 0.000000000000000000 ) ) ;
#2903 = CYLINDRICAL_SURFACE ( 'NONE', #4987, 0.08858267716535440928 ) ;
#2904 = EDGE_LOOP ( 'NONE', ( #9585, #219, #410, #2594 ) ) ;
#2905 = EDGE_CURVE ( 'NONE', #10913, #201, #131, .T. ) ;
#2906 = DIRECTION ( 'NONE',  ( -0.9367259886217340625, 0.000000000000000000, 0.3500634545916422868 ) ) ;
#2907 = ORIENTED_EDGE ( 'NONE', *, *, #429, .F. ) ;
#2908 = EDGE_CURVE ( 'NONE', #5869, #5971, #9503, .T. ) ;
#2909 = LINE ( 'NONE', #6579, #1060 ) ;
#2910 = DIRECTION ( 'NONE',  ( -0.000000000000000000, -0.000000000000000000, 1.000000000000000000 ) ) ;
#2911 = EDGE_LOOP ( 'NONE', ( #11428, #2130, #6523, #1869 ) ) ;
#2912 = ORIENTED_EDGE ( 'NONE', *, *, #5210, .F. ) ;
#2913 = DIRECTION ( 'NONE',  ( -1.000000000000000000, 0.000000000000000000, 0.000000000000000000 ) ) ;
#2914 = AXIS2_PLACEMENT_3D ( 'NONE', #3478, #4430, #5527 ) ;
#2915 = ORIENTED_EDGE ( 'NONE', *, *, #8502, .T. ) ;
#2916 = DIRECTION ( 'NONE',  ( 0.000000000000000000, 0.000000000000000000, 1.000000000000000000 ) ) ;
#2917 = ORIENTED_EDGE ( 'NONE', *, *, #9926, .F. ) ;
#2918 = DIRECTION ( 'NONE',  ( 0.000000000000000000, 0.000000000000000000, 1.000000000000000000 ) ) ;
#2919 = DIRECTION ( 'NONE',  ( -0.000000000000000000, -0.000000000000000000, -1.000000000000000000 ) ) ;
#2920 = ORIENTED_EDGE ( 'NONE', *, *, #9253, .T. ) ;
#2921 = AXIS2_PLACEMENT_3D ( 'NONE', #5539, #3668, #1679 ) ;
#2922 = DIRECTION ( 'NONE',  ( -0.000000000000000000, -0.000000000000000000, -1.000000000000000000 ) ) ;
#2923 = ORIENTED_EDGE ( 'NONE', *, *, #415, .F. ) ;
#2924 = EDGE_CURVE ( 'NONE', #9656, #3388, #8411, .T. ) ;
#2925 = DIRECTION ( 'NONE',  ( -0.000000000000000000, 1.000000000000000000, -0.000000000000000000 ) ) ;
#2926 = LINE ( 'NONE', #1183, #8487 ) ;
#2927 = LINE ( 'NONE', #9208, #11491 ) ;
#2928 = DIRECTION ( 'NONE',  ( 1.000000000000000000, 0.000000000000000000, 0.000000000000000000 ) ) ;
#2929 = ORIENTED_EDGE ( 'NONE', *, *, #10263, .T. ) ;
#2930 = CIRCLE ( 'NONE', #818, 0.3937007874015748254 ) ;
#2931 = DIRECTION ( 'NONE',  ( -0.000000000000000000, 1.000000000000000000, -0.000000000000000000 ) ) ;
#2932 = LINE ( 'NONE', #1013, #11179 ) ;
#2933 = AXIS2_PLACEMENT_3D ( 'NONE', #11389, #8550, #4963 ) ;
#2934 = CARTESIAN_POINT ( 'NONE',  ( 3.299501261425538789, -10.44294424316293224, 0.7874015748031496509 ) ) ;
#2935 = CARTESIAN_POINT ( 'NONE',  ( 0.000000000000000000, 3.937007874015748143, -8.464566929133857442 ) ) ;
#2936 = FACE_OUTER_BOUND ( 'NONE', #8658, .T. ) ;
#2938 = ORIENTED_EDGE ( 'NONE', *, *, #2562, .F. ) ;
#2937 = PRODUCT_DEFINITION_SHAPE ( 'NONE', 'NONE',  #11802 ) ;
#2939 = EDGE_CURVE ( 'NONE', #8669, #3891, #4739, .T. ) ;
#2940 = AXIS2_PLACEMENT_3D ( 'NONE', #5056, #8040, #7816 ) ;
#2941 = LINE ( 'NONE', #241, #2979 ) ;
#2942 = CARTESIAN_POINT ( 'NONE',  ( -4.985320476270190149, 7.874015748031496287, -7.165371565913558172 ) ) ;
#2943 = ORIENTED_EDGE ( 'NONE', *, *, #1847, .T. ) ;
#2944 = CIRCLE ( 'NONE', #10184, 0.08858267716535496439 ) ;
#2945 = ORIENTED_EDGE ( 'NONE', *, *, #8054, .F. ) ;
#2946 = CARTESIAN_POINT ( 'NONE',  ( 3.192102363848786872, 3.937007874015748143, 7.897707860576847594 ) ) ;
#2947 = FACE_OUTER_BOUND ( 'NONE', #4277, .T. ) ;
#2948 = LINE ( 'NONE', #7633, #11661 ) ;
#2949 = VECTOR ( 'NONE', #2813, 39.37007874015748143 ) ;
#2950 = VECTOR ( 'NONE', #3195, 39.37007874015748143 ) ;
#2951 = CARTESIAN_POINT ( 'NONE',  ( -3.693202048827113781, -6.505936369147188536, 0.3937007874015748254 ) ) ;
#2952 = DIRECTION ( 'NONE',  ( 0.000000000000000000, -1.000000000000000000, 0.000000000000000000 ) ) ;
#2953 = ADVANCED_FACE ( 'NONE', ( #11282 ), #181, .F. ) ;
#2954 = AXIS2_PLACEMENT_3D ( 'NONE', #6770, #1247, #5019 ) ;
#2955 = ADVANCED_FACE ( 'NONE', ( #6608 ), #3789, .F. ) ;
#2956 = EDGE_CURVE ( 'NONE', #10943, #2828, #5557, .T. ) ;
#2957 = AXIS2_PLACEMENT_3D ( 'NONE', #11089, #10212, #7554 ) ;
#2958 = CIRCLE ( 'NONE', #10001, 1.181102362204725420 ) ;
#2959 = CARTESIAN_POINT ( 'NONE',  ( 3.693202048827114670, -2.568928495131438172, 0.3937007874015748254 ) ) ;
#2960 = PRODUCT_CONTEXT ( 'NONE', #2273, 'mechanical' ) ;
#2961 = VERTEX_POINT ( 'NONE', #10152 ) ;
#2962 = ORIENTED_EDGE ( 'NONE', *, *, #764, .F. ) ;
#2963 = CARTESIAN_POINT ( 'NONE',  ( -5.137870221958633188, 0.000000000000000000, -7.072130618713249994 ) ) ;
#2964 = AXIS2_PLACEMENT_3D ( 'NONE', #3943, #5747, #6655 ) ;
#2965 = DIRECTION ( 'NONE',  ( 0.000000000000000000, 0.000000000000000000, -1.000000000000000000 ) ) ;
#2966 = ADVANCED_FACE ( 'NONE', ( #10385 ), #2212, .F. ) ;
#2967 = LINE ( 'NONE', #4821, #3965 ) ;
#2968 = DIRECTION ( 'NONE',  ( -0.000000000000000000, -1.000000000000000000, -0.000000000000000000 ) ) ;
#2969 = ADVANCED_FACE ( 'NONE', ( #2040 ), #5714, .F. ) ;
#2970 =( GEOMETRIC_REPRESENTATION_CONTEXT ( 3 ) GLOBAL_UNCERTAINTY_ASSIGNED_CONTEXT ( ( #11240 ) ) GLOBAL_UNIT_ASSIGNED_CONTEXT ( ( #3633, #7235, #2671 ) ) REPRESENTATION_CONTEXT ( 'NONE', 'WORKASPACE' ) );
#2971 = VECTOR ( 'NONE', #8660, 39.37007874015748143 ) ;
#2972 = ORIENTED_EDGE ( 'NONE', *, *, #10810, .F. ) ;
#2973 = SHAPE_REPRESENTATION ( 'Chassis Part 1', ( #7171 ), #6996 ) ;
#2974 = VECTOR ( 'NONE', #4703, 39.37007874015748143 ) ;
#2975 = CARTESIAN_POINT ( 'NONE',  ( -0.1968503937007875237, 0.8331594030294345865, 0.7874015748031496509 ) ) ;
#2976 = ORIENTED_EDGE ( 'NONE', *, *, #6702, .T. ) ;
#2977 = CARTESIAN_POINT ( 'NONE',  ( 4.184668832571872166, -11.42719621166687283, 0.000000000000000000 ) ) ;
#2978 = VERTEX_POINT ( 'NONE', #8439 ) ;
#2979 = VECTOR ( 'NONE', #6674, 39.37007874015748143 ) ;
#2980 = AXIS2_PLACEMENT_3D ( 'NONE', #2360, #9417, #1474 ) ;
#2981 = EDGE_LOOP ( 'NONE', ( #1835, #2172, #8552, #530 ) ) ;
#2982 = DIRECTION ( 'NONE',  ( -1.000000000000000000, 0.000000000000000000, 2.139492287038062346E-15 ) ) ;
#2983 = EDGE_CURVE ( 'NONE', #10509, #7812, #3897, .T. ) ;
#2984 = VERTEX_POINT ( 'NONE', #10675 ) ;
#2985 = FACE_BOUND ( 'NONE', #2096, .T. ) ;
#2986 = VERTEX_POINT ( 'NONE', #4132 ) ;
#2987 = AXIS2_PLACEMENT_3D ( 'NONE', #9398, #3797, #1205 ) ;
#2988 = DIRECTION ( 'NONE',  ( 1.000000000000000000, 0.000000000000000000, 0.000000000000000000 ) ) ;
#2989 = DIRECTION ( 'NONE',  ( 0.000000000000000000, 0.000000000000000000, -1.000000000000000000 ) ) ;
#2990 = EDGE_CURVE ( 'NONE', #2548, #2658, #473, .T. ) ;
#2991 = ORIENTED_EDGE ( 'NONE', *, *, #10130, .T. ) ;
#2992 = VECTOR ( 'NONE', #2259, 39.37007874015748143 ) ;
#2993 = LINE ( 'NONE', #8371, #658 ) ;
#2994 = CARTESIAN_POINT ( 'NONE',  ( -4.273251509737226783, -3.553180463635376096, 0.000000000000000000 ) ) ;
#2995 = VECTOR ( 'NONE', #10930, 39.37007874015748143 ) ;
#2996 = CYLINDRICAL_SURFACE ( 'NONE', #9797, 0.08858267716535496439 ) ;
#2997 = FACE_OUTER_BOUND ( 'NONE', #8238, .T. ) ;
#2998 = CARTESIAN_POINT ( 'NONE',  ( -4.591619688868616045, 8.267716535433070391, -7.206675219446472269 ) ) ;
#2999 = VERTEX_POINT ( 'NONE', #8846 ) ;
#3000 = FACE_OUTER_BOUND ( 'NONE', #2445, .T. ) ;
#3001 = CARTESIAN_POINT ( 'NONE',  ( 3.740157480314960647, 1.683040008805569476, 0.000000000000000000 ) ) ;
#3002 = DIRECTION ( 'NONE',  ( 1.000000000000000000, 0.000000000000000000, 0.000000000000000000 ) ) ;
#3003 = ORIENTED_EDGE ( 'NONE', *, *, #5744, .T. ) ;
#3004 = DIRECTION ( 'NONE',  ( 0.000000000000000000, 0.000000000000000000, 1.000000000000000000 ) ) ;
#3005 = EDGE_CURVE ( 'NONE', #7697, #10217, #2267, .T. ) ;
#3006 = ORIENTED_EDGE ( 'NONE', *, *, #4841, .T. ) ;
#3007 = AXIS2_PLACEMENT_3D ( 'NONE', #3001, #10150, #1970 ) ;
#3008 = DIRECTION ( 'NONE',  ( 0.000000000000000000, 0.000000000000000000, 1.000000000000000000 ) ) ;
#3009 = FACE_OUTER_BOUND ( 'NONE', #6685, .T. ) ;
#3010 = ORIENTED_EDGE ( 'NONE', *, *, #8244, .T. ) ;
#3011 = ORIENTED_EDGE ( 'NONE', *, *, #10457, .F. ) ;
#3012 = CARTESIAN_POINT ( 'NONE',  ( 4.273251509737228560, -5.521684400643250612, 0.3937007874015748254 ) ) ;
#3013 = LINE ( 'NONE', #9460, #10233 ) ;
#3014 = DIRECTION ( 'NONE',  ( -0.000000000000000000, -1.000000000000000000, -0.000000000000000000 ) ) ;
#3015 = FACE_OUTER_BOUND ( 'NONE', #3999, .T. ) ;
#3016 = ORIENTED_EDGE ( 'NONE', *, *, #170, .T. ) ;
#3017 = DIRECTION ( 'NONE',  ( -1.040834085586068795E-14, -1.000000000000000000, 0.000000000000000000 ) ) ;
#3018 = APPLICATION_PROTOCOL_DEFINITION ( 'draft international standard', 'automotive_design', 1998, #10216 ) ;
#3019 = ORIENTED_EDGE ( 'NONE', *, *, #869, .T. ) ;
#3020 = EDGE_CURVE ( 'NONE', #4067, #2978, #4246, .T. ) ;
#3021 = ORIENTED_EDGE ( 'NONE', *, *, #2248, .F. ) ;
#3022 = CARTESIAN_POINT ( 'NONE',  ( 0.000000000000000000, 0.000000000000000000, 8.464566929133857442 ) ) ;
#3023 = DIRECTION ( 'NONE',  ( 0.000000000000000000, 1.000000000000000000, 0.000000000000000000 ) ) ;
#3024 = CARTESIAN_POINT ( 'NONE',  ( 4.273251509737226783, -11.42719621166687283, 0.000000000000000000 ) ) ;
#3025 = DIRECTION ( 'NONE',  ( 0.000000000000000000, 0.000000000000000000, -1.000000000000000000 ) ) ;
#3026 = ORIENTED_EDGE ( 'NONE', *, *, #7372, .T. ) ;
#3027 = LINE ( 'NONE', #1949, #108 ) ;
#3028 = EDGE_CURVE ( 'NONE', #819, #4758, #4305, .T. ) ;
#3029 = VERTEX_POINT ( 'NONE', #5207 ) ;
#3030 = CARTESIAN_POINT ( 'NONE',  ( 5.907562887712197508, -4.537432432139313576, 0.3937007874015748810 ) ) ;
#3031 =( LENGTH_UNIT ( ) NAMED_UNIT ( * ) SI_UNIT ( $, .METRE. ) );
#3032 = ORIENTED_EDGE ( 'NONE', *, *, #8731, .F. ) ;
#3033 = ADVANCED_FACE ( 'NONE', ( #10565 ), #2494, .F. ) ;
#3034 = EDGE_LOOP ( 'NONE', ( #7674, #2972, #4273, #943 ) ) ;
#3035 = CARTESIAN_POINT ( 'NONE',  ( 2.073640607983706197, 1.564929772585096579, 0.3937007874015748254 ) ) ;
#3036 = FACE_BOUND ( 'NONE', #2398, .T. ) ;
#3037 = ORIENTED_EDGE ( 'NONE', *, *, #11193, .T. ) ;
#3038 = EDGE_CURVE ( 'NONE', #8496, #4229, #5023, .T. ) ;
#3039 = FACE_OUTER_BOUND ( 'NONE', #3034, .T. ) ;
#3040 = DIRECTION ( 'NONE',  ( 0.000000000000000000, 0.000000000000000000, -1.000000000000000000 ) ) ;
#3041 = ORIENTED_EDGE ( 'NONE', *, *, #3792, .F. ) ;
#3042 =( GEOMETRIC_REPRESENTATION_CONTEXT ( 3 ) GLOBAL_UNCERTAINTY_ASSIGNED_CONTEXT ( ( #10756 ) ) GLOBAL_UNIT_ASSIGNED_CONTEXT ( ( #451, #5075, #4171 ) ) REPRESENTATION_CONTEXT ( 'NONE', 'WORKASPACE' ) );
#3043 = CARTESIAN_POINT ( 'NONE',  ( -4.273251509737226783, 2.352331347388246119, 0.000000000000000000 ) ) ;
#3044 = EDGE_CURVE ( 'NONE', #4654, #2984, #5953, .T. ) ;
#3045 = PLANE ( 'NONE',  #4515 ) ;
#3046 = EDGE_CURVE ( 'NONE', #7777, #793, #4069, .T. ) ;
#3047 = DIRECTION ( 'NONE',  ( 1.000000000000000000, 0.000000000000000000, 0.000000000000000000 ) ) ;
#3049 = LINE ( 'NONE', #5579, #1388 ) ;
#3048 = STYLED_ITEM ( 'NONE', ( #2229 ), #2522 ) ;
#3050 = CARTESIAN_POINT ( 'NONE',  ( -4.591619688868613380, 7.480314960629921295, 8.233332301718867541 ) ) ;
#3051 = ORIENTED_EDGE ( 'NONE', *, *, #3773, .F. ) ;
#3052 = DIRECTION ( 'NONE',  ( 0.000000000000000000, -1.000000000000000000, 0.000000000000000000 ) ) ;
#3053 = CARTESIAN_POINT ( 'NONE',  ( 3.299501261425539234, -6.505936369147188536, 1.968503937007874072 ) ) ;
#3054 = CARTESIAN_POINT ( 'NONE',  ( 4.785852954177777008, 9.055118110236220375, -7.206675219446472269 ) ) ;
#3055 = ORIENTED_EDGE ( 'NONE', *, *, #5761, .F. ) ;
#3056 = CARTESIAN_POINT ( 'NONE',  ( 5.905511811023567148, 0.000000000000000000, 1.968503937007920701 ) ) ;
#3057 = ORIENTED_EDGE ( 'NONE', *, *, #8675, .F. ) ;
#3058 = CIRCLE ( 'NONE', #11431, 0.08858267716535440928 ) ;
#3059 = DIRECTION ( 'NONE',  ( 0.000000000000000000, 0.000000000000000000, -1.000000000000000000 ) ) ;
#3060 = EDGE_CURVE ( 'NONE', #2961, #4887, #11567, .T. ) ;
#3061 = DIRECTION ( 'NONE',  ( 1.000000000000000000, 0.000000000000000000, 0.000000000000000000 ) ) ;
#3062 = ORIENTED_EDGE ( 'NONE', *, *, #1873, .T. ) ;
#3063 = ORIENTED_EDGE ( 'NONE', *, *, #2724, .F. ) ;
#3064 = CARTESIAN_POINT ( 'NONE',  ( 3.693202048827112893, -6.505936369147187648, 0.3937007874015748254 ) ) ;
#3065 = LINE ( 'NONE', #10106, #8152 ) ;
#3066 = AXIS2_PLACEMENT_3D ( 'NONE', #4953, #2431, #5076 ) ;
#3067 = VERTEX_POINT ( 'NONE', #3409 ) ;
#3068 = VERTEX_POINT ( 'NONE', #7788 ) ;
#3069 = FACE_OUTER_BOUND ( 'NONE', #2496, .T. ) ;
#3070 = VECTOR ( 'NONE', #2335, 39.37007874015748143 ) ;
#3071 = CIRCLE ( 'NONE', #4222, 0.08858267716535496439 ) ;
#3072 = EDGE_CURVE ( 'NONE', #9538, #561, #7895, .T. ) ;
#3073 = DIRECTION ( 'NONE',  ( 1.000000000000000000, 0.000000000000000000, 2.139492287038062346E-15 ) ) ;
#3074 = ORIENTED_EDGE ( 'NONE', *, *, #1107, .T. ) ;
#3075 = EDGE_LOOP ( 'NONE', ( #3155, #2962, #2703, #2407, #3241, #3392 ) ) ;
#3076 = CARTESIAN_POINT ( 'NONE',  ( 3.693202048827112893, -6.505936369147187648, 0.000000000000000000 ) ) ;
#3077 = LINE ( 'NONE', #6746, #494 ) ;
#3078 = FACE_OUTER_BOUND ( 'NONE', #5766, .T. ) ;
#3079 = DIRECTION ( 'NONE',  ( 1.000000000000000000, 0.000000000000000000, 0.000000000000000000 ) ) ;
#3080 = VERTEX_POINT ( 'NONE', #3174 ) ;
#3081 = EDGE_CURVE ( 'NONE', #7789, #6666, #7725, .T. ) ;
#3082 = DIRECTION ( 'NONE',  ( 0.000000000000000000, -0.000000000000000000, -1.000000000000000000 ) ) ;
#3083 = VERTEX_POINT ( 'NONE', #11394 ) ;
#3084 = DIRECTION ( 'NONE',  ( 0.8574929257125448734, -0.5144957554275252365, -0.000000000000000000 ) ) ;
#3085 =( NAMED_UNIT ( * ) PLANE_ANGLE_UNIT ( ) SI_UNIT ( $, .RADIAN. ) );
#3086 = ORIENTED_EDGE ( 'NONE', *, *, #3712, .T. ) ;
#3087 = VECTOR ( 'NONE', #1277, 39.37007874015748143 ) ;
#3088 = EDGE_LOOP ( 'NONE', ( #5165, #4244 ) ) ;
#3089 = DIRECTION ( 'NONE',  ( -0.9367259886217318421, -0.000000000000000000, -0.3500634545916481155 ) ) ;
#3090 = FILL_AREA_STYLE_COLOUR ( '', #5543 ) ;
#3091 = ORIENTED_EDGE ( 'NONE', *, *, #7302, .F. ) ;
#3092 = DIRECTION ( 'NONE',  ( -1.000000000000000000, 0.000000000000000000, 0.000000000000000000 ) ) ;
#3093 = DIRECTION ( 'NONE',  ( -1.000000000000000000, 0.000000000000000000, 0.000000000000000000 ) ) ;
#3094 = ORIENTED_EDGE ( 'NONE', *, *, #6935, .F. ) ;
#3095 = EDGE_CURVE ( 'NONE', #6755, #10524, #10447, .T. ) ;
#3096 = DIRECTION ( 'NONE',  ( 0.8574929257125448734, 0.5144957554275252365, 0.000000000000000000 ) ) ;
#3097 = ORIENTED_EDGE ( 'NONE', *, *, #10470, .F. ) ;
#3098 = DIRECTION ( 'NONE',  ( -0.000000000000000000, -0.000000000000000000, -1.000000000000000000 ) ) ;
#3099 = PLANE ( 'NONE',  #7013 ) ;
#3100 = EDGE_CURVE ( 'NONE', #5983, #237, #529, .T. ) ;
#3101 = VECTOR ( 'NONE', #7803, 39.37007874015748143 ) ;
#3102 = DIRECTION ( 'NONE',  ( -1.000000000000000000, -3.559243557031707296E-15, -0.000000000000000000 ) ) ;
#3103 = CYLINDRICAL_SURFACE ( 'NONE', #9230, 0.07868300030473396323 ) ;
#3104 = PLANE ( 'NONE',  #10575 ) ;
#3105 = VERTEX_POINT ( 'NONE', #6003 ) ;
#3106 = CARTESIAN_POINT ( 'NONE',  ( 2.858207359010677351, -2.698702213475663303, 0.3937007874015748254 ) ) ;
#3107 = ORIENTED_EDGE ( 'NONE', *, *, #4857, .F. ) ;
#3108 = DIRECTION ( 'NONE',  ( -0.000000000000000000, -1.000000000000000000, -0.000000000000000000 ) ) ;
#3109 = EDGE_CURVE ( 'NONE', #7248, #201, #11505, .T. ) ;
#3110 = DIRECTION ( 'NONE',  ( -1.000000000000000000, 0.000000000000000000, 0.000000000000000000 ) ) ;
#3111 = ORIENTED_EDGE ( 'NONE', *, *, #1326, .T. ) ;
#3112 = FACE_OUTER_BOUND ( 'NONE', #7727, .T. ) ;
#3113 = ORIENTED_EDGE ( 'NONE', *, *, #2627, .T. ) ;
#3114 = AXIS2_PLACEMENT_3D ( 'NONE', #11165, #8261, #5713 ) ;
#3115 = EDGE_CURVE ( 'NONE', #1952, #7935, #4187, .T. ) ;
#3116 = LINE ( 'NONE', #917, #8517 ) ;
#3117 = VECTOR ( 'NONE', #137, 39.37007874015748143 ) ;
#3118 = CARTESIAN_POINT ( 'NONE',  ( -4.923310919208263137, -2.568928495131439060, 0.3937007874015748254 ) ) ;
#3119 = EDGE_LOOP ( 'NONE', ( #3407, #8388, #569, #10634 ) ) ;
#3120 = AXIS2_PLACEMENT_3D ( 'NONE', #1910, #2144, #229 ) ;
#3121 = EDGE_LOOP ( 'NONE', ( #1931, #2104, #10473, #1707 ) ) ;
#3122 = DIRECTION ( 'NONE',  ( 0.000000000000000000, 0.000000000000000000, -1.000000000000000000 ) ) ;
#3123 = CARTESIAN_POINT ( 'NONE',  ( -3.653534954903999488, 0.01986406393673360166, 0.000000000000000000 ) ) ;
#3124 = ORIENTED_EDGE ( 'NONE', *, *, #8461, .F. ) ;
#3125 = EDGE_CURVE ( 'NONE', #1741, #8888, #370, .T. ) ;
#3126 = FACE_OUTER_BOUND ( 'NONE', #110, .T. ) ;
#3127 = PLANE ( 'NONE',  #941 ) ;
#3128 = DIRECTION ( 'NONE',  ( -1.000000000000000000, -0.000000000000000000, -0.000000000000000000 ) ) ;
#3129 = EDGE_CURVE ( 'NONE', #6216, #1354, #1329, .T. ) ;
#3130 = ORIENTED_EDGE ( 'NONE', *, *, #843, .T. ) ;
#3131 = UNCERTAINTY_MEASURE_WITH_UNIT (LENGTH_MEASURE( 1.000000000000000082E-05 ), #1749, 'distance_accuracy_value', 'NONE');
#3132 = DIRECTION ( 'NONE',  ( -0.000000000000000000, -0.000000000000000000, -1.000000000000000000 ) ) ;
#3133 = ORIENTED_EDGE ( 'NONE', *, *, #6275, .F. ) ;
#3134 = DIRECTION ( 'NONE',  ( 1.000000000000000000, 0.000000000000000000, 0.000000000000000000 ) ) ;
#3135 = CIRCLE ( 'NONE', #4472, 1.181102362204725420 ) ;
#3136 = AXIS2_PLACEMENT_3D ( 'NONE', #2342, #3424, #9632 ) ;
#3137 = ORIENTED_EDGE ( 'NONE', *, *, #11221, .F. ) ;
#3138 = DIRECTION ( 'NONE',  ( 1.000000000000000000, 0.000000000000000000, 0.000000000000000000 ) ) ;
#3139 = CARTESIAN_POINT ( 'NONE',  ( -0.5905511811023600455, 0.000000000000000000, -9.055118110236220375 ) ) ;
#3140 = CARTESIAN_POINT ( 'NONE',  ( 4.078179144149599367, -0.6432185497264709673, 0.3937007874015748254 ) ) ;
#3141 = CARTESIAN_POINT ( 'NONE',  ( -4.273251509737226783, 2.352331347388246119, 0.000000000000000000 ) ) ;
#3142 = ADVANCED_FACE ( 'NONE', ( #9730 ), #2552, .F. ) ;
#3143 = ORIENTED_EDGE ( 'NONE', *, *, #11427, .F. ) ;
#3144 = AXIS2_PLACEMENT_3D ( 'NONE', #6410, #6350, #2737 ) ;
#3145 = FACE_BOUND ( 'NONE', #969, .T. ) ;
#3146 = VERTEX_POINT ( 'NONE', #9897 ) ;
#3147 = CARTESIAN_POINT ( 'NONE',  ( 5.179553741579351112, 7.480314960629921295, -7.559072353315134052 ) ) ;
#3148 = ORIENTED_EDGE ( 'NONE', *, *, #2724, .T. ) ;
#3149 = VECTOR ( 'NONE', #10964, 39.37007874015748854 ) ;
#3150 = EDGE_LOOP ( 'NONE', ( #577, #4398, #7420, #7472 ) ) ;
#3151 = PLANE ( 'NONE',  #481 ) ;
#3152 = VECTOR ( 'NONE', #5502, 39.37007874015748143 ) ;
#3153 = VECTOR ( 'NONE', #4060, 39.37007874015748143 ) ;
#3154 = SURFACE_STYLE_USAGE ( .BOTH. , #1351 ) ;
#3155 = ORIENTED_EDGE ( 'NONE', *, *, #6471, .F. ) ;
#3156 = CARTESIAN_POINT ( 'NONE',  ( 3.192102363848786872, 3.937007874015748143, 7.897707860576847594 ) ) ;
#3157 = FACE_BOUND ( 'NONE', #3325, .T. ) ;
#3158 = ORIENTED_EDGE ( 'NONE', *, *, #4180, .F. ) ;
#3159 = VECTOR ( 'NONE', #4285, 39.37007874015748143 ) ;
#3160 = LINE ( 'NONE', #4174, #7385 ) ;
#3161 = LINE ( 'NONE', #10018, #8419 ) ;
#3162 = ORIENTED_EDGE ( 'NONE', *, *, #8266, .T. ) ;
#3163 = AXIS2_PLACEMENT_3D ( 'NONE', #6380, #9343, #3008 ) ;
#3164 = VECTOR ( 'NONE', #7278, 39.37007874015748854 ) ;
#3165 = CARTESIAN_POINT ( 'NONE',  ( 2.073640607983706197, -10.63979463686372284, 0.7874015748031496509 ) ) ;
#3166 = CARTESIAN_POINT ( 'NONE',  ( 0.000000000000000000, 8.267716535433070391, 0.000000000000000000 ) ) ;
#3167 = DIRECTION ( 'NONE',  ( -0.000000000000000000, 1.000000000000000000, -0.000000000000000000 ) ) ;
#3168 = VECTOR ( 'NONE', #9526, 39.37007874015748143 ) ;
#3169 = DIRECTION ( 'NONE',  ( -0.000000000000000000, -1.000000000000000000, -0.000000000000000000 ) ) ;
#3170 = CARTESIAN_POINT ( 'NONE',  ( -4.252043450305093231, 3.937007874015748143, -7.501597746311240655 ) ) ;
#3171 = EDGE_CURVE ( 'NONE', #8353, #5961, #5381, .T. ) ;
#3172 = ORIENTED_EDGE ( 'NONE', *, *, #3198, .F. ) ;
#3173 = CARTESIAN_POINT ( 'NONE',  ( 5.905511811023623103, 3.937007874015748143, -5.965761340813563685 ) ) ;
#3174 = CARTESIAN_POINT ( 'NONE',  ( -4.361834186902580512, 2.352331347388246119, 0.000000000000000000 ) ) ;
#3175 = VECTOR ( 'NONE', #4177, 39.37007874015748854 ) ;
#3177 = ORIENTED_EDGE ( 'NONE', *, *, #7154, .T. ) ;
#3176 = VECTOR ( 'NONE', #6451, 39.37007874015748143 ) ;
#3178 = VERTEX_POINT ( 'NONE', #5513 ) ;
#3179 = DIRECTION ( 'NONE',  ( 1.000000000000000000, -0.000000000000000000, -0.000000000000000000 ) ) ;
#3180 = EDGE_CURVE ( 'NONE', #5160, #4759, #6318, .T. ) ;
#3181 = ADVANCED_FACE ( 'NONE', ( #6226 ), #3645, .F. ) ;
#3182 = VECTOR ( 'NONE', #2050, 39.37007874015748143 ) ;
#3183 = DIRECTION ( 'NONE',  ( 0.000000000000000000, 0.000000000000000000, 1.000000000000000000 ) ) ;
#3184 = EDGE_CURVE ( 'NONE', #4095, #6645, #1658, .T. ) ;
#3185 = DIRECTION ( 'NONE',  ( -0.000000000000000000, 0.000000000000000000, -1.000000000000000000 ) ) ;
#3186 = ORIENTED_EDGE ( 'NONE', *, *, #7028, .F. ) ;
#3187 = EDGE_CURVE ( 'NONE', #6464, #990, #9952, .T. ) ;
#3188 = ORIENTED_EDGE ( 'NONE', *, *, #4049, .F. ) ;
#3189 = CARTESIAN_POINT ( 'NONE',  ( 3.653534954903999488, -1.306301163389676168, 0.000000000000000000 ) ) ;
#3190 = VECTOR ( 'NONE', #4402, 39.37007874015748143 ) ;
#3191 = CARTESIAN_POINT ( 'NONE',  ( -3.560428057591566997, 3.168267873820385105, 0.3937007874015748254 ) ) ;
#3192 = ORIENTED_EDGE ( 'NONE', *, *, #8219, .F. ) ;
#3193 = LINE ( 'NONE', #6858, #8835 ) ;
#3194 = DIRECTION ( 'NONE',  ( 0.000000000000000000, 0.000000000000000000, 1.000000000000000000 ) ) ;
#3195 = DIRECTION ( 'NONE',  ( -0.000000000000000000, -0.000000000000000000, 1.000000000000000000 ) ) ;
#3196 = EDGE_CURVE ( 'NONE', #11300, #7487, #7366, .T. ) ;
#3197 = EDGE_LOOP ( 'NONE', ( #901, #921, #8478, #5238 ) ) ;
#3198 = EDGE_CURVE ( 'NONE', #6686, #931, #4983, .T. ) ;
#3199 = DIRECTION ( 'NONE',  ( -1.000000000000000000, 0.000000000000000000, 0.000000000000000000 ) ) ;
#3200 = ORIENTED_EDGE ( 'NONE', *, *, #9353, .T. ) ;
#3201 = LINE ( 'NONE', #6025, #2749 ) ;
#3202 = EDGE_CURVE ( 'NONE', #9257, #3067, #1721, .T. ) ;
#3203 = EDGE_LOOP ( 'NONE', ( #616, #10432, #3290, #6843 ) ) ;
#3204 = DIRECTION ( 'NONE',  ( 1.387778780781447155E-16, 1.000000000000000000, 0.000000000000000000 ) ) ;
#3205 = CARTESIAN_POINT ( 'NONE',  ( 5.137870221958633188, 3.937007874015748143, -7.072130618713250882 ) ) ;
#3206 = ORIENTED_EDGE ( 'NONE', *, *, #6640, .T. ) ;
#3207 = DIRECTION ( 'NONE',  ( -4.625929269271481969E-16, 1.000000000000000000, 0.000000000000000000 ) ) ;
#3208 = DIRECTION ( 'NONE',  ( 0.000000000000000000, 0.000000000000000000, 1.000000000000000000 ) ) ;
#3209 = ORIENTED_EDGE ( 'NONE', *, *, #5681, .T. ) ;
#3210 = DIRECTION ( 'NONE',  ( 0.000000000000000000, 0.000000000000000000, 1.000000000000000000 ) ) ;
#3211 = ORIENTED_EDGE ( 'NONE', *, *, #4790, .F. ) ;
#3212 = LINE ( 'NONE', #11433, #109 ) ;
#3213 = ORIENTED_EDGE ( 'NONE', *, *, #10025, .F. ) ;
#3214 = EDGE_CURVE ( 'NONE', #90, #11309, #2624, .T. ) ;
#3215 = ORIENTED_EDGE ( 'NONE', *, *, #8434, .T. ) ;
#3216 = LINE ( 'NONE', #3273, #7377 ) ;
#3217 = CYLINDRICAL_SURFACE ( 'NONE', #2688, 1.181102362204725420 ) ;
#3218 = FACE_BOUND ( 'NONE', #1824, .T. ) ;
#3219 = ORIENTED_EDGE ( 'NONE', *, *, #1672, .T. ) ;
#3220 = PLANE ( 'NONE',  #8883 ) ;
#3221 = DIRECTION ( 'NONE',  ( 0.000000000000000000, -1.000000000000000000, 0.000000000000000000 ) ) ;
#3222 =( NAMED_UNIT ( * ) SI_UNIT ( $, .STERADIAN. ) SOLID_ANGLE_UNIT ( ) );
#3223 = PLANE ( 'NONE',  #624 ) ;
#3224 = FACE_OUTER_BOUND ( 'NONE', #6102, .T. ) ;
#3225 = ORIENTED_EDGE ( 'NONE', *, *, #3402, .F. ) ;
#3226 = CARTESIAN_POINT ( 'NONE',  ( 3.693202048827116002, 1.368079378884309083, 0.3937007874015748254 ) ) ;
#3227 = ORIENTED_EDGE ( 'NONE', *, *, #7689, .F. ) ;
#3228 = CIRCLE ( 'NONE', #11413, 0.1968503937007864968 ) ;
#3229 = DIRECTION ( 'NONE',  ( 1.000000000000000000, -0.000000000000000000, -0.000000000000000000 ) ) ;
#3230 = ORIENTED_EDGE ( 'NONE', *, *, #2905, .T. ) ;
#3231 = ORIENTED_EDGE ( 'NONE', *, *, #462, .F. ) ;
#3232 = DIRECTION ( 'NONE',  ( 0.000000000000000000, 0.000000000000000000, 1.000000000000000000 ) ) ;
#3233 = ORIENTED_EDGE ( 'NONE', *, *, #3563, .T. ) ;
#3234 = ORIENTED_EDGE ( 'NONE', *, *, #764, .T. ) ;
#3235 = ADVANCED_FACE ( 'NONE', ( #8010 ), #815, .F. ) ;
#3236 = ADVANCED_FACE ( 'NONE', ( #704 ), #6475, .T. ) ;
#3237 = LINE ( 'NONE', #2497, #7761 ) ;
#3238 = AXIS2_PLACEMENT_3D ( 'NONE', #9423, #11144, #3826 ) ;
#3239 = DIRECTION ( 'NONE',  ( 0.000000000000000000, 0.000000000000000000, 1.000000000000000000 ) ) ;
#3240 = VERTEX_POINT ( 'NONE', #4598 ) ;
#3241 = ORIENTED_EDGE ( 'NONE', *, *, #5411, .T. ) ;
#3242 = DIRECTION ( 'NONE',  ( 1.000000000000000000, 0.000000000000000000, -0.000000000000000000 ) ) ;
#3243 = LINE ( 'NONE', #7023, #7202 ) ;
#3244 = VERTEX_POINT ( 'NONE', #3466 ) ;
#3245 = DIRECTION ( 'NONE',  ( 0.000000000000000000, 0.000000000000000000, -1.000000000000000000 ) ) ;
#3246 = LINE ( 'NONE', #2406, #745 ) ;
#3247 = DIRECTION ( 'NONE',  ( -0.000000000000000000, -0.000000000000000000, -1.000000000000000000 ) ) ;
#3248 = PRESENTATION_LAYER_ASSIGNMENT (  '', '', ( #3048 ) ) ;
#3249 = ADVANCED_FACE ( 'NONE', ( #10847 ), #6409, .F. ) ;
#3250 = VECTOR ( 'NONE', #6691, 39.37007874015748143 ) ;
#3251 = EDGE_LOOP ( 'NONE', ( #8638, #3130 ) ) ;
#3252 = EDGE_CURVE ( 'NONE', #246, #11079, #8247, .T. ) ;
#3253 = FACE_OUTER_BOUND ( 'NONE', #773, .T. ) ;
#3254 = ORIENTED_EDGE ( 'NONE', *, *, #9970, .F. ) ;
#3255 = EDGE_CURVE ( 'NONE', #991, #10593, #4543, .T. ) ;
#3256 = AXIS2_PLACEMENT_3D ( 'NONE', #1306, #1190, #5771 ) ;
#3257 = CARTESIAN_POINT ( 'NONE',  ( -3.693202048827113781, -6.505936369147188536, 1.968503937007874072 ) ) ;
#3258 = ORIENTED_EDGE ( 'NONE', *, *, #1838, .F. ) ;
#3259 = LINE ( 'NONE', #6190, #4237 ) ;
#3260 = DIRECTION ( 'NONE',  ( -1.000000000000000000, 0.000000000000000000, 0.000000000000000000 ) ) ;
#3261 = VERTEX_POINT ( 'NONE', #53 ) ;
#3262 = DIRECTION ( 'NONE',  ( -0.5144957554275253475, 0.8574929257125449844, 0.000000000000000000 ) ) ;
#3263 = EDGE_CURVE ( 'NONE', #6751, #8716, #3161, .T. ) ;
#3264 = CARTESIAN_POINT ( 'NONE',  ( -3.560428057591566997, -12.24313273809901048, 0.000000000000000000 ) ) ;
#3265 = VERTEX_POINT ( 'NONE', #7113 ) ;
#3266 = AXIS2_PLACEMENT_3D ( 'NONE', #1718, #7181, #9086 ) ;
#3267 = ADVANCED_FACE ( 'NONE', ( #4418 ), #8304, .F. ) ;
#3268 = EDGE_LOOP ( 'NONE', ( #3316, #5630 ) ) ;
#3269 = DIRECTION ( 'NONE',  ( 0.000000000000000000, -1.000000000000000000, 0.000000000000000000 ) ) ;
#3270 = DIRECTION ( 'NONE',  ( -1.000000000000000000, -0.000000000000000000, -0.000000000000000000 ) ) ;
#3271 = ORIENTED_EDGE ( 'NONE', *, *, #8396, .T. ) ;
#3272 = ORIENTED_EDGE ( 'NONE', *, *, #4407, .F. ) ;
#3273 = CARTESIAN_POINT ( 'NONE',  ( 5.137870221958637629, 3.937007874015748143, 7.072130618713243777 ) ) ;
#3274 = CARTESIAN_POINT ( 'NONE',  ( -4.252043450305093231, 3.937007874015748143, -7.501597746311240655 ) ) ;
#3275 = EDGE_CURVE ( 'NONE', #5529, #9445, #7425, .T. ) ;
#3276 = FACE_OUTER_BOUND ( 'NONE', #3197, .T. ) ;
#3277 = CARTESIAN_POINT ( 'NONE',  ( -0.3937007874015751585, -13.00199936127317279, 0.000000000000000000 ) ) ;
#3278 = EDGE_CURVE ( 'NONE', #3863, #11062, #10313, .T. ) ;
#3279 = CARTESIAN_POINT ( 'NONE',  ( 3.560428057591566997, -12.24313273809901048, 0.000000000000000000 ) ) ;
#3280 = CIRCLE ( 'NONE', #34, 0.08858267716535440928 ) ;
#3281 = ORIENTED_EDGE ( 'NONE', *, *, #1043, .T. ) ;
#3282 = FACE_OUTER_BOUND ( 'NONE', #810, .T. ) ;
#3283 = FACE_OUTER_BOUND ( 'NONE', #8473, .T. ) ;
#3284 = SURFACE_STYLE_USAGE ( .BOTH. , #8170 ) ;
#3285 = DIRECTION ( 'NONE',  ( -0.000000000000000000, -0.000000000000000000, 1.000000000000000000 ) ) ;
#3286 = DIRECTION ( 'NONE',  ( 1.000000000000000000, 0.000000000000000000, -1.966319083971647568E-16 ) ) ;
#3287 = ORIENTED_EDGE ( 'NONE', *, *, #10887, .T. ) ;
#3288 = CARTESIAN_POINT ( 'NONE',  ( -5.118110236220536180, 3.149606299212599492, 4.638196495462627134 ) ) ;
#3289 = DIRECTION ( 'NONE',  ( -0.000000000000000000, 1.000000000000000000, -0.000000000000000000 ) ) ;
#3290 = ORIENTED_EDGE ( 'NONE', *, *, #10157, .F. ) ;
#3291 = CARTESIAN_POINT ( 'NONE',  ( 0.000000000000000000, 0.000000000000000000, 1.574803149606299302 ) ) ;
#3292 = EDGE_LOOP ( 'NONE', ( #4777, #4365, #10691, #8732 ) ) ;
#3293 = VERTEX_POINT ( 'NONE', #9373 ) ;
#3294 = VERTEX_POINT ( 'NONE', #6530 ) ;
#3295 = ADVANCED_FACE ( 'NONE', ( #6708 ), #8367, .F. ) ;
#3296 = CIRCLE ( 'NONE', #994, 0.08858267716535440928 ) ;
#3297 = CARTESIAN_POINT ( 'NONE',  ( -4.197918901467038388, 9.055118110236220375, -7.206675219446472269 ) ) ;
#3298 = DIRECTION ( 'NONE',  ( 0.000000000000000000, 0.000000000000000000, 1.000000000000000000 ) ) ;
#3299 = ORIENTED_EDGE ( 'NONE', *, *, #1722, .T. ) ;
#3300 = ORIENTED_EDGE ( 'NONE', *, *, #7370, .F. ) ;
#3301 = CYLINDRICAL_SURFACE ( 'NONE', #5769, 1.181102362204725420 ) ;
#3302 = CARTESIAN_POINT ( 'NONE',  ( 4.347829632394716093, -11.77069179321712333, 0.000000000000000000 ) ) ;
#3303 = EDGE_LOOP ( 'NONE', ( #1036, #5263, #5299, #2326 ) ) ;
#3304 = VECTOR ( 'NONE', #3599, 39.37007874015748143 ) ;
#3305 = CARTESIAN_POINT ( 'NONE',  ( -4.273251509737226783, 2.352331347388246119, 0.3937007874015748254 ) ) ;
#3306 = DIRECTION ( 'NONE',  ( 0.000000000000000000, -0.000000000000000000, 1.000000000000000000 ) ) ;
#3307 = ORIENTED_EDGE ( 'NONE', *, *, #6850, .T. ) ;
#3308 = CARTESIAN_POINT ( 'NONE',  ( -4.985320476270190149, 7.874015748031496287, 7.445930726915714004 ) ) ;
#3309 = VECTOR ( 'NONE', #5033, 39.37007874015748143 ) ;
#3310 = CARTESIAN_POINT ( 'NONE',  ( 5.179553741579351112, 9.448818897637794478, -7.559072353315134052 ) ) ;
#3311 = ORIENTED_EDGE ( 'NONE', *, *, #7314, .F. ) ;
#3312 = CARTESIAN_POINT ( 'NONE',  ( -4.519676687187463848, 0.008763934312793467477, 0.000000000000000000 ) ) ;
#3313 = ORIENTED_EDGE ( 'NONE', *, *, #6927, .T. ) ;
#3314 = DIRECTION ( 'NONE',  ( -1.000000000000000000, 1.040834085586068795E-14, 0.000000000000000000 ) ) ;
#3315 = PLANE ( 'NONE',  #4889 ) ;
#3316 = ORIENTED_EDGE ( 'NONE', *, *, #8370, .T. ) ;
#3317 = EDGE_CURVE ( 'NONE', #4361, #9254, #763, .T. ) ;
#3318 = VECTOR ( 'NONE', #2274, 39.37007874015748143 ) ;
#3319 = CARTESIAN_POINT ( 'NONE',  ( -2.073640607983705308, -12.41144818017080986, 0.3937007874015748254 ) ) ;
#3320 = AXIS2_PLACEMENT_3D ( 'NONE', #4702, #1816, #11722 ) ;
#3321 = FACE_OUTER_BOUND ( 'NONE', #3962, .T. ) ;
#3322 = EDGE_CURVE ( 'NONE', #2986, #2292, #8807, .T. ) ;
#3323 = EDGE_LOOP ( 'NONE', ( #6135, #1795, #7307, #8225, #968 ) ) ;
#3324 = EDGE_CURVE ( 'NONE', #408, #6902, #1067, .T. ) ;
#3325 = EDGE_LOOP ( 'NONE', ( #11692, #4899 ) ) ;
#3326 = DIRECTION ( 'NONE',  ( 0.000000000000000000, 1.000000000000000000, -0.000000000000000000 ) ) ;
#3327 = AXIS2_PLACEMENT_3D ( 'NONE', #2230, #3913, #7579 ) ;
#3328 = CARTESIAN_POINT ( 'NONE',  ( -3.693202048827115558, 1.368079378884309083, 0.3937007874015748254 ) ) ;
#3329 = ORIENTED_EDGE ( 'NONE', *, *, #2082, .F. ) ;
#3330 = ADVANCED_FACE ( 'NONE', ( #11209 ), #7608, .F. ) ;
#3331 = ORIENTED_EDGE ( 'NONE', *, *, #2609, .T. ) ;
#3332 = CARTESIAN_POINT ( 'NONE',  ( -5.905511811023623103, -0.3937007874015748254, 0.5905511811023624880 ) ) ;
#3333 = EDGE_CURVE ( 'NONE', #9633, #5983, #7657, .T. ) ;
#3334 =( LENGTH_UNIT ( ) NAMED_UNIT ( * ) SI_UNIT ( $, .METRE. ) );
#3335 = CARTESIAN_POINT ( 'NONE',  ( -4.985320476270190149, 9.448818897637794478, 7.445930726915714004 ) ) ;
#3336 = AXIS2_PLACEMENT_3D ( 'NONE', #5017, #8662, #403 ) ;
#3337 = DIRECTION ( 'NONE',  ( 0.000000000000000000, 0.000000000000000000, -1.000000000000000000 ) ) ;
#3338 = VECTOR ( 'NONE', #9857, 39.37007874015748143 ) ;
#3339 = VECTOR ( 'NONE', #3957, 39.37007874015748143 ) ;
#3340 =( LENGTH_UNIT ( ) NAMED_UNIT ( * ) SI_UNIT ( $, .METRE. ) );
#3341 = ORIENTED_EDGE ( 'NONE', *, *, #6073, .T. ) ;
#3342 = CARTESIAN_POINT ( 'NONE',  ( -4.184668832571871278, -5.521684400643249724, 0.3937007874015748254 ) ) ;
#3343 = CARTESIAN_POINT ( 'NONE',  ( -3.192102363848783320, 3.915065883440284278, -7.897707860576850258 ) ) ;
#3344 = EDGE_CURVE ( 'NONE', #4497, #5842, #9425, .T. ) ;
#3345 = VECTOR ( 'NONE', #6112, 39.37007874015748143 ) ;
#3346 = VECTOR ( 'NONE', #2922, 39.37007874015748143 ) ;
#3347 = AXIS2_PLACEMENT_3D ( 'NONE', #4544, #8069, #7183 ) ;
#3348 = CARTESIAN_POINT ( 'NONE',  ( 2.073640607983708861, -12.41144818017080809, 0.7874015748031496509 ) ) ;
#3349 = ORIENTED_EDGE ( 'NONE', *, *, #11057, .F. ) ;
#3350 = ADVANCED_FACE ( 'NONE', ( #3039 ), #9322, .F. ) ;
#3351 = CARTESIAN_POINT ( 'NONE',  ( 3.693202048827113781, -6.505936369147188536, 1.968503937007874072 ) ) ;
#3352 = VECTOR ( 'NONE', #5072, 39.37007874015748143 ) ;
#3353 = DIRECTION ( 'NONE',  ( 1.000000000000000000, 0.000000000000000000, 0.000000000000000000 ) ) ;
#3354 = DIRECTION ( 'NONE',  ( -1.000000000000000000, 0.000000000000000000, 0.000000000000000000 ) ) ;
#3355 = ORIENTED_EDGE ( 'NONE', *, *, #5930, .T. ) ;
#3356 = EDGE_LOOP ( 'NONE', ( #6924, #11790, #4406, #7322 ) ) ;
#3357 = AXIS2_PLACEMENT_3D ( 'NONE', #859, #8887, #9056 ) ;
#3358 = AXIS2_PLACEMENT_3D ( 'NONE', #5796, #8236, #2906 ) ;
#3359 = CIRCLE ( 'NONE', #10764, 0.08858267716535496439 ) ;
#3360 = FACE_BOUND ( 'NONE', #779, .T. ) ;
#3361 = CIRCLE ( 'NONE', #4125, 0.5905511811023627100 ) ;
#3362 = DIRECTION ( 'NONE',  ( 0.000000000000000000, 0.000000000000000000, 1.000000000000000000 ) ) ;
#3363 = AXIS2_PLACEMENT_3D ( 'NONE', #11229, #8797, #1373 ) ;
#3364 = AXIS2_PLACEMENT_3D ( 'NONE', #5623, #6465, #4715 ) ;
#3365 = VERTEX_POINT ( 'NONE', #6658 ) ;
#3366 = EDGE_CURVE ( 'NONE', #3832, #4047, #11266, .T. ) ;
#3367 = CARTESIAN_POINT ( 'NONE',  ( -4.197918901467038388, 8.267716535433070391, 7.577239534397965492 ) ) ;
#3368 = CARTESIAN_POINT ( 'NONE',  ( 5.179553741579351112, 7.874015748031496287, -7.165371565913558172 ) ) ;
#3369 = EDGE_LOOP ( 'NONE', ( #2846, #7129, #3272, #2155 ) ) ;
#3370 = DIRECTION ( 'NONE',  ( -0.000000000000000000, 1.000000000000000000, -0.000000000000000000 ) ) ;
#3371 = DIRECTION ( 'NONE',  ( 1.000000000000000000, 0.000000000000000000, 0.000000000000000000 ) ) ;
#3372 = ORIENTED_EDGE ( 'NONE', *, *, #8742, .F. ) ;
#3373 = DIRECTION ( 'NONE',  ( 0.000000000000000000, -1.000000000000000000, 0.000000000000000000 ) ) ;
#3374 = VECTOR ( 'NONE', #6016, 39.37007874015748143 ) ;
#3375 = CIRCLE ( 'NONE', #4704, 0.08858267716535496439 ) ;
#3376 = FACE_OUTER_BOUND ( 'NONE', #1432, .T. ) ;
#3377 = ORIENTED_EDGE ( 'NONE', *, *, #892, .F. ) ;
#3378 = VECTOR ( 'NONE', #8199, 39.37007874015748143 ) ;
#3379 = CARTESIAN_POINT ( 'NONE',  ( -4.519676687187463848, -1.295201033765735366, 0.000000000000000000 ) ) ;
#3380 = ORIENTED_EDGE ( 'NONE', *, *, #2392, .F. ) ;
#3381 = LINE ( 'NONE', #8934, #428 ) ;
#3382 = DIRECTION ( 'NONE',  ( 1.000000000000000000, 0.000000000000000000, -0.000000000000000000 ) ) ;
#3383 = ORIENTED_EDGE ( 'NONE', *, *, #5975, .F. ) ;
#3384 = CARTESIAN_POINT ( 'NONE',  ( -3.693202048827113781, -6.505936369147188536, 0.000000000000000000 ) ) ;
#3385 = CARTESIAN_POINT ( 'NONE',  ( 5.513862100310622516, -4.537432432139313576, 0.3937007874015748810 ) ) ;
#3386 = ORIENTED_EDGE ( 'NONE', *, *, #9829, .F. ) ;
#3387 = VECTOR ( 'NONE', #9127, 39.37007874015748143 ) ;
#3388 = VERTEX_POINT ( 'NONE', #6587 ) ;
#3389 = CARTESIAN_POINT ( 'NONE',  ( 3.693202048827116002, 0.9743785914827339800, 0.3937007874015748254 ) ) ;
#3390 = EDGE_CURVE ( 'NONE', #9905, #5794, #1901, .T. ) ;
#3391 = DIRECTION ( 'NONE',  ( -4.047688110612550544E-16, 0.000000000000000000, 1.000000000000000000 ) ) ;
#3392 = ORIENTED_EDGE ( 'NONE', *, *, #3470, .F. ) ;
#3393 = ORIENTED_EDGE ( 'NONE', *, *, #10745, .F. ) ;
#3394 = EDGE_CURVE ( 'NONE', #1307, #7777, #9200, .T. ) ;
#3395 = CARTESIAN_POINT ( 'NONE',  ( 0.006488179178569855252, 3.915065883440284278, 6.692913385826771311 ) ) ;
#3396 = DIRECTION ( 'NONE',  ( 0.000000000000000000, -1.000000000000000000, 0.000000000000000000 ) ) ;
#3397 = CARTESIAN_POINT ( 'NONE',  ( -3.693202048827113781, -6.505936369147188536, 1.968503937007874072 ) ) ;
#3398 = DIRECTION ( 'NONE',  ( -1.966319083971647568E-16, 0.000000000000000000, -1.000000000000000000 ) ) ;
#3399 = LINE ( 'NONE', #694, #1242 ) ;
#3400 = EDGE_CURVE ( 'NONE', #10187, #6953, #2302, .T. ) ;
#3401 = SURFACE_SIDE_STYLE ('',( #4355 ) ) ;
#3402 = EDGE_CURVE ( 'NONE', #6260, #991, #114, .T. ) ;
#3403 = CARTESIAN_POINT ( 'NONE',  ( 2.073640607983708861, -12.41144818017080809, 0.7874015748031496509 ) ) ;
#3404 = CYLINDRICAL_SURFACE ( 'NONE', #9635, 1.181102362204725420 ) ;
#3405 = PRODUCT_DEFINITION_SHAPE ( 'NONE', 'NONE',  #10664 ) ;
#3406 = CARTESIAN_POINT ( 'NONE',  ( -0.5905511811023620439, -0.3937007874015748254, 7.874015748031495399 ) ) ;
#3407 = ORIENTED_EDGE ( 'NONE', *, *, #1925, .T. ) ;
#3408 = DIRECTION ( 'NONE',  ( -1.000000000000000000, 0.000000000000000000, 0.000000000000000000 ) ) ;
#3409 = CARTESIAN_POINT ( 'NONE',  ( 3.684478356748024819, -0.6432185497264709673, 0.000000000000000000 ) ) ;
#3410 = DIRECTION ( 'NONE',  ( 0.000000000000000000, 0.000000000000000000, -1.000000000000000000 ) ) ;
#3411 = ORIENTED_EDGE ( 'NONE', *, *, #2000, .F. ) ;
#3412 = ADVANCED_FACE ( 'NONE', ( #2078 ), #1177, .F. ) ;
#3413 = EDGE_CURVE ( 'NONE', #8598, #3704, #8601, .T. ) ;
#3414 = CARTESIAN_POINT ( 'NONE',  ( -4.921259842519685179, 1.368079378884309083, 0.3937007874015748254 ) ) ;
#3415 = CARTESIAN_POINT ( 'NONE',  ( -4.591619688868613380, 7.480314960629921295, -7.952773140716710820 ) ) ;
#3417 = VECTOR ( 'NONE', #9440, 39.37007874015748143 ) ;
#3416 = FACE_OUTER_BOUND ( 'NONE', #7845, .T. ) ;
#3418 = ORIENTED_EDGE ( 'NONE', *, *, #5783, .T. ) ;
#3419 = CARTESIAN_POINT ( 'NONE',  ( -4.273251509737226783, -3.553180463635376096, 0.3937007874015748254 ) ) ;
#3420 = CARTESIAN_POINT ( 'NONE',  ( 2.467341395385281633, -10.63979463686372284, 0.7874015748031496509 ) ) ;
#3421 = DIRECTION ( 'NONE',  ( 5.551115123125781913E-15, 1.000000000000000000, -0.000000000000000000 ) ) ;
#3422 = CARTESIAN_POINT ( 'NONE',  ( -4.197918901467038388, 8.267716535433070391, 0.000000000000000000 ) ) ;
#3423 = ORIENTED_EDGE ( 'NONE', *, *, #5906, .T. ) ;
#3424 = DIRECTION ( 'NONE',  ( 0.000000000000000000, 0.000000000000000000, 1.000000000000000000 ) ) ;
#3425 = EDGE_CURVE ( 'NONE', #5267, #7935, #10114, .T. ) ;
#3426 = EDGE_LOOP ( 'NONE', ( #10519, #701, #10009, #7072, #5911, #5447, #4434, #2943, #5728, #2575, #4582, #2555, #3457, #8181, #10840, #4717, #10537, #9383, #923 ) ) ;
#3427 = MECHANICAL_DESIGN_GEOMETRIC_PRESENTATION_REPRESENTATION (  '', ( #7060 ), #9896 ) ;
#3428 = EDGE_CURVE ( 'NONE', #3265, #7789, #10549, .T. ) ;
#3429 = DIRECTION ( 'NONE',  ( 0.8574929257125443183, -0.5144957554275262357, 0.000000000000000000 ) ) ;
#3430 = ORIENTED_EDGE ( 'NONE', *, *, #4685, .F. ) ;
#3431 = CARTESIAN_POINT ( 'NONE',  ( -0.5905511811023620439, -12.41144818017081342, 0.000000000000000000 ) ) ;
#3432 = VERTEX_POINT ( 'NONE', #5873 ) ;
#3433 = CARTESIAN_POINT ( 'NONE',  ( 5.179553741579351112, 9.055118110236220375, -7.165371565913558172 ) ) ;
#3434 = FACE_OUTER_BOUND ( 'NONE', #8931, .T. ) ;
#3435 =( GEOMETRIC_REPRESENTATION_CONTEXT ( 3 ) GLOBAL_UNCERTAINTY_ASSIGNED_CONTEXT ( ( #4338 ) ) GLOBAL_UNIT_ASSIGNED_CONTEXT ( ( #5679, #980, #9514 ) ) REPRESENTATION_CONTEXT ( 'NONE', 'WORKASPACE' ) );
#3436 = ORIENTED_EDGE ( 'NONE', *, *, #7900, .F. ) ;
#3437 = AXIS2_PLACEMENT_3D ( 'NONE', #3439, #5237, #8098 ) ;
#3438 = CARTESIAN_POINT ( 'NONE',  ( 4.184668832571872166, -11.42719621166687283, 0.3937007874015748254 ) ) ;
#3439 = CARTESIAN_POINT ( 'NONE',  ( -7.086614173228347191, -0.3937007874015748254, 0.5905511811023629321 ) ) ;
#3440 = ORIENTED_EDGE ( 'NONE', *, *, #6087, .T. ) ;
#3441 = ADVANCED_FACE ( 'NONE', ( #3276 ), #9491, .T. ) ;
#3442 = EDGE_LOOP ( 'NONE', ( #7920, #7422, #3464, #8085 ) ) ;
#3443 = AXIS2_PLACEMENT_3D ( 'NONE', #350, #9386, #1083 ) ;
#3444 = CARTESIAN_POINT ( 'NONE',  ( -4.783372228692590156, 3.149606299212599492, -6.106877749175725789 ) ) ;
#3445 = PLANE ( 'NONE',  #8518 ) ;
#3446 = APPLICATION_PROTOCOL_DEFINITION ( 'draft international standard', 'automotive_design', 1998, #2340 ) ;
#3447 = ORIENTED_EDGE ( 'NONE', *, *, #11287, .F. ) ;
#3448 = ORIENTED_EDGE ( 'NONE', *, *, #9519, .F. ) ;
#3449 = LINE ( 'NONE', #11552, #6420 ) ;
#3450 = FACE_OUTER_BOUND ( 'NONE', #6079, .T. ) ;
#3451 = DIRECTION ( 'NONE',  ( 1.000000000000000000, 0.000000000000000000, 0.000000000000000000 ) ) ;
#3452 = DIRECTION ( 'NONE',  ( -1.000000000000000000, 0.000000000000000000, 0.000000000000000000 ) ) ;
#3453 = ADVANCED_FACE ( 'NONE', ( #6937 ), #4234, .T. ) ;
#3454 = EDGE_CURVE ( 'NONE', #4506, #5060, #8594, .T. ) ;
#3455 = LINE ( 'NONE', #1647, #7943 ) ;
#3456 = CARTESIAN_POINT ( 'NONE',  ( 4.785852954177777008, 8.267716535433070391, -0.1876059001138010995 ) ) ;
#3457 = ORIENTED_EDGE ( 'NONE', *, *, #3847, .T. ) ;
#3458 = DIMENSIONAL_EXPONENTS ( 1.000000000000000000, 0.000000000000000000, 0.000000000000000000, 0.000000000000000000, 0.000000000000000000, 0.000000000000000000, 0.000000000000000000 ) ;
#3459 = DIRECTION ( 'NONE',  ( 0.000000000000000000, 0.000000000000000000, -1.000000000000000000 ) ) ;
#3460 = FACE_OUTER_BOUND ( 'NONE', #5052, .T. ) ;
#3461 = ORIENTED_EDGE ( 'NONE', *, *, #9401, .T. ) ;
#3462 = CIRCLE ( 'NONE', #1348, 1.181102362204725420 ) ;
#3463 = CARTESIAN_POINT ( 'NONE',  ( -4.923310919208258696, -5.127983613241676508, 0.000000000000000000 ) ) ;
#3464 = ORIENTED_EDGE ( 'NONE', *, *, #8206, .T. ) ;
#3465 = LINE ( 'NONE', #2622, #1887 ) ;
#3466 = CARTESIAN_POINT ( 'NONE',  ( 3.850385348604786984, 0.01986406393673360166, 0.000000000000000000 ) ) ;
#3467 = ADVANCED_FACE ( 'NONE', ( #11316 ), #4289, .F. ) ;
#3468 = CARTESIAN_POINT ( 'NONE',  ( 0.3937007874015750475, -13.00199936127317279, 0.000000000000000000 ) ) ;
#3469 = ORIENTED_EDGE ( 'NONE', *, *, #2774, .T. ) ;
#3470 = EDGE_CURVE ( 'NONE', #533, #7238, #393, .T. ) ;
#3471 = CARTESIAN_POINT ( 'NONE',  ( -4.273251509737226783, -5.521684400643249724, 0.000000000000000000 ) ) ;
#3472 = CARTESIAN_POINT ( 'NONE',  ( -3.192102363848783320, 3.937007874015748143, -7.897707860576850258 ) ) ;
#3473 = CARTESIAN_POINT ( 'NONE',  ( 4.921259842519685179, 1.368079378884309083, 0.000000000000000000 ) ) ;
#3474 = EDGE_CURVE ( 'NONE', #1741, #7419, #2195, .T. ) ;
#3475 = ORIENTED_EDGE ( 'NONE', *, *, #7849, .F. ) ;
#3476 = LINE ( 'NONE', #5334, #5954 ) ;
#3477 = LINE ( 'NONE', #3420, #10416 ) ;
#3478 = CARTESIAN_POINT ( 'NONE',  ( 0.000000000000000000, 3.937007874015748143, 8.464566929133857442 ) ) ;
#3479 = CARTESIAN_POINT ( 'NONE',  ( -2.778641590709038045, 3.937007874015748143, 7.972440944881888036 ) ) ;
#3480 = EDGE_CURVE ( 'NONE', #11694, #6189, #10364, .T. ) ;
#3481 = ORIENTED_EDGE ( 'NONE', *, *, #657, .F. ) ;
#3482 = CARTESIAN_POINT ( 'NONE',  ( -3.549822394964751382, 3.149606299212599492, -7.374193064736720871 ) ) ;
#3483 = CARTESIAN_POINT ( 'NONE',  ( 3.740157480314960647, -10.75790487308419685, 0.3937007874015748254 ) ) ;
#3484 = ORIENTED_EDGE ( 'NONE', *, *, #8559, .F. ) ;
#3485 = ADVANCED_FACE ( 'NONE', ( #5197 ), #8719, .F. ) ;
#3486 = CLOSED_SHELL ( 'NONE', ( #1284, #3249, #9081, #334, #8827, #1960, #1197, #525 ) ) ;
#3487 = CYLINDRICAL_SURFACE ( 'NONE', #6412, 1.574803149606299080 ) ;
#3488 = ORIENTED_EDGE ( 'NONE', *, *, #5357, .T. ) ;
#3489 = CARTESIAN_POINT ( 'NONE',  ( -0.5905511811023601565, 0.000000000000000000, -7.874015748031495399 ) ) ;
#3490 = CARTESIAN_POINT ( 'NONE',  ( 4.347829632394716093, -11.77069179321712333, 0.000000000000000000 ) ) ;
#3491 = VERTEX_POINT ( 'NONE', #8776 ) ;
#3492 = EDGE_CURVE ( 'NONE', #4392, #9524, #1480, .T. ) ;
#3493 = LINE ( 'NONE', #5182, #2168 ) ;
#3494 = VECTOR ( 'NONE', #10815, 39.37007874015748143 ) ;
#3495 = DIRECTION ( 'NONE',  ( -1.000000000000000000, 0.000000000000000000, 0.000000000000000000 ) ) ;
#3496 = ORIENTED_EDGE ( 'NONE', *, *, #11533, .F. ) ;
#3497 = CIRCLE ( 'NONE', #1195, 0.08858267716535496439 ) ;
#3498 = AXIS2_PLACEMENT_3D ( 'NONE', #1393, #7813, #3204 ) ;
#3499 = PRODUCT_DEFINITION_SHAPE ( 'NONE', 'NONE',  #11797 ) ;
#3500 = LINE ( 'NONE', #1686, #676 ) ;
#3501 = FACE_OUTER_BOUND ( 'NONE', #9921, .T. ) ;
#3502 = DIRECTION ( 'NONE',  ( -6.982962677686266711E-15, -1.000000000000000000, 1.047444401652944740E-14 ) ) ;
#3503 = EDGE_LOOP ( 'NONE', ( #6069, #4978 ) ) ;
#3504 = DIRECTION ( 'NONE',  ( 1.000000000000000000, -0.000000000000000000, -0.000000000000000000 ) ) ;
#3505 = VECTOR ( 'NONE', #4617, 39.37007874015748143 ) ;
#3506 = ORIENTED_EDGE ( 'NONE', *, *, #7133, .T. ) ;
#3507 = LINE ( 'NONE', #10377, #6378 ) ;
#3508 = CARTESIAN_POINT ( 'NONE',  ( -0.4709337523242653201, 9.448818897637794478, -0.04859674123851779465 ) ) ;
#3509 = ADVANCED_FACE ( 'NONE', ( #9717 ), #3217, .T. ) ;
#3510 = CARTESIAN_POINT ( 'NONE',  ( 6.496062992125987812, 3.937007874015748143, 0.3937007874015767128 ) ) ;
#3511 = PRESENTATION_STYLE_ASSIGNMENT (( #1697 ) ) ;
#3512 = DIRECTION ( 'NONE',  ( -1.000000000000000000, 0.000000000000000000, 0.000000000000000000 ) ) ;
#3513 = CARTESIAN_POINT ( 'NONE',  ( -3.299501261425538789, -6.505936369147188536, 0.7874015748031496509 ) ) ;
#3514 = ORIENTED_EDGE ( 'NONE', *, *, #8655, .F. ) ;
#3515 = VECTOR ( 'NONE', #6925, 39.37007874015748143 ) ;
#3516 = CARTESIAN_POINT ( 'NONE',  ( -0.4709337523242653201, 7.480314960629921295, -0.04859674123851779465 ) ) ;
#3517 = DIRECTION ( 'NONE',  ( -1.387778780781446267E-15, 1.000000000000000000, 0.000000000000000000 ) ) ;
#3518 = DIRECTION ( 'NONE',  ( 1.000000000000000000, 0.000000000000000000, 0.000000000000000000 ) ) ;
#3519 = EDGE_LOOP ( 'NONE', ( #4129, #2401, #183, #11579 ) ) ;
#3520 = VERTEX_POINT ( 'NONE', #11557 ) ;
#3521 = LINE ( 'NONE', #3348, #6032 ) ;
#3522 = VECTOR ( 'NONE', #5329, 39.37007874015748854 ) ;
#3523 = VERTEX_POINT ( 'NONE', #6884 ) ;
#3524 = LINE ( 'NONE', #9083, #10478 ) ;
#3525 = DIRECTION ( 'NONE',  ( -0.000000000000000000, -0.000000000000000000, -1.000000000000000000 ) ) ;
#3526 = ORIENTED_EDGE ( 'NONE', *, *, #10607, .F. ) ;
#3527 = CARTESIAN_POINT ( 'NONE',  ( -3.838582677165350177, 3.937007874015748143, 6.395228468411555234 ) ) ;
#3528 = VECTOR ( 'NONE', #6357, 39.37007874015748143 ) ;
#3529 = CIRCLE ( 'NONE', #8117, 1.181102362204724310 ) ;
#3530 = CARTESIAN_POINT ( 'NONE',  ( -4.361834186902580512, -3.553180463635376096, 0.3937007874015748254 ) ) ;
#3531 = EDGE_CURVE ( 'NONE', #5360, #2322, #3071, .T. ) ;
#3532 = LINE ( 'NONE', #7019, #7552 ) ;
#3533 = AXIS2_PLACEMENT_3D ( 'NONE', #6894, #9381, #230 ) ;
#3534 = LINE ( 'NONE', #6, #458 ) ;
#3535 = ORIENTED_EDGE ( 'NONE', *, *, #6255, .T. ) ;
#3536 = DIRECTION ( 'NONE',  ( -0.000000000000000000, 1.000000000000000000, -0.000000000000000000 ) ) ;
#3537 = DIRECTION ( 'NONE',  ( 0.000000000000000000, 0.000000000000000000, 1.000000000000000000 ) ) ;
#3538 = ADVANCED_FACE ( 'NONE', ( #4114 ), #7775, .T. ) ;
#3539 = PLANE ( 'NONE',  #4258 ) ;
#3540 = CARTESIAN_POINT ( 'NONE',  ( -3.560428057591566997, 3.168267873820385105, 0.3937007874015748254 ) ) ;
#3542 = ORIENTED_EDGE ( 'NONE', *, *, #4804, .T. ) ;
#3541 = CIRCLE ( 'NONE', #10210, 0.1968503937007875793 ) ;
#3543 = FACE_BOUND ( 'NONE', #3659, .T. ) ;
#3544 = ORIENTED_EDGE ( 'NONE', *, *, #117, .F. ) ;
#3545 = VERTEX_POINT ( 'NONE', #7827 ) ;
#3546 = AXIS2_PLACEMENT_3D ( 'NONE', #161, #1895, #3823 ) ;
#3547 = ADVANCED_FACE ( 'NONE', ( #574 ), #11494, .F. ) ;
#3548 = VECTOR ( 'NONE', #9855, 39.37007874015748143 ) ;
#3549 = ADVANCED_FACE ( 'NONE', ( #7104, #9005, #2538, #10663, #5312, #9882, #9770 ), #11785, .F. ) ;
#3550 = VECTOR ( 'NONE', #11651, 39.37007874015748143 ) ;
#3551 = AXIS2_PLACEMENT_3D ( 'NONE', #9119, #7518, #2713 ) ;
#3552 = CARTESIAN_POINT ( 'NONE',  ( -5.137870221958628747, 0.000000000000000000, 7.072130618713249994 ) ) ;
#3553 = VERTEX_POINT ( 'NONE', #1586 ) ;
#3554 = ORIENTED_EDGE ( 'NONE', *, *, #5611, .F. ) ;
#3555 = CARTESIAN_POINT ( 'NONE',  ( -4.591619688868616045, 9.055118110236220375, -7.206675219446472269 ) ) ;
#3556 = VECTOR ( 'NONE', #1999, 39.37007874015748143 ) ;
#3557 = CARTESIAN_POINT ( 'NONE',  ( -0.3937007874015748810, 3.927134496994546087, 0.3937007874015748810 ) ) ;
#3558 = EDGE_LOOP ( 'NONE', ( #11022, #1678, #11758, #9546 ) ) ;
#3559 = FACE_OUTER_BOUND ( 'NONE', #5805, .T. ) ;
#3560 = CARTESIAN_POINT ( 'NONE',  ( 3.693202048827112893, -6.505936369147187648, 0.000000000000000000 ) ) ;
#3561 = AXIS2_PLACEMENT_3D ( 'NONE', #1777, #9091, #10027 ) ;
#3562 = ORIENTED_EDGE ( 'NONE', *, *, #6652, .T. ) ;
#3563 = EDGE_CURVE ( 'NONE', #4248, #294, #9830, .T. ) ;
#3564 = AXIS2_PLACEMENT_3D ( 'NONE', #9349, #8511, #3972 ) ;
#3565 = FACE_OUTER_BOUND ( 'NONE', #1289, .T. ) ;
#3566 = ADVANCED_FACE ( 'NONE', ( #6273 ), #7231, .F. ) ;
#3567 = DIRECTION ( 'NONE',  ( 0.000000000000000000, -1.000000000000000000, 0.000000000000000000 ) ) ;
#3568 = CARTESIAN_POINT ( 'NONE',  ( 36.97776619943029885, 30.74889284742810602, 46.40050053871944158 ) ) ;
#3569 = ORIENTED_EDGE ( 'NONE', *, *, #4602, .T. ) ;
#3570 = ORIENTED_EDGE ( 'NONE', *, *, #816, .F. ) ;
#3571 = LINE ( 'NONE', #8109, #9040 ) ;
#3572 = DIRECTION ( 'NONE',  ( -0.000000000000000000, -0.000000000000000000, -1.000000000000000000 ) ) ;
#3573 = CYLINDRICAL_SURFACE ( 'NONE', #8015, 1.181102362204724310 ) ;
#3574 = CARTESIAN_POINT ( 'NONE',  ( 3.560428057591566997, 3.168267873820385105, 0.000000000000000000 ) ) ;
#3575 =( GEOMETRIC_REPRESENTATION_CONTEXT ( 3 ) GLOBAL_UNCERTAINTY_ASSIGNED_CONTEXT ( ( #2519 ) ) GLOBAL_UNIT_ASSIGNED_CONTEXT ( ( #2873, #7382, #9335 ) ) REPRESENTATION_CONTEXT ( 'NONE', 'WORKASPACE' ) );
#3576 = CARTESIAN_POINT ( 'NONE',  ( -2.778641590709038045, 3.937007874015748143, 7.874015748031495399 ) ) ;
#3577 =( REPRESENTATION_RELATIONSHIP ('NONE','NONE', #4507, #9006 ) REPRESENTATION_RELATIONSHIP_WITH_TRANSFORMATION ( #3860 )SHAPE_REPRESENTATION_RELATIONSHIP( ) );
#3578 = CARTESIAN_POINT ( 'NONE',  ( -3.693202048827115558, -2.568928495131439060, 0.3937007874015748254 ) ) ;
#3579 = ORIENTED_EDGE ( 'NONE', *, *, #1322, .T. ) ;
#3580 = EDGE_CURVE ( 'NONE', #5991, #10863, #1646, .T. ) ;
#3581 = LINE ( 'NONE', #6397, #2006 ) ;
#3582 = CYLINDRICAL_SURFACE ( 'NONE', #3733, 0.1968503937007873017 ) ;
#3583 = ORIENTED_EDGE ( 'NONE', *, *, #4631, .T. ) ;
#3584 = ORIENTED_EDGE ( 'NONE', *, *, #5535, .T. ) ;
#3585 = CARTESIAN_POINT ( 'NONE',  ( 0.5905511811023621549, -0.3937007874015748254, 9.055118110236220375 ) ) ;
#3586 = ORIENTED_EDGE ( 'NONE', *, *, #702, .T. ) ;
#3587 = DIRECTION ( 'NONE',  ( 5.551115123125780730E-16, 1.000000000000000000, -0.000000000000000000 ) ) ;
#3588 = VERTEX_POINT ( 'NONE', #2721 ) ;
#3589 = DIRECTION ( 'NONE',  ( -1.000000000000000000, 0.000000000000000000, 0.000000000000000000 ) ) ;
#3590 = CARTESIAN_POINT ( 'NONE',  ( 2.778641590709042930, 3.915065883440284278, -6.791338582677165725 ) ) ;
#3591 = ORIENTED_EDGE ( 'NONE', *, *, #8366, .T. ) ;
#3592 = PRODUCT_DEFINITION_CONTEXT ( 'detailed design', #6575, 'design' ) ;
#3593 = DIRECTION ( 'NONE',  ( 0.000000000000000000, 0.000000000000000000, -1.000000000000000000 ) ) ;
#3594 = CARTESIAN_POINT ( 'NONE',  ( 4.273251509737226783, 2.352331347388247451, 0.000000000000000000 ) ) ;
#3595 = FACE_OUTER_BOUND ( 'NONE', #1756, .T. ) ;
#3596 = VERTEX_POINT ( 'NONE', #2484 ) ;
#3597 = CARTESIAN_POINT ( 'NONE',  ( -0.5905511811023601565, -0.3937007874015748254, -7.874015748031495399 ) ) ;
#3598 = LINE ( 'NONE', #4611, #10979 ) ;
#3599 = DIRECTION ( 'NONE',  ( -0.000000000000000000, -0.000000000000000000, -1.000000000000000000 ) ) ;
#3600 = DIRECTION ( 'NONE',  ( -0.000000000000000000, -0.000000000000000000, -1.000000000000000000 ) ) ;
#3601 = ORIENTED_EDGE ( 'NONE', *, *, #10748, .T. ) ;
#3602 = FACE_BOUND ( 'NONE', #6433, .T. ) ;
#3603 = AXIS2_PLACEMENT_3D ( 'NONE', #7631, #6734, #11235 ) ;
#3604 = ORIENTED_EDGE ( 'NONE', *, *, #5356, .F. ) ;
#3605 = EDGE_CURVE ( 'NONE', #2446, #5529, #6533, .T. ) ;
#3606 = CARTESIAN_POINT ( 'NONE',  ( -0.5905511811023600455, 0.000000000000000000, -9.055118110236220375 ) ) ;
#3607 = VERTEX_POINT ( 'NONE', #2665 ) ;
#3608 = VERTEX_POINT ( 'NONE', #10888 ) ;
#3609 = CARTESIAN_POINT ( 'NONE',  ( -0.1968503937007875237, 0.8331594030294345865, 0.3937007874015748254 ) ) ;
#3610 = LINE ( 'NONE', #782, #11357 ) ;
#3611 = EDGE_CURVE ( 'NONE', #6657, #7408, #1822, .T. ) ;
#3612 = ORIENTED_EDGE ( 'NONE', *, *, #3109, .T. ) ;
#3613 = CARTESIAN_POINT ( 'NONE',  ( 5.118110236220536180, -8.668972124862862985E-16, 3.543307086614216228 ) ) ;
#3614 = CIRCLE ( 'NONE', #6886, 1.574803149606299524 ) ;
#3615 = CYLINDRICAL_SURFACE ( 'NONE', #4, 1.181102362204725420 ) ;
#3616 = EDGE_CURVE ( 'NONE', #991, #7764, #3462, .T. ) ;
#3617 = CARTESIAN_POINT ( 'NONE',  ( 3.456684561203211992, -1.306301163389676168, 0.3937007874015748254 ) ) ;
#3618 = DIRECTION ( 'NONE',  ( 0.000000000000000000, 1.000000000000000000, 0.000000000000000000 ) ) ;
#3619 =( NAMED_UNIT ( * ) SI_UNIT ( $, .STERADIAN. ) SOLID_ANGLE_UNIT ( ) );
#3620 = ORIENTED_EDGE ( 'NONE', *, *, #6485, .T. ) ;
#3621 = CIRCLE ( 'NONE', #2655, 0.3937007874015751585 ) ;
#3622 = FILL_AREA_STYLE_COLOUR ( '', #8689 ) ;
#3623 = VERTEX_POINT ( 'NONE', #800 ) ;
#3624 = LINE ( 'NONE', #8172, #7547 ) ;
#3625 = DIRECTION ( 'NONE',  ( -1.000000000000000000, 0.000000000000000000, 0.000000000000000000 ) ) ;
#3626 = EDGE_CURVE ( 'NONE', #1213, #1375, #4353, .T. ) ;
#3627 = CARTESIAN_POINT ( 'NONE',  ( 3.693202048827113781, 0.9743785914827342021, 0.7874015748031496509 ) ) ;
#3628 = LINE ( 'NONE', #1944, #8917 ) ;
#3629 = CARTESIAN_POINT ( 'NONE',  ( 3.693202048827114670, -2.568928495131438172, 0.3937007874015748254 ) ) ;
#3630 = ORIENTED_EDGE ( 'NONE', *, *, #11582, .F. ) ;
#3631 = CIRCLE ( 'NONE', #11041, 0.08858267716535440928 ) ;
#3632 = CIRCLE ( 'NONE', #8788, 0.08858267716535440928 ) ;
#3633 =( CONVERSION_BASED_UNIT ( 'INCH', #4462 ) LENGTH_UNIT ( ) NAMED_UNIT ( #7818 ) );
#3634 = ORIENTED_EDGE ( 'NONE', *, *, #9941, .T. ) ;
#3635 = ORIENTED_EDGE ( 'NONE', *, *, #6259, .F. ) ;
#3636 = CARTESIAN_POINT ( 'NONE',  ( 7.086614173228347191, -0.3937007874015748254, 0.5905511811023629321 ) ) ;
#3637 = DIRECTION ( 'NONE',  ( -0.000000000000000000, -1.000000000000000000, -0.000000000000000000 ) ) ;
#3638 = ORIENTED_EDGE ( 'NONE', *, *, #2177, .T. ) ;
#3639 = VERTEX_POINT ( 'NONE', #8234 ) ;
#3640 = AXIS2_PLACEMENT_3D ( 'NONE', #2935, #7441, #1973 ) ;
#3641 = DIRECTION ( 'NONE',  ( 4.857225732735059864E-15, 0.000000000000000000, -1.000000000000000000 ) ) ;
#3642 = ADVANCED_FACE ( 'NONE', ( #6391 ), #1700, .T. ) ;
#3643 = ORIENTED_EDGE ( 'NONE', *, *, #4435, .F. ) ;
#3644 = DIRECTION ( 'NONE',  ( 0.000000000000000000, 0.000000000000000000, 1.000000000000000000 ) ) ;
#3645 = PLANE ( 'NONE',  #8233 ) ;
#3646 = ORIENTED_EDGE ( 'NONE', *, *, #627, .T. ) ;
#3647 = DIRECTION ( 'NONE',  ( 0.000000000000000000, 0.000000000000000000, 1.000000000000000000 ) ) ;
#3648 = EDGE_CURVE ( 'NONE', #8258, #4829, #11602, .T. ) ;
#3649 = EDGE_LOOP ( 'NONE', ( #5860, #7844 ) ) ;
#3650 = VECTOR ( 'NONE', #8425, 39.37007874015748143 ) ;
#3651 = CARTESIAN_POINT ( 'NONE',  ( -3.693202048827115558, -2.568928495131439060, 0.3937007874015748254 ) ) ;
#3652 = CARTESIAN_POINT ( 'NONE',  ( -1.258335327127414915, 7.480314960629921295, -0.2454471349393052004 ) ) ;
#3653 = DIRECTION ( 'NONE',  ( -1.000000000000000000, 0.000000000000000000, 0.000000000000000000 ) ) ;
#3654 = ORIENTED_EDGE ( 'NONE', *, *, #775, .T. ) ;
#3655 = FACE_BOUND ( 'NONE', #5244, .T. ) ;
#3656 = DIRECTION ( 'NONE',  ( 4.857225732735059864E-15, 0.000000000000000000, -1.000000000000000000 ) ) ;
#3657 = CARTESIAN_POINT ( 'NONE',  ( 4.821444091131316454E-17, 3.937007874015748143, -8.070866141732281562 ) ) ;
#3658 = CARTESIAN_POINT ( 'NONE',  ( 4.273251509737226783, 2.352331347388247451, 0.3937007874015748254 ) ) ;
#3659 = EDGE_LOOP ( 'NONE', ( #9008, #11200, #2351, #1842 ) ) ;
#3660 = FACE_OUTER_BOUND ( 'NONE', #3303, .T. ) ;
#3661 = EDGE_CURVE ( 'NONE', #4914, #6477, #11728, .T. ) ;
#3662 = ORIENTED_EDGE ( 'NONE', *, *, #3777, .F. ) ;
#3663 = VECTOR ( 'NONE', #8633, 39.37007874015748143 ) ;
#3664 = DIRECTION ( 'NONE',  ( -0.000000000000000000, -1.000000000000000000, -0.000000000000000000 ) ) ;
#3665 = ORIENTED_EDGE ( 'NONE', *, *, #8167, .T. ) ;
#3666 = ADVANCED_FACE ( 'NONE', ( #5500 ), #10779, .F. ) ;
#3667 = EDGE_LOOP ( 'NONE', ( #6121, #5091 ) ) ;
#3668 = DIRECTION ( 'NONE',  ( -1.000000000000000000, 2.891205793294678326E-16, 0.000000000000000000 ) ) ;
#3669 = CARTESIAN_POINT ( 'NONE',  ( -4.591619688868613380, 9.448818897637794478, -7.952773140716710820 ) ) ;
#3670 = ORIENTED_EDGE ( 'NONE', *, *, #2232, .F. ) ;
#3671 = LINE ( 'NONE', #7332, #6589 ) ;
#3672 = DIRECTION ( 'NONE',  ( 0.000000000000000000, -1.000000000000000000, 0.000000000000000000 ) ) ;
#3673 = CARTESIAN_POINT ( 'NONE',  ( 3.693202048827114670, -2.175227707729864512, 0.7874015748031496509 ) ) ;
#3674 = DIRECTION ( 'NONE',  ( -0.000000000000000000, -0.000000000000000000, -1.000000000000000000 ) ) ;
#3675 = CONTEXT_DEPENDENT_SHAPE_REPRESENTATION ( #9671, #9137 ) ;
#3676 = VERTEX_POINT ( 'NONE', #4581 ) ;
#3677 = EDGE_CURVE ( 'NONE', #3872, #6227, #5573, .T. ) ;
#3678 = ORIENTED_EDGE ( 'NONE', *, *, #5272, .T. ) ;
#3679 = CARTESIAN_POINT ( 'NONE',  ( -2.858207359010676019, -6.438859693790624839, 0.7874015748031496509 ) ) ;
#3680 = CARTESIAN_POINT ( 'NONE',  ( 2.778641590709042930, 3.937007874015748143, -6.791338582677165725 ) ) ;
#3681 = CARTESIAN_POINT ( 'NONE',  ( 2.858207359010676019, -6.438859693790624839, 0.7874015748031496509 ) ) ;
#3682 = ADVANCED_FACE ( 'NONE', ( #1885 ), #3868, .F. ) ;
#3683 = ADVANCED_FACE ( 'NONE', ( #9362 ), #4639, .F. ) ;
#3684 = CARTESIAN_POINT ( 'NONE',  ( -4.184668832571871278, -11.42719621166687105, 0.3937007874015748254 ) ) ;
#3685 = EDGE_LOOP ( 'NONE', ( #7349, #1368, #3019, #9154 ) ) ;
#3686 = CARTESIAN_POINT ( 'NONE',  ( 2.464506571609102803, -2.698702213475663303, 0.3937007874015748254 ) ) ;
#3687 = ADVANCED_FACE ( 'NONE', ( #982 ), #7594, .F. ) ;
#3688 = ORIENTED_EDGE ( 'NONE', *, *, #6413, .T. ) ;
#3689 = ORIENTED_EDGE ( 'NONE', *, *, #3366, .T. ) ;
#3690 = VECTOR ( 'NONE', #11699, 39.37007874015748143 ) ;
#3691 = DIRECTION ( 'NONE',  ( -0.000000000000000000, 0.000000000000000000, 1.000000000000000000 ) ) ;
#3692 = CARTESIAN_POINT ( 'NONE',  ( -2.952755905511811108, 2.155480953687459067, 0.3937007874015748254 ) ) ;
#3693 = EDGE_LOOP ( 'NONE', ( #3905, #11006, #4102, #11283 ) ) ;
#3694 = AXIS2_PLACEMENT_3D ( 'NONE', #6537, #5764, #3715 ) ;
#3695 = EDGE_CURVE ( 'NONE', #6964, #8279, #8352, .T. ) ;
#3696 = ORIENTED_EDGE ( 'NONE', *, *, #4307, .F. ) ;
#3697 = PRODUCT_DEFINITION_SHAPE ( 'NONE', 'NONE',  #8568 ) ;
#3698 = ORIENTED_EDGE ( 'NONE', *, *, #4870, .F. ) ;
#3699 = CARTESIAN_POINT ( 'NONE',  ( 0.5905511811023620439, -0.3937007874015748254, 7.874015748031495399 ) ) ;
#3700 = ORIENTED_EDGE ( 'NONE', *, *, #11317, .T. ) ;
#3701 = PLANE ( 'NONE',  #4003 ) ;
#3702 = ORIENTED_EDGE ( 'NONE', *, *, #3044, .F. ) ;
#3703 = CARTESIAN_POINT ( 'NONE',  ( 5.905511811023623103, -0.3937007874015748254, 0.5905511811023624880 ) ) ;
#3704 = VERTEX_POINT ( 'NONE', #3684 ) ;
#3705 = DIRECTION ( 'NONE',  ( -0.000000000000000000, 1.000000000000000000, -0.000000000000000000 ) ) ;
#3706 = VECTOR ( 'NONE', #10757, 39.37007874015748143 ) ;
#3707 = ORIENTED_EDGE ( 'NONE', *, *, #2501, .T. ) ;
#3708 = ADVANCED_FACE ( 'NONE', ( #8287 ), #2903, .F. ) ;
#3709 = ORIENTED_EDGE ( 'NONE', *, *, #457, .T. ) ;
#3710 = PLANE ( 'NONE',  #10983 ) ;
#3711 = AXIS2_PLACEMENT_3D ( 'NONE', #10028, #4606, #8255 ) ;
#3712 = EDGE_CURVE ( 'NONE', #11291, #685, #4603, .T. ) ;
#3713 = VECTOR ( 'NONE', #10153, 39.37007874015748143 ) ;
#3714 = DIRECTION ( 'NONE',  ( 0.000000000000000000, 0.000000000000000000, -1.000000000000000000 ) ) ;
#3715 = DIRECTION ( 'NONE',  ( 1.000000000000000000, 0.000000000000000000, 0.000000000000000000 ) ) ;
#3716 = FACE_OUTER_BOUND ( 'NONE', #860, .T. ) ;
#3717 = EDGE_LOOP ( 'NONE', ( #8734, #3638, #1319, #11636 ) ) ;
#3718 = CYLINDRICAL_SURFACE ( 'NONE', #2266, 0.08858267716535440928 ) ;
#3719 = DIRECTION ( 'NONE',  ( -0.000000000000000000, -0.000000000000000000, -1.000000000000000000 ) ) ;
#3720 = VECTOR ( 'NONE', #6143, 39.37007874015748143 ) ;
#3721 = CARTESIAN_POINT ( 'NONE',  ( 4.923310919208261360, -2.568928495131438172, 0.000000000000000000 ) ) ;
#3722 = CARTESIAN_POINT ( 'NONE',  ( -0.1968503937007874127, -2.119596502482376632, 0.7874015748031496509 ) ) ;
#3723 = ORIENTED_EDGE ( 'NONE', *, *, #11648, .F. ) ;
#3724 = ORIENTED_EDGE ( 'NONE', *, *, #9164, .F. ) ;
#3725 = FACE_BOUND ( 'NONE', #8048, .T. ) ;
#3726 = VERTEX_POINT ( 'NONE', #5682 ) ;
#3727 = AXIS2_PLACEMENT_3D ( 'NONE', #2083, #9377, #3952 ) ;
#3728 = VERTEX_POINT ( 'NONE', #9308 ) ;
#3729 = AXIS2_PLACEMENT_3D ( 'NONE', #7379, #2870, #3783 ) ;
#3730 = EDGE_CURVE ( 'NONE', #11565, #5890, #4965, .T. ) ;
#3731 = LINE ( 'NONE', #8504, #11676 ) ;
#3732 = ORIENTED_EDGE ( 'NONE', *, *, #8474, .F. ) ;
#3733 = AXIS2_PLACEMENT_3D ( 'NONE', #4536, #1593, #8060 ) ;
#3734 = VECTOR ( 'NONE', #5701, 39.37007874015748143 ) ;
#3735 = VECTOR ( 'NONE', #1487, 39.37007874015748143 ) ;
#3736 = EDGE_LOOP ( 'NONE', ( #11153, #1384 ) ) ;
#3737 = DIRECTION ( 'NONE',  ( 0.000000000000000000, 1.000000000000000000, 0.000000000000000000 ) ) ;
#3738 = LINE ( 'NONE', #8271, #3750 ) ;
#3739 = ORIENTED_EDGE ( 'NONE', *, *, #6197, .T. ) ;
#3740 = ORIENTED_EDGE ( 'NONE', *, *, #1295, .F. ) ;
#3741 = DIRECTION ( 'NONE',  ( -1.000000000000000000, 0.000000000000000000, 0.000000000000000000 ) ) ;
#3742 = VECTOR ( 'NONE', #10121, 39.37007874015748143 ) ;
#3743 = PLANE ( 'NONE',  #9051 ) ;
#3744 = PRODUCT_DEFINITION_FORMATION_WITH_SPECIFIED_SOURCE ( 'ANY', '', #3803, .NOT_KNOWN. ) ;
#3745 = STYLED_ITEM ( 'NONE', ( #8057 ), #10471 ) ;
#3746 = VECTOR ( 'NONE', #6879, 39.37007874015748143 ) ;
#3747 = CARTESIAN_POINT ( 'NONE',  ( 3.192102363848777102, 0.000000000000000000, -7.799282663726460285 ) ) ;
#3748 = SHAPE_DEFINITION_REPRESENTATION ( #1872, #1283 ) ;
#3749 = ORIENTED_EDGE ( 'NONE', *, *, #10099, .T. ) ;
#3750 = VECTOR ( 'NONE', #10816, 39.37007874015748143 ) ;
#3751 = ORIENTED_EDGE ( 'NONE', *, *, #3995, .F. ) ;
#3752 = DIRECTION ( 'NONE',  ( -0.000000000000000000, -0.000000000000000000, -1.000000000000000000 ) ) ;
#3753 = DIRECTION ( 'NONE',  ( -0.6974961937938047862, -0.000000000000000000, 0.7165884869596741424 ) ) ;
#3754 = VECTOR ( 'NONE', #732, 39.37007874015748143 ) ;
#3755 = AXIS2_PLACEMENT_3D ( 'NONE', #1993, #11004, #5669 ) ;
#3756 = FACE_OUTER_BOUND ( 'NONE', #6187, .T. ) ;
#3757 = CARTESIAN_POINT ( 'NONE',  ( -4.184668832571872166, 2.352331347388246119, 0.3937007874015748254 ) ) ;
#3758 = CARTESIAN_POINT ( 'NONE',  ( -7.232166136696967594E-17, 3.927134496994546087, 0.3937007874015748810 ) ) ;
#3759 = ORIENTED_EDGE ( 'NONE', *, *, #8461, .T. ) ;
#3760 = AXIS2_PLACEMENT_3D ( 'NONE', #489, #598, #7973 ) ;
#3761 = ADVANCED_FACE ( 'NONE', ( #262 ), #37, .F. ) ;
#3762 = PLANE ( 'NONE',  #4682 ) ;
#3763 = EDGE_LOOP ( 'NONE', ( #895, #1635 ) ) ;
#3764 = DIRECTION ( 'NONE',  ( -0.000000000000000000, -0.000000000000000000, -1.000000000000000000 ) ) ;
#3765 = CARTESIAN_POINT ( 'NONE',  ( 5.905511811023623103, -0.3937007874015748254, 0.5905511811023624880 ) ) ;
#3766 = EDGE_CURVE ( 'NONE', #6933, #7419, #5752, .T. ) ;
#3767 = ORIENTED_EDGE ( 'NONE', *, *, #3038, .F. ) ;
#3768 = EDGE_LOOP ( 'NONE', ( #5291, #4720, #4138, #9121 ) ) ;
#3769 = CIRCLE ( 'NONE', #2798, 0.08858267716535496439 ) ;
#3770 = DIRECTION ( 'NONE',  ( 1.000000000000000000, -0.000000000000000000, 4.649641239344063863E-15 ) ) ;
#3771 = ORIENTED_EDGE ( 'NONE', *, *, #9528, .F. ) ;
#3772 = LINE ( 'NONE', #9199, #7263 ) ;
#3773 = EDGE_CURVE ( 'NONE', #10902, #8135, #2845, .T. ) ;
#3774 = DIRECTION ( 'NONE',  ( -1.000000000000000000, -0.000000000000000000, 1.966319083971647814E-16 ) ) ;
#3775 = DIRECTION ( 'NONE',  ( -0.000000000000000000, -0.000000000000000000, -1.000000000000000000 ) ) ;
#3776 = ORIENTED_EDGE ( 'NONE', *, *, #5526, .F. ) ;
#3777 = EDGE_CURVE ( 'NONE', #6205, #9486, #6459, .T. ) ;
#3778 = DIRECTION ( 'NONE',  ( -1.110223024625156146E-15, 1.000000000000000000, 0.000000000000000000 ) ) ;
#3779 = ORIENTED_EDGE ( 'NONE', *, *, #1035, .F. ) ;
#3780 = DIRECTION ( 'NONE',  ( 0.000000000000000000, 1.000000000000000000, 0.000000000000000000 ) ) ;
#3781 = LINE ( 'NONE', #8194, #2949 ) ;
#3782 = DIRECTION ( 'NONE',  ( -0.5144957554275253475, 0.8574929257125449844, 0.000000000000000000 ) ) ;
#3783 = DIRECTION ( 'NONE',  ( -1.156482317317872465E-16, -1.000000000000000000, 0.000000000000000000 ) ) ;
#3784 = ORIENTED_EDGE ( 'NONE', *, *, #8757, .F. ) ;
#3785 = DIRECTION ( 'NONE',  ( -0.000000000000000000, -0.000000000000000000, 1.000000000000000000 ) ) ;
#3786 = SURFACE_STYLE_FILL_AREA ( #233 ) ;
#3787 = EDGE_CURVE ( 'NONE', #3879, #5831, #7527, .T. ) ;
#3788 = DIRECTION ( 'NONE',  ( 5.551115123125780730E-16, 1.000000000000000000, -0.000000000000000000 ) ) ;
#3789 = PLANE ( 'NONE',  #3256 ) ;
#3790 = FACE_BOUND ( 'NONE', #1332, .T. ) ;
#3791 = ORIENTED_EDGE ( 'NONE', *, *, #6878, .T. ) ;
#3792 = EDGE_CURVE ( 'NONE', #6055, #7839, #1144, .T. ) ;
#3793 = CARTESIAN_POINT ( 'NONE',  ( -4.197918901467038388, 7.874015748031496287, -7.952773140716710820 ) ) ;
#3794 = VERTEX_POINT ( 'NONE', #10247 ) ;
#3795 = ORIENTED_EDGE ( 'NONE', *, *, #10025, .T. ) ;
#3796 = CARTESIAN_POINT ( 'NONE',  ( 0.000000000000000000, 3.937007874015748143, 8.070866141732281562 ) ) ;
#3797 = DIRECTION ( 'NONE',  ( 0.000000000000000000, 1.000000000000000000, 0.000000000000000000 ) ) ;
#3798 = ADVANCED_FACE ( 'NONE', ( #10063 ), #2063, .F. ) ;
#3799 = FACE_OUTER_BOUND ( 'NONE', #6736, .T. ) ;
#3800 = PLANE ( 'NONE',  #4657 ) ;
#3801 = DIRECTION ( 'NONE',  ( -0.000000000000000000, -0.000000000000000000, -1.000000000000000000 ) ) ;
#3802 = EDGE_CURVE ( 'NONE', #4958, #5869, #2119, .T. ) ;
#3803 = PRODUCT ( 'Carrosserie Part 2', 'Carrosserie Part 2', '', ( #2960 ) ) ;
#3804 = PLANE ( 'NONE',  #677 ) ;
#3805 = APPLICATION_PROTOCOL_DEFINITION ( 'draft international standard', 'automotive_design', 1998, #9597 ) ;
#3806 = ORIENTED_EDGE ( 'NONE', *, *, #7121, .T. ) ;
#3807 = ORIENTED_EDGE ( 'NONE', *, *, #3394, .F. ) ;
#3808 = DIRECTION ( 'NONE',  ( 1.000000000000000000, 0.000000000000000000, 0.000000000000000000 ) ) ;
#3809 = PLANE ( 'NONE',  #1446 ) ;
#3810 = AXIS2_PLACEMENT_3D ( 'NONE', #5391, #829, #4550 ) ;
#3811 = LINE ( 'NONE', #7466, #6892 ) ;
#3812 = DIRECTION ( 'NONE',  ( 0.000000000000000000, 0.000000000000000000, 1.000000000000000000 ) ) ;
#3813 = DIRECTION ( 'NONE',  ( 0.000000000000000000, 0.000000000000000000, 1.000000000000000000 ) ) ;
#3814 = EDGE_CURVE ( 'NONE', #5060, #13, #747, .T. ) ;
#3815 = VERTEX_POINT ( 'NONE', #6748 ) ;
#3816 = DIRECTION ( 'NONE',  ( 1.000000000000000000, 0.000000000000000000, 0.000000000000000000 ) ) ;
#3817 = ORIENTED_EDGE ( 'NONE', *, *, #5601, .T. ) ;
#3818 = ORIENTED_EDGE ( 'NONE', *, *, #2085, .T. ) ;
#3819 = CARTESIAN_POINT ( 'NONE',  ( -3.693202048827113781, -6.505936369147188536, 0.3937007874015748254 ) ) ;
#3820 = PLANE ( 'NONE',  #1611 ) ;
#3821 = ORIENTED_EDGE ( 'NONE', *, *, #1557, .F. ) ;
#3822 = ORIENTED_EDGE ( 'NONE', *, *, #5371, .F. ) ;
#3823 = DIRECTION ( 'NONE',  ( 1.000000000000000000, 0.000000000000000000, 0.000000000000000000 ) ) ;
#3824 = EDGE_CURVE ( 'NONE', #406, #4508, #4997, .T. ) ;
#3825 = ORIENTED_EDGE ( 'NONE', *, *, #6923, .F. ) ;
#3826 = DIRECTION ( 'NONE',  ( 0.000000000000000000, 0.000000000000000000, -1.000000000000000000 ) ) ;
#3827 = EDGE_LOOP ( 'NONE', ( #476, #8890, #4148, #3206 ) ) ;
#3828 = VECTOR ( 'NONE', #1103, 39.37007874015748143 ) ;
#3829 = AXIS2_PLACEMENT_3D ( 'NONE', #3385, #4444, #6315 ) ;
#3830 = CARTESIAN_POINT ( 'NONE',  ( -3.299501261425539234, -6.505936369147188536, 1.968503937007874072 ) ) ;
#3831 = LINE ( 'NONE', #7609, #276 ) ;
#3832 = VERTEX_POINT ( 'NONE', #6983 ) ;
#3833 = DIRECTION ( 'NONE',  ( -0.000000000000000000, -0.000000000000000000, 1.000000000000000000 ) ) ;
#3834 = DIRECTION ( 'NONE',  ( -0.6974961937938047862, 0.000000000000000000, -0.7165884869596741424 ) ) ;
#3835 = VECTOR ( 'NONE', #10093, 39.37007874015748143 ) ;
#3836 = FACE_OUTER_BOUND ( 'NONE', #5071, .T. ) ;
#3837 = CARTESIAN_POINT ( 'NONE',  ( 4.361834186902580512, 2.352331347388247451, 0.000000000000000000 ) ) ;
#3838 = DIRECTION ( 'NONE',  ( -0.000000000000000000, -0.000000000000000000, -1.000000000000000000 ) ) ;
#3839 = EDGE_CURVE ( 'NONE', #8036, #7812, #10672, .T. ) ;
#3840 = EDGE_LOOP ( 'NONE', ( #7164, #5652, #9376, #1238 ) ) ;
#3841 = CYLINDRICAL_SURFACE ( 'NONE', #1305, 0.1968503937007875793 ) ;
#3842 = DIRECTION ( 'NONE',  ( -0.000000000000000000, -1.000000000000000000, -0.000000000000000000 ) ) ;
#3843 = CARTESIAN_POINT ( 'NONE',  ( -4.921259842519685179, -2.568928495131439060, 0.000000000000000000 ) ) ;
#3844 = CARTESIAN_POINT ( 'NONE',  ( 3.850385348604786984, -1.306301163389676168, 0.3937007874015748254 ) ) ;
#3845 = EDGE_CURVE ( 'NONE', #10524, #4282, #8528, .T. ) ;
#3846 = ORIENTED_EDGE ( 'NONE', *, *, #4662, .T. ) ;
#3847 = EDGE_CURVE ( 'NONE', #2194, #11584, #5558, .T. ) ;
#3848 = EDGE_CURVE ( 'NONE', #4758, #6755, #5857, .T. ) ;
#3849 = DIRECTION ( 'NONE',  ( 0.000000000000000000, 0.000000000000000000, -1.000000000000000000 ) ) ;
#3850 = ORIENTED_EDGE ( 'NONE', *, *, #5602, .F. ) ;
#3851 = EDGE_CURVE ( 'NONE', #2623, #8627, #3632, .T. ) ;
#3852 = ORIENTED_EDGE ( 'NONE', *, *, #5476, .F. ) ;
#3853 = DIRECTION ( 'NONE',  ( -0.000000000000000000, -1.000000000000000000, -0.000000000000000000 ) ) ;
#3854 = FACE_OUTER_BOUND ( 'NONE', #3292, .T. ) ;
#3855 = CARTESIAN_POINT ( 'NONE',  ( -4.361834186902580512, -3.553180463635376096, 0.000000000000000000 ) ) ;
#3856 = DIRECTION ( 'NONE',  ( -1.000000000000000000, -0.000000000000000000, -0.000000000000000000 ) ) ;
#3857 = DIRECTION ( 'NONE',  ( -1.000000000000000000, 0.000000000000000000, 4.047688110612550544E-16 ) ) ;
#3858 = EDGE_CURVE ( 'NONE', #7135, #3080, #3058, .T. ) ;
#3859 = FACE_OUTER_BOUND ( 'NONE', #513, .T. ) ;
#3860 = ITEM_DEFINED_TRANSFORMATION ( 'NONE', 'NONE', #4882,  #7171 ) ;
#3861 = VERTEX_POINT ( 'NONE', #2421 ) ;
#3862 = EDGE_CURVE ( 'NONE', #8462, #6439, #1338, .T. ) ;
#3863 = VERTEX_POINT ( 'NONE', #2298 ) ;
#3864 = CARTESIAN_POINT ( 'NONE',  ( -0.5905511811023600455, 0.000000000000000000, -9.055118110236220375 ) ) ;
#3865 = DIRECTION ( 'NONE',  ( 0.000000000000000000, -0.000000000000000000, -1.000000000000000000 ) ) ;
#3866 = FACE_BOUND ( 'NONE', #7778, .T. ) ;
#3867 = CARTESIAN_POINT ( 'NONE',  ( 2.858207359010676019, -6.438859693790624839, 0.7874015748031496509 ) ) ;
#3868 = CYLINDRICAL_SURFACE ( 'NONE', #9742, 0.1968503937007874127 ) ;
#3869 = ORIENTED_EDGE ( 'NONE', *, *, #5496, .F. ) ;
#3870 = CLOSED_SHELL ( 'NONE', ( #11631, #8879, #507, #11527, #2712, #2287, #10031, #2966 ) ) ;
#3871 = DIRECTION ( 'NONE',  ( 0.000000000000000000, -0.000000000000000000, -1.000000000000000000 ) ) ;
#3872 = VERTEX_POINT ( 'NONE', #6873 ) ;
#3873 = VERTEX_POINT ( 'NONE', #4162 ) ;
#3874 = DIRECTION ( 'NONE',  ( -0.000000000000000000, 1.000000000000000000, -0.000000000000000000 ) ) ;
#3875 = EDGE_LOOP ( 'NONE', ( #44, #7681 ) ) ;
#3876 = EDGE_CURVE ( 'NONE', #6781, #6316, #9476, .T. ) ;
#3877 = ORIENTED_EDGE ( 'NONE', *, *, #9736, .T. ) ;
#3878 = DIRECTION ( 'NONE',  ( 0.000000000000000000, 1.000000000000000000, -0.000000000000000000 ) ) ;
#3879 = VERTEX_POINT ( 'NONE', #5977 ) ;
#3880 = LINE ( 'NONE', #10074, #9352 ) ;
#3881 = VERTEX_POINT ( 'NONE', #1399 ) ;
#3882 = CARTESIAN_POINT ( 'NONE',  ( 3.549822394964751382, 0.000000000000000000, -7.374193064736720871 ) ) ;
#3883 = DIRECTION ( 'NONE',  ( -1.000000000000000000, 4.163336342344338506E-16, 0.000000000000000000 ) ) ;
#3884 = ORIENTED_EDGE ( 'NONE', *, *, #6837, .T. ) ;
#3885 = LINE ( 'NONE', #7549, #3734 ) ;
#3886 = ORIENTED_EDGE ( 'NONE', *, *, #4713, .T. ) ;
#3887 = DIRECTION ( 'NONE',  ( 0.000000000000000000, 0.000000000000000000, 1.000000000000000000 ) ) ;
#3888 = DIRECTION ( 'NONE',  ( 0.000000000000000000, 0.000000000000000000, 1.000000000000000000 ) ) ;
#3889 = CARTESIAN_POINT ( 'NONE',  ( 4.361834186902580512, 2.352331347388247451, 0.000000000000000000 ) ) ;
#3890 = DIRECTION ( 'NONE',  ( 1.000000000000000000, 0.000000000000000000, 0.000000000000000000 ) ) ;
#3891 = VERTEX_POINT ( 'NONE', #6926 ) ;
#3892 = CIRCLE ( 'NONE', #437, 0.1968503937007874127 ) ;
#3893 = DIRECTION ( 'NONE',  ( 0.9367259886217326192, 0.000000000000000000, 0.3500634545916462836 ) ) ;
#3894 = CARTESIAN_POINT ( 'NONE',  ( -2.952755905511811108, 3.336583315892183155, 0.3937007874015748254 ) ) ;
#3895 = CIRCLE ( 'NONE', #10553, 0.3937007874015751585 ) ;
#3896 = FACE_OUTER_BOUND ( 'NONE', #4473, .T. ) ;
#3897 = LINE ( 'NONE', #7562, #6137 ) ;
#3898 = VERTEX_POINT ( 'NONE', #1281 ) ;
#3899 = DIRECTION ( 'NONE',  ( 1.000000000000000000, 0.000000000000000000, 0.000000000000000000 ) ) ;
#3900 = ORIENTED_EDGE ( 'NONE', *, *, #8742, .T. ) ;
#3901 = EDGE_CURVE ( 'NONE', #9571, #8843, #4101, .T. ) ;
#3902 = AXIS2_PLACEMENT_3D ( 'NONE', #3140, #6031, #4218 ) ;
#3903 = CARTESIAN_POINT ( 'NONE',  ( 4.392152166776198463, 9.448818897637794478, -7.952773140716710820 ) ) ;
#3904 = FACE_OUTER_BOUND ( 'NONE', #10967, .T. ) ;
#3905 = ORIENTED_EDGE ( 'NONE', *, *, #10708, .T. ) ;
#3906 = AXIS2_PLACEMENT_3D ( 'NONE', #11113, #11055, #8342 ) ;
#3907 = ORIENTED_EDGE ( 'NONE', *, *, #3317, .F. ) ;
#3908 = CARTESIAN_POINT ( 'NONE',  ( 5.179553741579351112, 7.874015748031496287, -7.165371565913558172 ) ) ;
#3909 = DIRECTION ( 'NONE',  ( 1.000000000000000000, 0.000000000000000000, 0.000000000000000000 ) ) ;
#3910 = CARTESIAN_POINT ( 'NONE',  ( -4.591619688868616045, 9.448818897637794478, -7.206675219446472269 ) ) ;
#3911 = AXIS2_PLACEMENT_3D ( 'NONE', #8853, #1552, #649 ) ;
#3912 = CIRCLE ( 'NONE', #8501, 0.1968503937007874127 ) ;
#3913 = DIRECTION ( 'NONE',  ( 0.5144957554275253475, 0.8574929257125449844, -0.000000000000000000 ) ) ;
#3914 = EDGE_CURVE ( 'NONE', #2091, #10765, #8637, .T. ) ;
#3915 = ORIENTED_EDGE ( 'NONE', *, *, #4538, .F. ) ;
#3916 = VECTOR ( 'NONE', #7669, 39.37007874015748143 ) ;
#3917 = EDGE_CURVE ( 'NONE', #5060, #1950, #6096, .T. ) ;
#3918 = CIRCLE ( 'NONE', #3561, 1.181102362204725420 ) ;
#3919 = VECTOR ( 'NONE', #3504, 39.37007874015748143 ) ;
#3920 = VECTOR ( 'NONE', #5268, 39.37007874015748143 ) ;
#3921 = DIRECTION ( 'NONE',  ( -1.000000000000000000, 0.000000000000000000, -0.000000000000000000 ) ) ;
#3922 = CONTEXT_DEPENDENT_SHAPE_REPRESENTATION ( #7180, #10823 ) ;
#3923 = VERTEX_POINT ( 'NONE', #3264 ) ;
#3924 = ORIENTED_EDGE ( 'NONE', *, *, #10849, .T. ) ;
#3925 = LINE ( 'NONE', #3982, #3087 ) ;
#3926 = VECTOR ( 'NONE', #2308, 39.37007874015748143 ) ;
#3927 = DIRECTION ( 'NONE',  ( -0.000000000000000000, -0.000000000000000000, -1.000000000000000000 ) ) ;
#3928 = FACE_OUTER_BOUND ( 'NONE', #3323, .T. ) ;
#3929 = ADVANCED_FACE ( 'NONE', ( #3321 ), #7817, .F. ) ;
#3930 = DIRECTION ( 'NONE',  ( 1.000000000000000000, 0.000000000000000000, 0.000000000000000000 ) ) ;
#3931 = VECTOR ( 'NONE', #1421, 39.37007874015748143 ) ;
#3932 = CIRCLE ( 'NONE', #2572, 0.1968503937007873017 ) ;
#3933 = ORIENTED_EDGE ( 'NONE', *, *, #11483, .F. ) ;
#3934 = EDGE_CURVE ( 'NONE', #8859, #8435, #7760, .T. ) ;
#3935 = VECTOR ( 'NONE', #2117, 39.37007874015748143 ) ;
#3936 = DIRECTION ( 'NONE',  ( -0.000000000000000000, 0.000000000000000000, 1.000000000000000000 ) ) ;
#3937 = CARTESIAN_POINT ( 'NONE',  ( 2.778641590709047371, 3.937007874015748143, 6.692913385826770423 ) ) ;
#3938 = DIRECTION ( 'NONE',  ( 1.000000000000000000, 0.000000000000000000, 0.000000000000000000 ) ) ;
#3939 = ORIENTED_EDGE ( 'NONE', *, *, #9528, .T. ) ;
#3940 = AXIS2_PLACEMENT_3D ( 'NONE', #5828, #10394, #4022 ) ;
#3941 = VECTOR ( 'NONE', #3764, 39.37007874015748143 ) ;
#3942 = ORIENTED_EDGE ( 'NONE', *, *, #4223, .T. ) ;
#3943 = CARTESIAN_POINT ( 'NONE',  ( -5.905511811023678170, -8.668972124862862985E-16, 3.543307086614165158 ) ) ;
#3944 = DIRECTION ( 'NONE',  ( 1.000000000000000000, 0.000000000000000000, 0.000000000000000000 ) ) ;
#3945 = EDGE_LOOP ( 'NONE', ( #4712, #6829, #7170, #2850 ) ) ;
#3946 = VECTOR ( 'NONE', #21, 39.37007874015748143 ) ;
#3947 = DIRECTION ( 'NONE',  ( -0.000000000000000000, -0.000000000000000000, 1.000000000000000000 ) ) ;
#3948 = DIRECTION ( 'NONE',  ( -0.000000000000000000, -0.000000000000000000, 1.000000000000000000 ) ) ;
#3949 = ORIENTED_EDGE ( 'NONE', *, *, #1935, .F. ) ;
#3950 = VECTOR ( 'NONE', #9025, 39.37007874015748143 ) ;
#3951 = EDGE_CURVE ( 'NONE', #7408, #10002, #11479, .T. ) ;
#3952 = DIRECTION ( 'NONE',  ( 0.000000000000000000, 0.000000000000000000, -1.000000000000000000 ) ) ;
#3953 = ORIENTED_EDGE ( 'NONE', *, *, #9038, .F. ) ;
#3954 = CARTESIAN_POINT ( 'NONE',  ( -4.197918901467038388, 9.055118110236220375, 8.233332301718865764 ) ) ;
#3955 = PLANE ( 'NONE',  #3336 ) ;
#3956 = DIRECTION ( 'NONE',  ( -0.000000000000000000, -1.000000000000000000, -0.000000000000000000 ) ) ;
#3957 = DIRECTION ( 'NONE',  ( -0.000000000000000000, -0.000000000000000000, -1.000000000000000000 ) ) ;
#3958 = EDGE_LOOP ( 'NONE', ( #5691, #6815, #11177, #6407 ) ) ;
#3959 = LINE ( 'NONE', #6487, #7254 ) ;
#3960 = DIRECTION ( 'NONE',  ( -1.000000000000000000, 0.000000000000000000, 0.000000000000000000 ) ) ;
#3961 = DIRECTION ( 'NONE',  ( -0.000000000000000000, -0.000000000000000000, 1.000000000000000000 ) ) ;
#3962 = EDGE_LOOP ( 'NONE', ( #753, #10330, #8654, #5106 ) ) ;
#3963 = DIRECTION ( 'NONE',  ( 1.000000000000000000, 0.000000000000000000, 0.000000000000000000 ) ) ;
#3964 = VERTEX_POINT ( 'NONE', #9647 ) ;
#3965 = VECTOR ( 'NONE', #11125, 39.37007874015748143 ) ;
#3966 = EDGE_CURVE ( 'NONE', #6831, #1947, #7838, .T. ) ;
#3967 = FACE_OUTER_BOUND ( 'NONE', #4197, .T. ) ;
#3968 = DIRECTION ( 'NONE',  ( 0.000000000000000000, 0.000000000000000000, 1.000000000000000000 ) ) ;
#3969 = ORIENTED_EDGE ( 'NONE', *, *, #4518, .F. ) ;
#3970 = ORIENTED_EDGE ( 'NONE', *, *, #680, .F. ) ;
#3971 = LINE ( 'NONE', #4027, #2064 ) ;
#3972 = DIRECTION ( 'NONE',  ( 0.000000000000000000, 0.000000000000000000, -1.000000000000000000 ) ) ;
#3973 = DIRECTION ( 'NONE',  ( 1.000000000000000000, 0.000000000000000000, -7.862016376373061085E-15 ) ) ;
#3974 = EDGE_CURVE ( 'NONE', #2181, #302, #325, .T. ) ;
#3975 = ADVANCED_FACE ( 'NONE', ( #8164 ), #8992, .F. ) ;
#3976 = CYLINDRICAL_SURFACE ( 'NONE', #1020, 0.1968503937007875793 ) ;
#3977 = ADVANCED_BREP_SHAPE_REPRESENTATION ( '', ( #10096, #7171 ), #2390 ) ;
#3978 = CARTESIAN_POINT ( 'NONE',  ( -2.073640607983705308, -12.41144818017080986, 0.7874015748031496509 ) ) ;
#3979 = ORIENTED_EDGE ( 'NONE', *, *, #9026, .T. ) ;
#3980 = ADVANCED_FACE ( 'NONE', ( #5408 ), #3615, .T. ) ;
#3981 = VERTEX_POINT ( 'NONE', #9756 ) ;
#3982 = CARTESIAN_POINT ( 'NONE',  ( -4.921259842519685179, 1.683040008805569476, 0.3937007874015748254 ) ) ;
#3983 = CARTESIAN_POINT ( 'NONE',  ( 1.261104803704728772, 7.874015748031496287, -0.2454471349393046453 ) ) ;
#3984 = EDGE_CURVE ( 'NONE', #8536, #7611, #7271, .T. ) ;
#3985 = CARTESIAN_POINT ( 'NONE',  ( 5.118110236220536180, 3.149606299212599492, 4.638196495462627134 ) ) ;
#3986 = CARTESIAN_POINT ( 'NONE',  ( -3.693202048827116002, 0.9743785914827342021, 0.3937007874015748254 ) ) ;
#3987 = ORIENTED_EDGE ( 'NONE', *, *, #204, .T. ) ;
#3988 = EDGE_CURVE ( 'NONE', #6103, #3639, #1743, .T. ) ;
#3989 = DIRECTION ( 'NONE',  ( -1.000000000000000000, 0.000000000000000000, 0.000000000000000000 ) ) ;
#3990 = ORIENTED_EDGE ( 'NONE', *, *, #9466, .F. ) ;
#3991 = LINE ( 'NONE', #384, #3746 ) ;
#3992 = LINE ( 'NONE', #3765, #6045 ) ;
#3993 = ORIENTED_EDGE ( 'NONE', *, *, #10830, .F. ) ;
#3994 = AXIS2_PLACEMENT_3D ( 'NONE', #8436, #2148, #4669 ) ;
#3995 = EDGE_CURVE ( 'NONE', #8429, #2626, #11541, .T. ) ;
#3996 = ORIENTED_EDGE ( 'NONE', *, *, #2067, .T. ) ;
#3997 = DIRECTION ( 'NONE',  ( -1.000000000000000000, -1.804112415015880956E-15, 0.000000000000000000 ) ) ;
#3998 = FILL_AREA_STYLE ('',( #7882 ) ) ;
#3999 = EDGE_LOOP ( 'NONE', ( #6307, #11760, #5947, #8377, #2530, #10895, #2912, #7233, #9103, #5618, #5537, #4384, #10960, #501, #10419, #877, #11435, #7260, #8806, #6906, #8558, #7880, #8030, #5427, #4803, #3158, #4337, #6877, #4876, #4616, #10456, #10282 ) ) ;
#4000 = CARTESIAN_POINT ( 'NONE',  ( -4.724409448818893686, 0.000000000000000000, 5.965761340813562796 ) ) ;
#4001 = LINE ( 'NONE', #11267, #7574 ) ;
#4002 = ORIENTED_EDGE ( 'NONE', *, *, #7689, .T. ) ;
#4003 = AXIS2_PLACEMENT_3D ( 'NONE', #7364, #10966, #6704 ) ;
#4004 = FACE_OUTER_BOUND ( 'NONE', #2279, .T. ) ;
#4005 = DIRECTION ( 'NONE',  ( 0.000000000000000000, 1.000000000000000000, -0.000000000000000000 ) ) ;
#4006 = LINE ( 'NONE', #9497, #2793 ) ;
#4007 = EDGE_CURVE ( 'NONE', #5340, #4958, #7656, .T. ) ;
#4008 = DIRECTION ( 'NONE',  ( 0.000000000000000000, 0.000000000000000000, 1.000000000000000000 ) ) ;
#4010 = PLANE ( 'NONE',  #4648 ) ;
#4009 = AXIS2_PLACEMENT_3D ( 'NONE', #7159, #4350, #9715 ) ;
#4011 = CARTESIAN_POINT ( 'NONE',  ( -6.104413281412983672, -3.946881251036951976, 0.3937007874015748254 ) ) ;
#4012 = ORIENTED_EDGE ( 'NONE', *, *, #5686, .T. ) ;
#4013 = EDGE_CURVE ( 'NONE', #11332, #7167, #854, .T. ) ;
#4014 = LINE ( 'NONE', #6668, #3417 ) ;
#4015 = DIRECTION ( 'NONE',  ( 0.000000000000000000, 0.000000000000000000, 1.000000000000000000 ) ) ;
#4016 = LINE ( 'NONE', #9281, #10492 ) ;
#4017 = ORIENTED_EDGE ( 'NONE', *, *, #1271, .F. ) ;
#4018 = LINE ( 'NONE', #6543, #6598 ) ;
#4019 = ORIENTED_EDGE ( 'NONE', *, *, #10987, .T. ) ;
#4020 = VECTOR ( 'NONE', #6949, 39.37007874015748143 ) ;
#4021 = VECTOR ( 'NONE', #10601, 39.37007874015748143 ) ;
#4022 = DIRECTION ( 'NONE',  ( 0.000000000000000000, 0.000000000000000000, -1.000000000000000000 ) ) ;
#4023 = LINE ( 'NONE', #3472, #3522 ) ;
#4024 = ORIENTED_EDGE ( 'NONE', *, *, #5952, .T. ) ;
#4025 = ORIENTED_EDGE ( 'NONE', *, *, #10242, .T. ) ;
#4026 = EDGE_CURVE ( 'NONE', #8845, #5575, #6150, .T. ) ;
#4027 = CARTESIAN_POINT ( 'NONE',  ( -4.591619688868613380, 9.448818897637794478, 8.233332301718867541 ) ) ;
#4028 = FACE_OUTER_BOUND ( 'NONE', #4202, .T. ) ;
#4029 = ORIENTED_EDGE ( 'NONE', *, *, #9747, .F. ) ;
#4030 = AXIS2_PLACEMENT_3D ( 'NONE', #11438, #1415, #6107 ) ;
#4031 = ORIENTED_EDGE ( 'NONE', *, *, #7666, .T. ) ;
#4032 = DIRECTION ( 'NONE',  ( 1.526556658859591821E-15, 1.000000000000000000, 0.000000000000000000 ) ) ;
#4033 = DIRECTION ( 'NONE',  ( -0.000000000000000000, -0.000000000000000000, 1.000000000000000000 ) ) ;
#4034 = VERTEX_POINT ( 'NONE', #5297 ) ;
#4035 = ORIENTED_EDGE ( 'NONE', *, *, #983, .T. ) ;
#4036 = DIRECTION ( 'NONE',  ( 1.000000000000000000, 0.000000000000000000, 0.000000000000000000 ) ) ;
#4037 = LINE ( 'NONE', #9408, #8131 ) ;
#4038 = DIRECTION ( 'NONE',  ( 0.000000000000000000, 1.000000000000000000, -0.000000000000000000 ) ) ;
#4039 = DIRECTION ( 'NONE',  ( -9.221121466986345077E-17, 0.000000000000000000, 1.000000000000000000 ) ) ;
#4040 = ORIENTED_EDGE ( 'NONE', *, *, #6923, .T. ) ;
#4041 = AXIS2_PLACEMENT_3D ( 'NONE', #3012, #7508, #5836 ) ;
#4042 = DIRECTION ( 'NONE',  ( -1.000000000000000000, 0.000000000000000000, 0.000000000000000000 ) ) ;
#4043 = ADVANCED_FACE ( 'NONE', ( #9923 ), #10820, .T. ) ;
#4044 = VERTEX_POINT ( 'NONE', #675 ) ;
#4045 = FACE_OUTER_BOUND ( 'NONE', #9235, .T. ) ;
#4046 = VERTEX_POINT ( 'NONE', #10759 ) ;
#4047 = VERTEX_POINT ( 'NONE', #11592 ) ;
#4048 = ADVANCED_FACE ( 'NONE', ( #8041 ), #2521, .F. ) ;
#4049 = EDGE_CURVE ( 'NONE', #1717, #5160, #7275, .T. ) ;
#4050 = CARTESIAN_POINT ( 'NONE',  ( 4.273251509737226783, -11.42719621166687283, 0.000000000000000000 ) ) ;
#4051 = DIRECTION ( 'NONE',  ( -0.000000000000000000, -0.000000000000000000, -1.000000000000000000 ) ) ;
#4052 = ORIENTED_EDGE ( 'NONE', *, *, #5016, .F. ) ;
#4053 = CARTESIAN_POINT ( 'NONE',  ( -5.905511811023623103, 0.000000000000000000, 0.5905511811023624880 ) ) ;
#4054 = DIRECTION ( 'NONE',  ( 0.000000000000000000, -1.000000000000000000, 0.000000000000000000 ) ) ;
#4055 = ORIENTED_EDGE ( 'NONE', *, *, #2577, .T. ) ;
#4056 = EDGE_CURVE ( 'NONE', #8245, #6645, #7069, .T. ) ;
#4057 = DIRECTION ( 'NONE',  ( 0.000000000000000000, 1.000000000000000000, 0.000000000000000000 ) ) ;
#4058 = ORIENTED_EDGE ( 'NONE', *, *, #7292, .F. ) ;
#4059 = ADVANCED_FACE ( 'NONE', ( #10873 ), #4275, .F. ) ;
#4060 = DIRECTION ( 'NONE',  ( -0.000000000000000000, -0.000000000000000000, -1.000000000000000000 ) ) ;
#4061 = CARTESIAN_POINT ( 'NONE',  ( 2.952755905511811108, -12.41144818017080986, 0.3937007874015748254 ) ) ;
#4062 = DIRECTION ( 'NONE',  ( 0.000000000000000000, 0.000000000000000000, 1.000000000000000000 ) ) ;
#4063 = LINE ( 'NONE', #582, #2535 ) ;
#4064 = LINE ( 'NONE', #6719, #6982 ) ;
#4065 = ORIENTED_EDGE ( 'NONE', *, *, #972, .F. ) ;
#4066 = LINE ( 'NONE', #3288, #7051 ) ;
#4067 = VERTEX_POINT ( 'NONE', #615 ) ;
#4068 = AXIS2_PLACEMENT_3D ( 'NONE', #9862, #3737, #7397 ) ;
#4069 = LINE ( 'NONE', #6168, #6706 ) ;
#4070 = ORIENTED_EDGE ( 'NONE', *, *, #4647, .F. ) ;
#4071 = ORIENTED_EDGE ( 'NONE', *, *, #3115, .F. ) ;
#4072 = CARTESIAN_POINT ( 'NONE',  ( 3.693202048827112893, -6.505936369147187648, 0.3937007874015748254 ) ) ;
#4073 = ORIENTED_EDGE ( 'NONE', *, *, #3917, .T. ) ;
#4074 = EDGE_CURVE ( 'NONE', #7629, #8429, #7143, .T. ) ;
#4075 = VECTOR ( 'NONE', #5292, 39.37007874015748143 ) ;
#4076 = EDGE_CURVE ( 'NONE', #11040, #2181, #5944, .T. ) ;
#4077 = LINE ( 'NONE', #2156, #1620 ) ;
#4078 = CIRCLE ( 'NONE', #8276, 0.3937007874015751585 ) ;
#4079 = CARTESIAN_POINT ( 'NONE',  ( 3.192102363848777102, 0.000000000000000000, -7.799282663726460285 ) ) ;
#4080 = ORIENTED_EDGE ( 'NONE', *, *, #3787, .T. ) ;
#4081 = VECTOR ( 'NONE', #5942, 39.37007874015748143 ) ;
#4082 = VERTEX_POINT ( 'NONE', #3560 ) ;
#4083 = CARTESIAN_POINT ( 'NONE',  ( -2.703458040287970654, 3.149606299212599492, -7.731481024822778103 ) ) ;
#4084 = CARTESIAN_POINT ( 'NONE',  ( 3.192102363848781987, 3.937007874015748143, 7.799282663726455844 ) ) ;
#4085 = CARTESIAN_POINT ( 'NONE',  ( -2.467341395385281633, 3.336583315892183155, 0.7874015748031496509 ) ) ;
#4086 = DIRECTION ( 'NONE',  ( 0.000000000000000000, 0.000000000000000000, 1.000000000000000000 ) ) ;
#4087 = DIRECTION ( 'NONE',  ( 1.000000000000000000, 0.000000000000000000, 0.000000000000000000 ) ) ;
#4088 = VECTOR ( 'NONE', #3856, 39.37007874015748143 ) ;
#4089 = ADVANCED_FACE ( 'NONE', ( #7216 ), #2892, .F. ) ;
#4090 = CARTESIAN_POINT ( 'NONE',  ( 3.838582677165357726, 3.915065883440284278, 6.395228468411551681 ) ) ;
#4091 = ORIENTED_EDGE ( 'NONE', *, *, #10849, .F. ) ;
#4092 = CYLINDRICAL_SURFACE ( 'NONE', #7548, 0.5905511811023627100 ) ;
#4093 = VECTOR ( 'NONE', #7967, 39.37007874015748143 ) ;
#4094 = AXIS2_PLACEMENT_3D ( 'NONE', #9731, #2387, #1308 ) ;
#4095 = VERTEX_POINT ( 'NONE', #25 ) ;
#4096 = LINE ( 'NONE', #5789, #5243 ) ;
#4097 = CARTESIAN_POINT ( 'NONE',  ( -5.905511811023623103, 3.937007874015748143, -5.965761340813562796 ) ) ;
#4098 = ORIENTED_EDGE ( 'NONE', *, *, #9374, .F. ) ;
#4099 = LINE ( 'NONE', #6690, #4920 ) ;
#4100 = AXIS2_PLACEMENT_3D ( 'NONE', #3312, #7866, #9577 ) ;
#4101 = LINE ( 'NONE', #5917, #7461 ) ;
#4102 = ORIENTED_EDGE ( 'NONE', *, *, #4276, .F. ) ;
#4103 = VECTOR ( 'NONE', #7834, 39.37007874015748143 ) ;
#4104 = AXIS2_PLACEMENT_3D ( 'NONE', #7114, #3705, #9845 ) ;
#4105 = CARTESIAN_POINT ( 'NONE',  ( 3.850385348604786984, 0.01986406393673360166, 0.3937007874015748254 ) ) ;
#4106 = PLANE ( 'NONE',  #4694 ) ;
#4107 = SHAPE_REPRESENTATION_RELATIONSHIP ( 'NONE' , 'NONE' ,  #1283, #4390 ) ;
#4108 = VERTEX_POINT ( 'NONE', #5544 ) ;
#4109 = VECTOR ( 'NONE', #11277, 39.37007874015748143 ) ;
#4110 = ORIENTED_EDGE ( 'NONE', *, *, #3951, .F. ) ;
#4111 = DIRECTION ( 'NONE',  ( 1.000000000000000000, 0.000000000000000000, 0.000000000000000000 ) ) ;
#4112 = AXIS2_PLACEMENT_3D ( 'NONE', #6930, #4225, #3210 ) ;
#4113 = AXIS2_PLACEMENT_3D ( 'NONE', #8957, #2487, #3459 ) ;
#4114 = FACE_OUTER_BOUND ( 'NONE', #10368, .T. ) ;
#4115 = EDGE_CURVE ( 'NONE', #6821, #11733, #1871, .T. ) ;
#4116 = FACE_OUTER_BOUND ( 'NONE', #5120, .T. ) ;
#4117 = ORIENTED_EDGE ( 'NONE', *, *, #7723, .F. ) ;
#4118 = VECTOR ( 'NONE', #3089, 39.37007874015748854 ) ;
#4119 = SURFACE_STYLE_USAGE ( .BOTH. , #10438 ) ;
#4120 = ORIENTED_EDGE ( 'NONE', *, *, #9096, .T. ) ;
#4121 = ORIENTED_EDGE ( 'NONE', *, *, #5012, .T. ) ;
#4122 = VECTOR ( 'NONE', #1287, 39.37007874015748143 ) ;
#4123 = DIRECTION ( 'NONE',  ( -0.000000000000000000, -0.000000000000000000, -1.000000000000000000 ) ) ;
#4124 = CARTESIAN_POINT ( 'NONE',  ( 2.467341395385281633, -10.63979463686372284, 0.7874015748031496509 ) ) ;
#4125 = AXIS2_PLACEMENT_3D ( 'NONE', #8703, #6922, #6870 ) ;
#4126 = CARTESIAN_POINT ( 'NONE',  ( 4.273251509737226783, 2.352331347388247451, 0.000000000000000000 ) ) ;
#4127 = CARTESIAN_POINT ( 'NONE',  ( -5.118110236220536180, 0.000000000000000000, -5.283063347057058046 ) ) ;
#4128 = ADVANCED_FACE ( 'NONE', ( #4691 ), #4753, .T. ) ;
#4129 = ORIENTED_EDGE ( 'NONE', *, *, #4445, .T. ) ;
#4130 = CARTESIAN_POINT ( 'NONE',  ( -4.519676687187463848, -1.295201033765735366, 0.000000000000000000 ) ) ;
#4131 = ORIENTED_EDGE ( 'NONE', *, *, #2908, .T. ) ;
#4132 = CARTESIAN_POINT ( 'NONE',  ( -5.907562887712200173, -4.537432432139312688, 0.3937007874015748810 ) ) ;
#4133 = EDGE_CURVE ( 'NONE', #2984, #4654, #4207, .T. ) ;
#4134 = VECTOR ( 'NONE', #11029, 39.37007874015748143 ) ;
#4135 = VECTOR ( 'NONE', #5908, 39.37007874015748143 ) ;
#4136 = EDGE_LOOP ( 'NONE', ( #8816, #1546, #2897, #3665 ) ) ;
#4137 = DIRECTION ( 'NONE',  ( 0.000000000000000000, 0.000000000000000000, -1.000000000000000000 ) ) ;
#4138 = ORIENTED_EDGE ( 'NONE', *, *, #9258, .F. ) ;
#4139 = AXIS2_PLACEMENT_3D ( 'NONE', #10518, #9570, #6791 ) ;
#4140 = CARTESIAN_POINT ( 'NONE',  ( 0.1968503937007882731, -7.034450261923434589, 0.7874015748031496509 ) ) ;
#4141 = CARTESIAN_POINT ( 'NONE',  ( -2.858207359010676019, -2.698702213475664191, 0.7874015748031496509 ) ) ;
#4142 = ORIENTED_EDGE ( 'NONE', *, *, #9177, .T. ) ;
#4143 = ADVANCED_FACE ( 'NONE', ( #1805 ), #7514, .F. ) ;
#4144 = VERTEX_POINT ( 'NONE', #144 ) ;
#4145 = DIRECTION ( 'NONE',  ( 0.8574929257125448734, 0.5144957554275252365, 0.000000000000000000 ) ) ;
#4146 = VECTOR ( 'NONE', #11163, 39.37007874015748143 ) ;
#4147 = DIRECTION ( 'NONE',  ( -0.8574929257125443183, -0.5144957554275262357, 0.000000000000000000 ) ) ;
#4148 = ORIENTED_EDGE ( 'NONE', *, *, #8545, .F. ) ;
#4149 = CARTESIAN_POINT ( 'NONE',  ( -3.549822394964750050, 0.000000000000000000, 6.729326213142290847 ) ) ;
#4150 = DIRECTION ( 'NONE',  ( -0.000000000000000000, -1.000000000000000000, -0.000000000000000000 ) ) ;
#4151 = CYLINDRICAL_SURFACE ( 'NONE', #7730, 0.08858267716535440928 ) ;
#4152 = PLANE ( 'NONE',  #6184 ) ;
#4153 = VERTEX_POINT ( 'NONE', #10170 ) ;
#4154 = EDGE_CURVE ( 'NONE', #22, #672, #10054, .T. ) ;
#4155 = CARTESIAN_POINT ( 'NONE',  ( 4.347829632394716093, -11.77069179321712333, 0.3937007874015748254 ) ) ;
#4156 = ORIENTED_EDGE ( 'NONE', *, *, #2514, .T. ) ;
#4157 = DIRECTION ( 'NONE',  ( 5.551115123125780730E-16, 1.000000000000000000, -0.000000000000000000 ) ) ;
#4158 = DIRECTION ( 'NONE',  ( 0.000000000000000000, -0.000000000000000000, 1.000000000000000000 ) ) ;
#4159 = ORIENTED_EDGE ( 'NONE', *, *, #7442, .F. ) ;
#4160 = ADVANCED_FACE ( 'NONE', ( #6628 ), #10237, .F. ) ;
#4161 = CYLINDRICAL_SURFACE ( 'NONE', #6021, 0.1968503937007875793 ) ;
#4162 = CARTESIAN_POINT ( 'NONE',  ( -5.905511811023670177, 0.000000000000000000, 1.968503937007865634 ) ) ;
#4163 = ORIENTED_EDGE ( 'NONE', *, *, #8002, .F. ) ;
#4164 = DIRECTION ( 'NONE',  ( -0.000000000000000000, -0.000000000000000000, -1.000000000000000000 ) ) ;
#4165 = DIRECTION ( 'NONE',  ( 0.000000000000000000, 0.000000000000000000, -1.000000000000000000 ) ) ;
#4166 = ORIENTED_EDGE ( 'NONE', *, *, #2461, .F. ) ;
#4167 = ORIENTED_EDGE ( 'NONE', *, *, #8220, .T. ) ;
#4168 = ORIENTED_EDGE ( 'NONE', *, *, #2809, .F. ) ;
#4169 = FACE_OUTER_BOUND ( 'NONE', #7294, .T. ) ;
#4170 = EDGE_CURVE ( 'NONE', #4153, #1001, #8275, .T. ) ;
#4171 =( NAMED_UNIT ( * ) SI_UNIT ( $, .STERADIAN. ) SOLID_ANGLE_UNIT ( ) );
#4172 = DIRECTION ( 'NONE',  ( 0.000000000000000000, 0.000000000000000000, -1.000000000000000000 ) ) ;
#4173 = DIRECTION ( 'NONE',  ( -2.807670561062811415E-16, 0.000000000000000000, -1.000000000000000000 ) ) ;
#4174 = CARTESIAN_POINT ( 'NONE',  ( 0.000000000000000000, 3.937007874015748143, -8.858267716535433323 ) ) ;
#4175 = ORIENTED_EDGE ( 'NONE', *, *, #8165, .F. ) ;
#4176 = LINE ( 'NONE', #6833, #6619 ) ;
#4177 = DIRECTION ( 'NONE',  ( -0.9367259886217318421, 0.000000000000000000, 0.3500634545916481155 ) ) ;
#4178 = EDGE_CURVE ( 'NONE', #1430, #9633, #7333, .T. ) ;
#4179 =( REPRESENTATION_RELATIONSHIP ('NONE','NONE', #4507, #9006 ) REPRESENTATION_RELATIONSHIP_WITH_TRANSFORMATION ( #1938 )SHAPE_REPRESENTATION_RELATIONSHIP( ) );
#4180 = EDGE_CURVE ( 'NONE', #3178, #5160, #6447, .T. ) ;
#4181 = FILL_AREA_STYLE_COLOUR ( '', #7566 ) ;
#4182 = CARTESIAN_POINT ( 'NONE',  ( -2.778641590709042930, 3.937007874015748143, -7.874015748031498063 ) ) ;
#4183 = CYLINDRICAL_SURFACE ( 'NONE', #4869, 0.08858267716535440928 ) ;
#4184 = ORIENTED_EDGE ( 'NONE', *, *, #3390, .T. ) ;
#4185 = CARTESIAN_POINT ( 'NONE',  ( 0.006488179178569855252, 3.937007874015748143, -7.086614173228346303 ) ) ;
#4186 = ORIENTED_EDGE ( 'NONE', *, *, #4713, .F. ) ;
#4187 = LINE ( 'NONE', #8610, #9914 ) ;
#4188 = ORIENTED_EDGE ( 'NONE', *, *, #1, .F. ) ;
#4189 = CARTESIAN_POINT ( 'NONE',  ( 5.120161312909047524, -4.537432432139313576, 0.3937007874015748810 ) ) ;
#4190 = ORIENTED_EDGE ( 'NONE', *, *, #8442, .T. ) ;
#4191 = ORIENTED_EDGE ( 'NONE', *, *, #1948, .T. ) ;
#4192 = CARTESIAN_POINT ( 'NONE',  ( 4.184668832571873942, -3.553180463635375208, 0.000000000000000000 ) ) ;
#4193 = AXIS2_PLACEMENT_3D ( 'NONE', #2550, #7960, #6167 ) ;
#4194 = ADVANCED_FACE ( 'NONE', ( #4569 ), #3743, .T. ) ;
#4195 = CARTESIAN_POINT ( 'NONE',  ( 4.724409448818897239, 3.937007874015748143, -5.965761340813563685 ) ) ;
#4196 = ORIENTED_EDGE ( 'NONE', *, *, #7872, .F. ) ;
#4197 = EDGE_LOOP ( 'NONE', ( #10176, #1693, #5716, #6693 ) ) ;
#4198 = EDGE_CURVE ( 'NONE', #3067, #9257, #1990, .T. ) ;
#4199 = FACE_OUTER_BOUND ( 'NONE', #7714, .T. ) ;
#4200 = CARTESIAN_POINT ( 'NONE',  ( -4.921259842519685179, 1.368079378884309083, 0.000000000000000000 ) ) ;
#4201 = EDGE_CURVE ( 'NONE', #4592, #4554, #6593, .T. ) ;
#4202 = EDGE_LOOP ( 'NONE', ( #41, #38, #9405, #8399 ) ) ;
#4203 = LINE ( 'NONE', #8924, #48 ) ;
#4204 = LINE ( 'NONE', #11465, #365 ) ;
#4205 = FACE_OUTER_BOUND ( 'NONE', #1080, .T. ) ;
#4206 = CIRCLE ( 'NONE', #8970, 1.181102362204724310 ) ;
#4207 = CIRCLE ( 'NONE', #10714, 0.3937007874015751585 ) ;
#4208 = EDGE_CURVE ( 'NONE', #7485, #1450, #5832, .T. ) ;
#4209 = EDGE_CURVE ( 'NONE', #4346, #11047, #5276, .T. ) ;
#4210 = CARTESIAN_POINT ( 'NONE',  ( -3.740157480314960647, -10.75790487308419685, 0.3937007874015748254 ) ) ;
#4211 = ORIENTED_EDGE ( 'NONE', *, *, #8532, .T. ) ;
#4212 = VECTOR ( 'NONE', #1016, 39.37007874015748143 ) ;
#4213 = CARTESIAN_POINT ( 'NONE',  ( -4.591619688868613380, 7.874015748031496287, -7.952773140716710820 ) ) ;
#4214 = ORIENTED_EDGE ( 'NONE', *, *, #749, .T. ) ;
#4215 = CARTESIAN_POINT ( 'NONE',  ( 1.261104803704728772, 7.480314960629921295, -0.2454471349393046453 ) ) ;
#4216 = CARTESIAN_POINT ( 'NONE',  ( -4.923310919208258696, -3.946881251036951088, 0.000000000000000000 ) ) ;
#4217 = ORIENTED_EDGE ( 'NONE', *, *, #2880, .T. ) ;
#4218 = DIRECTION ( 'NONE',  ( -1.000000000000000000, 0.000000000000000000, 0.000000000000000000 ) ) ;
#4219 = AXIS2_PLACEMENT_3D ( 'NONE', #9689, #6962, #6855 ) ;
#4220 = DIRECTION ( 'NONE',  ( -0.000000000000000000, -1.000000000000000000, -0.000000000000000000 ) ) ;
#4221 = EDGE_LOOP ( 'NONE', ( #2275, #3850, #2838, #4775 ) ) ;
#4222 = AXIS2_PLACEMENT_3D ( 'NONE', #1535, #8836, #6760 ) ;
#4223 = EDGE_CURVE ( 'NONE', #11121, #3923, #3534, .T. ) ;
#4224 = ORIENTED_EDGE ( 'NONE', *, *, #11720, .T. ) ;
#4225 = DIRECTION ( 'NONE',  ( -1.000000000000000000, 0.000000000000000000, 0.000000000000000000 ) ) ;
#4226 = EDGE_CURVE ( 'NONE', #3388, #9656, #10369, .T. ) ;
#4227 = DIRECTION ( 'NONE',  ( 0.000000000000000000, -0.000000000000000000, -1.000000000000000000 ) ) ;
#4228 =( NAMED_UNIT ( * ) SI_UNIT ( $, .STERADIAN. ) SOLID_ANGLE_UNIT ( ) );
#4229 = VERTEX_POINT ( 'NONE', #7968 ) ;
#4230 = ORIENTED_EDGE ( 'NONE', *, *, #10038, .T. ) ;
#4231 = LINE ( 'NONE', #6207, #7936 ) ;
#4232 = CARTESIAN_POINT ( 'NONE',  ( -4.184668832571871278, -5.521684400643249724, 0.000000000000000000 ) ) ;
#4233 = DIRECTION ( 'NONE',  ( 0.000000000000000000, 0.000000000000000000, 1.000000000000000000 ) ) ;
#4234 = CYLINDRICAL_SURFACE ( 'NONE', #8221, 1.181102362204724310 ) ;
#4235 = CYLINDRICAL_SURFACE ( 'NONE', #10012, 1.181102362204723200 ) ;
#4236 = LINE ( 'NONE', #5011, #4495 ) ;
#4237 = VECTOR ( 'NONE', #1516, 39.37007874015748143 ) ;
#4238 = ADVANCED_FACE ( 'NONE', ( #3416 ), #10911, .F. ) ;
#4239 = DIRECTION ( 'NONE',  ( 0.000000000000000000, 1.000000000000000000, 0.000000000000000000 ) ) ;
#4240 = CARTESIAN_POINT ( 'NONE',  ( -4.724409448818893686, 0.000000000000000000, 5.965761340813562796 ) ) ;
#4241 = SURFACE_SIDE_STYLE ('',( #8784 ) ) ;
#4242 = CARTESIAN_POINT ( 'NONE',  ( -3.838582677165354173, 3.937007874015748143, -6.395228468411555234 ) ) ;
#4243 = DIRECTION ( 'NONE',  ( 0.000000000000000000, 0.000000000000000000, 1.000000000000000000 ) ) ;
#4244 = ORIENTED_EDGE ( 'NONE', *, *, #2662, .T. ) ;
#4245 = LINE ( 'NONE', #3173, #5534 ) ;
#4246 = LINE ( 'NONE', #640, #1534 ) ;
#4247 = DIRECTION ( 'NONE',  ( 0.000000000000000000, 0.000000000000000000, -1.000000000000000000 ) ) ;
#4248 = VERTEX_POINT ( 'NONE', #11573 ) ;
#4249 = ORIENTED_EDGE ( 'NONE', *, *, #788, .F. ) ;
#4250 = AXIS2_PLACEMENT_3D ( 'NONE', #1558, #5166, #6084 ) ;
#4251 = CARTESIAN_POINT ( 'NONE',  ( 4.273251509737226783, 2.352331347388247451, 0.3937007874015748254 ) ) ;
#4252 = PLANE ( 'NONE',  #3911 ) ;
#4253 = ORIENTED_EDGE ( 'NONE', *, *, #4265, .T. ) ;
#4254 = EDGE_LOOP ( 'NONE', ( #2397, #2553, #6562, #9754 ) ) ;
#4255 = LINE ( 'NONE', #9625, #11509 ) ;
#4256 = DIRECTION ( 'NONE',  ( -0.6974961937938047862, -0.000000000000000000, 0.7165884869596741424 ) ) ;
#4257 = ORIENTED_EDGE ( 'NONE', *, *, #6836, .F. ) ;
#4258 = AXIS2_PLACEMENT_3D ( 'NONE', #9157, #7197, #8147 ) ;
#4259 = DIRECTION ( 'NONE',  ( -1.000000000000000000, 0.000000000000000000, -0.000000000000000000 ) ) ;
#4260 = DIRECTION ( 'NONE',  ( -0.6974961937938047862, 0.000000000000000000, -0.7165884869596741424 ) ) ;
#4261 = ORIENTED_EDGE ( 'NONE', *, *, #4842, .F. ) ;
#4262 = CARTESIAN_POINT ( 'NONE',  ( -2.464506571609101471, -2.698702213475664191, 0.7874015748031496509 ) ) ;
#4263 = EDGE_CURVE ( 'NONE', #1354, #6216, #261, .T. ) ;
#4264 = VECTOR ( 'NONE', #1923, 39.37007874015748143 ) ;
#4265 = EDGE_CURVE ( 'NONE', #8747, #2725, #11683, .T. ) ;
#4266 = FACE_OUTER_BOUND ( 'NONE', #2210, .T. ) ;
#4267 = ORIENTED_EDGE ( 'NONE', *, *, #6505, .T. ) ;
#4268 = CARTESIAN_POINT ( 'NONE',  ( 0.5905511811023643753, -0.3937007874015748254, -9.055118110236220375 ) ) ;
#4269 = ORIENTED_EDGE ( 'NONE', *, *, #1137, .T. ) ;
#4270 = FACE_OUTER_BOUND ( 'NONE', #11498, .T. ) ;
#4271 = CARTESIAN_POINT ( 'NONE',  ( 6.104413281412985448, -3.946881251036950200, 0.000000000000000000 ) ) ;
#4272 = EDGE_CURVE ( 'NONE', #215, #412, #10733, .T. ) ;
#4273 = ORIENTED_EDGE ( 'NONE', *, *, #7581, .F. ) ;
#4274 = DIRECTION ( 'NONE',  ( -0.000000000000000000, -0.000000000000000000, 1.000000000000000000 ) ) ;
#4275 = PLANE ( 'NONE',  #9535 ) ;
#4276 = EDGE_CURVE ( 'NONE', #8188, #963, #9958, .T. ) ;
#4277 = EDGE_LOOP ( 'NONE', ( #6720, #9493, #1171, #9113 ) ) ;
#4278 = ORIENTED_EDGE ( 'NONE', *, *, #7372, .F. ) ;
#4279 = FACE_OUTER_BOUND ( 'NONE', #3945, .T. ) ;
#4280 = VECTOR ( 'NONE', #7079, 39.37007874015748143 ) ;
#4281 = CARTESIAN_POINT ( 'NONE',  ( -4.591619688868616045, 9.448818897637794478, 7.839631514317292549 ) ) ;
#4282 = VERTEX_POINT ( 'NONE', #3473 ) ;
#4283 = VERTEX_POINT ( 'NONE', #7311 ) ;
#4284 = VECTOR ( 'NONE', #5176, 39.37007874015748143 ) ;
#4285 = DIRECTION ( 'NONE',  ( -0.000000000000000000, -0.000000000000000000, 1.000000000000000000 ) ) ;
#4286 = EDGE_CURVE ( 'NONE', #1581, #6585, #9904, .T. ) ;
#4287 = DIRECTION ( 'NONE',  ( -0.000000000000000000, -0.000000000000000000, -1.000000000000000000 ) ) ;
#4288 = LINE ( 'NONE', #5311, #5487 ) ;
#4289 = PLANE ( 'NONE',  #4030 ) ;
#4290 = CIRCLE ( 'NONE', #2547, 1.181102362204725420 ) ;
#4291 = CARTESIAN_POINT ( 'NONE',  ( -2.703458040287970654, 0.000000000000000000, -7.731481024822778103 ) ) ;
#4292 = CIRCLE ( 'NONE', #5453, 1.181102362204724310 ) ;
#4293 = CIRCLE ( 'NONE', #3533, 0.1968503937007875793 ) ;
#4294 = FACE_OUTER_BOUND ( 'NONE', #2474, .T. ) ;
#4295 = DIMENSIONAL_EXPONENTS ( 1.000000000000000000, 0.000000000000000000, 0.000000000000000000, 0.000000000000000000, 0.000000000000000000, 0.000000000000000000, 0.000000000000000000 ) ;
#4296 = DIRECTION ( 'NONE',  ( -0.000000000000000000, 1.000000000000000000, -0.000000000000000000 ) ) ;
#4297 = CARTESIAN_POINT ( 'NONE',  ( -4.252043450305089678, 3.937007874015748143, 7.501597746311240655 ) ) ;
#4298 = AXIS2_PLACEMENT_3D ( 'NONE', #1812, #8224, #9821 ) ;
#4299 = VECTOR ( 'NONE', #7612, 39.37007874015748143 ) ;
#4300 = CIRCLE ( 'NONE', #4496, 0.1968503937007875793 ) ;
#4301 = DIRECTION ( 'NONE',  ( -0.000000000000000000, 1.000000000000000000, -0.000000000000000000 ) ) ;
#4302 = VERTEX_POINT ( 'NONE', #5457 ) ;
#4303 = DIRECTION ( 'NONE',  ( -0.000000000000000000, -0.000000000000000000, -1.000000000000000000 ) ) ;
#4304 = VECTOR ( 'NONE', #8476, 39.37007874015748143 ) ;
#4305 = LINE ( 'NONE', #7842, #2107 ) ;
#4306 = FACE_OUTER_BOUND ( 'NONE', #10605, .T. ) ;
#4307 = EDGE_CURVE ( 'NONE', #711, #369, #2944, .T. ) ;
#4308 = ORIENTED_EDGE ( 'NONE', *, *, #5411, .F. ) ;
#4309 = EDGE_LOOP ( 'NONE', ( #4773, #7822, #5068, #596, #10516 ) ) ;
#4310 = AXIS2_PLACEMENT_3D ( 'NONE', #1109, #154, #3816 ) ;
#4311 = CIRCLE ( 'NONE', #11340, 0.1968503937007875793 ) ;
#4312 = DIRECTION ( 'NONE',  ( -0.000000000000000000, -1.000000000000000000, -0.000000000000000000 ) ) ;
#4313 = AXIS2_PLACEMENT_3D ( 'NONE', #4271, #3382, #7034 ) ;
#4314 = DIRECTION ( 'NONE',  ( 0.000000000000000000, 1.000000000000000000, 0.000000000000000000 ) ) ;
#4315 = CARTESIAN_POINT ( 'NONE',  ( -2.703458040287970654, 3.149606299212599492, 7.086614173228346303 ) ) ;
#4316 = VERTEX_POINT ( 'NONE', #2500 ) ;
#4317 = AXIS2_PLACEMENT_3D ( 'NONE', #618, #2598, #4395 ) ;
#4318 = AXIS2_PLACEMENT_3D ( 'NONE', #10825, #9055, #4397 ) ;
#4319 = ORIENTED_EDGE ( 'NONE', *, *, #5535, .F. ) ;
#4320 = CARTESIAN_POINT ( 'NONE',  ( 2.858207359010677351, -2.698702213475663303, 0.3937007874015748254 ) ) ;
#4321 = CARTESIAN_POINT ( 'NONE',  ( 4.322826293486675908, -1.295201033765735366, 0.000000000000000000 ) ) ;
#4322 = CARTESIAN_POINT ( 'NONE',  ( -4.273251509737226783, 2.352331347388246119, 0.000000000000000000 ) ) ;
#4323 = CARTESIAN_POINT ( 'NONE',  ( -0.5905511811023601565, -0.3937007874015748254, -7.874015748031495399 ) ) ;
#4324 = ORIENTED_EDGE ( 'NONE', *, *, #9190, .F. ) ;
#4325 = CARTESIAN_POINT ( 'NONE',  ( 0.000000000000000000, 0.000000000000000000, 0.000000000000000000 ) ) ;
#4326 = ADVANCED_FACE ( 'NONE', ( #3595 ), #1726, .T. ) ;
#4327 = VECTOR ( 'NONE', #5723, 39.37007874015748143 ) ;
#4328 = DIRECTION ( 'NONE',  ( 9.358901870209372206E-17, 0.000000000000000000, 1.000000000000000000 ) ) ;
#4329 = EDGE_LOOP ( 'NONE', ( #3612, #2072, #5294, #5149, #4175, #9265, #9084, #9485 ) ) ;
#4330 = STYLED_ITEM ( 'NONE', ( #3511 ), #6548 ) ;
#4331 = FACE_OUTER_BOUND ( 'NONE', #5693, .T. ) ;
#4332 = EDGE_CURVE ( 'NONE', #11466, #3964, #5521, .T. ) ;
#4333 = ADVANCED_FACE ( 'NONE', ( #9790 ), #2564, .F. ) ;
#4334 = ORIENTED_EDGE ( 'NONE', *, *, #7147, .T. ) ;
#4335 = DIRECTION ( 'NONE',  ( 0.000000000000000000, 0.000000000000000000, 1.000000000000000000 ) ) ;
#4336 = CARTESIAN_POINT ( 'NONE',  ( -4.273251509737226783, -5.521684400643249724, 0.000000000000000000 ) ) ;
#4337 = ORIENTED_EDGE ( 'NONE', *, *, #2233, .F. ) ;
#4338 = UNCERTAINTY_MEASURE_WITH_UNIT (LENGTH_MEASURE( 1.000000000000000082E-05 ), #5679, 'distance_accuracy_value', 'NONE');
#4339 = FACE_OUTER_BOUND ( 'NONE', #9469, .T. ) ;
#4340 = CARTESIAN_POINT ( 'NONE',  ( 5.905511811023623103, 0.000000000000000000, -5.965761340813563685 ) ) ;
#4341 = EDGE_LOOP ( 'NONE', ( #10398, #4956, #1282, #2672 ) ) ;
#4342 = VECTOR ( 'NONE', #324, 39.37007874015748143 ) ;
#4343 = LINE ( 'NONE', #5412, #8324 ) ;
#4344 = LINE ( 'NONE', #11595, #10976 ) ;
#4345 = APPLICATION_PROTOCOL_DEFINITION ( 'draft international standard', 'automotive_design', 1998, #1657 ) ;
#4346 = VERTEX_POINT ( 'NONE', #4425 ) ;
#4347 = EDGE_CURVE ( 'NONE', #4714, #10187, #8074, .T. ) ;
#4348 = ORIENTED_EDGE ( 'NONE', *, *, #816, .T. ) ;
#4349 = CARTESIAN_POINT ( 'NONE',  ( -3.838582677165350177, 3.937007874015748143, 6.395228468411555234 ) ) ;
#4350 = DIRECTION ( 'NONE',  ( 2.775557561562893323E-15, 1.000000000000000000, -0.000000000000000000 ) ) ;
#4351 = DIRECTION ( 'NONE',  ( -1.000000000000000000, -0.000000000000000000, -0.000000000000000000 ) ) ;
#4352 = EDGE_CURVE ( 'NONE', #963, #9390, #9095, .T. ) ;
#4353 = LINE ( 'NONE', #11662, #11262 ) ;
#4354 = DIRECTION ( 'NONE',  ( -0.000000000000000000, -0.000000000000000000, -1.000000000000000000 ) ) ;
#4355 = SURFACE_STYLE_FILL_AREA ( #8954 ) ;
#4356 = EDGE_CURVE ( 'NONE', #4302, #5776, #11752, .T. ) ;
#4357 = LINE ( 'NONE', #7168, #856 ) ;
#4358 = PLANE ( 'NONE',  #284 ) ;
#4359 = EDGE_CURVE ( 'NONE', #4759, #4521, #2691, .T. ) ;
#4360 = DIRECTION ( 'NONE',  ( 1.000000000000000000, 0.000000000000000000, 0.000000000000000000 ) ) ;
#4361 = VERTEX_POINT ( 'NONE', #10594 ) ;
#4362 = CARTESIAN_POINT ( 'NONE',  ( -2.952755905511811108, 2.155480953687459067, 0.000000000000000000 ) ) ;
#4363 = DIRECTION ( 'NONE',  ( 0.000000000000000000, 0.000000000000000000, -1.000000000000000000 ) ) ;
#4364 = DIRECTION ( 'NONE',  ( 0.000000000000000000, 1.000000000000000000, -0.000000000000000000 ) ) ;
#4365 = ORIENTED_EDGE ( 'NONE', *, *, #3390, .F. ) ;
#4366 = EDGE_CURVE ( 'NONE', #10727, #159, #4860, .T. ) ;
#4367 = CARTESIAN_POINT ( 'NONE',  ( -0.1968503937007865523, -7.034450261923434589, 0.7874015748031496509 ) ) ;
#4368 = EDGE_CURVE ( 'NONE', #5376, #10066, #5121, .T. ) ;
#4369 = CARTESIAN_POINT ( 'NONE',  ( -4.591619688868616045, 8.267716535433070391, -0.1876059001138010995 ) ) ;
#4371 = AXIS2_PLACEMENT_3D ( 'NONE', #7971, #4980, #4427 ) ;
#4370 = DIRECTION ( 'NONE',  ( -0.000000000000000000, -0.000000000000000000, 1.000000000000000000 ) ) ;
#4372 = ORIENTED_EDGE ( 'NONE', *, *, #5629, .F. ) ;
#4373 = CARTESIAN_POINT ( 'NONE',  ( 3.740157480314960647, -10.75790487308419685, 0.3937007874015748254 ) ) ;
#4374 = CARTESIAN_POINT ( 'NONE',  ( 5.179553741579351112, 9.055118110236220375, 7.445930726915714004 ) ) ;
#4375 = LINE ( 'NONE', #771, #10162 ) ;
#4376 = CARTESIAN_POINT ( 'NONE',  ( 4.184668832571872166, 2.352331347388247451, 0.000000000000000000 ) ) ;
#4377 = VERTEX_POINT ( 'NONE', #5970 ) ;
#4378 = CARTESIAN_POINT ( 'NONE',  ( 4.184668832571873942, -5.521684400643250612, 0.3937007874015748254 ) ) ;
#4379 = ORIENTED_EDGE ( 'NONE', *, *, #4561, .T. ) ;
#4380 = ADVANCED_FACE ( 'NONE', ( #9750 ), #7810, .F. ) ;
#4381 = CARTESIAN_POINT ( 'NONE',  ( -3.299501261425538789, -6.899637156548763528, 0.7874015748031496509 ) ) ;
#4382 = ORIENTED_EDGE ( 'NONE', *, *, #9706, .F. ) ;
#4383 = CYLINDRICAL_SURFACE ( 'NONE', #9060, 1.181102362204724976 ) ;
#4384 = ORIENTED_EDGE ( 'NONE', *, *, #8332, .F. ) ;
#4385 = LINE ( 'NONE', #6372, #3494 ) ;
#4386 = CARTESIAN_POINT ( 'NONE',  ( 4.184668832571873942, -5.521684400643250612, 0.3937007874015748254 ) ) ;
#4387 = ORIENTED_EDGE ( 'NONE', *, *, #10735, .T. ) ;
#4388 = VECTOR ( 'NONE', #5183, 39.37007874015748143 ) ;
#4389 = CYLINDRICAL_SURFACE ( 'NONE', #2940, 0.08858267716535440928 ) ;
#4390 = ADVANCED_BREP_SHAPE_REPRESENTATION ( '', ( #10471, #7171 ), #8694 ) ;
#4391 = DIRECTION ( 'NONE',  ( -1.000000000000000000, 0.000000000000000000, 0.000000000000000000 ) ) ;
#4392 = VERTEX_POINT ( 'NONE', #1565 ) ;
#4393 = ORIENTED_EDGE ( 'NONE', *, *, #6317, .F. ) ;
#4394 = AXIS2_PLACEMENT_3D ( 'NONE', #6542, #7622, #4916 ) ;
#4395 = DIRECTION ( 'NONE',  ( 0.000000000000000000, 0.000000000000000000, -1.000000000000000000 ) ) ;
#4396 = VECTOR ( 'NONE', #7786, 39.37007874015748143 ) ;
#4397 = DIRECTION ( 'NONE',  ( 2.891205793294678326E-16, 1.000000000000000000, 0.000000000000000000 ) ) ;
#4398 = ORIENTED_EDGE ( 'NONE', *, *, #5591, .F. ) ;
#4399 = VERTEX_POINT ( 'NONE', #11301 ) ;
#4400 = CARTESIAN_POINT ( 'NONE',  ( -2.778641590709038045, 3.937007874015748143, 7.874015748031495399 ) ) ;
#4401 = DIRECTION ( 'NONE',  ( 1.000000000000000000, 0.000000000000000000, 0.000000000000000000 ) ) ;
#4402 = DIRECTION ( 'NONE',  ( -0.000000000000000000, -0.000000000000000000, -1.000000000000000000 ) ) ;
#4403 = AXIS2_PLACEMENT_3D ( 'NONE', #5931, #1292, #6999 ) ;
#4404 = DIRECTION ( 'NONE',  ( 0.000000000000000000, 0.000000000000000000, -1.000000000000000000 ) ) ;
#4405 = DIRECTION ( 'NONE',  ( -1.000000000000000000, 0.000000000000000000, 0.000000000000000000 ) ) ;
#4406 = ORIENTED_EDGE ( 'NONE', *, *, #10909, .T. ) ;
#4407 = EDGE_CURVE ( 'NONE', #2999, #11291, #5229, .T. ) ;
#4408 = SURFACE_STYLE_USAGE ( .BOTH. , #3401 ) ;
#4409 = EDGE_LOOP ( 'NONE', ( #6775, #7319, #2189, #3542 ) ) ;
#4410 = CARTESIAN_POINT ( 'NONE',  ( 4.923310919208258696, -6.505936369147187648, 0.3937007874015748254 ) ) ;
#4411 = LINE ( 'NONE', #11736, #10762 ) ;
#4412 = ADVANCED_FACE ( 'NONE', ( #2237 ), #6090, .F. ) ;
#4413 = ORIENTED_EDGE ( 'NONE', *, *, #6647, .T. ) ;
#4414 = LINE ( 'NONE', #3699, #471 ) ;
#4415 = ORIENTED_EDGE ( 'NONE', *, *, #4445, .F. ) ;
#4416 = CARTESIAN_POINT ( 'NONE',  ( 4.923310919208261360, -2.568928495131438172, 0.000000000000000000 ) ) ;
#4417 = EDGE_CURVE ( 'NONE', #9014, #2046, #11472, .T. ) ;
#4418 = FACE_OUTER_BOUND ( 'NONE', #7209, .T. ) ;
#4419 = ORIENTED_EDGE ( 'NONE', *, *, #2442, .F. ) ;
#4420 = CARTESIAN_POINT ( 'NONE',  ( 2.952755905511811108, 2.155480953687459067, 0.000000000000000000 ) ) ;
#4421 = VERTEX_POINT ( 'NONE', #9523 ) ;
#4422 = ADVANCED_FACE ( 'NONE', ( #2465 ), #4092, .T. ) ;
#4423 = LINE ( 'NONE', #2741, #2592 ) ;
#4424 = DIRECTION ( 'NONE',  ( -1.000000000000000000, -0.000000000000000000, -0.000000000000000000 ) ) ;
#4425 = CARTESIAN_POINT ( 'NONE',  ( 2.703458040287971098, 3.149606299212599492, 7.086614173228346303 ) ) ;
#4426 = VERTEX_POINT ( 'NONE', #5049 ) ;
#4427 = DIRECTION ( 'NONE',  ( -1.000000000000000000, 0.000000000000000000, 0.000000000000000000 ) ) ;
#4428 = FACE_BOUND ( 'NONE', #9916, .T. ) ;
#4429 = ADVANCED_FACE ( 'NONE', ( #608 ), #8698, .F. ) ;
#4430 = DIRECTION ( 'NONE',  ( -0.000000000000000000, -1.000000000000000000, -0.000000000000000000 ) ) ;
#4431 = FACE_OUTER_BOUND ( 'NONE', #2675, .T. ) ;
#4432 = ORIENTED_EDGE ( 'NONE', *, *, #7230, .F. ) ;
#4433 = FACE_BOUND ( 'NONE', #2762, .T. ) ;
#4434 = ORIENTED_EDGE ( 'NONE', *, *, #9620, .T. ) ;
#4435 = EDGE_CURVE ( 'NONE', #1264, #7175, #3201, .T. ) ;
#4436 = ORIENTED_EDGE ( 'NONE', *, *, #5300, .T. ) ;
#4437 = CARTESIAN_POINT ( 'NONE',  ( -4.184668832571872166, 2.352331347388246119, 0.000000000000000000 ) ) ;
#4438 = EDGE_LOOP ( 'NONE', ( #6697, #3662, #9913, #1864 ) ) ;
#4439 = ORIENTED_EDGE ( 'NONE', *, *, #5112, .F. ) ;
#4440 = DIRECTION ( 'NONE',  ( 0.000000000000000000, 1.000000000000000000, 0.000000000000000000 ) ) ;
#4441 = FACE_BOUND ( 'NONE', #6266, .T. ) ;
#4442 = VERTEX_POINT ( 'NONE', #7031 ) ;
#4443 = DIRECTION ( 'NONE',  ( -0.000000000000000000, -0.000000000000000000, 1.000000000000000000 ) ) ;
#4444 = DIRECTION ( 'NONE',  ( 0.000000000000000000, 0.000000000000000000, 1.000000000000000000 ) ) ;
#4445 = EDGE_CURVE ( 'NONE', #9216, #8197, #9699, .T. ) ;
#4446 = ORIENTED_EDGE ( 'NONE', *, *, #5930, .F. ) ;
#4447 = VECTOR ( 'NONE', #11657, 39.37007874015748143 ) ;
#4448 = CARTESIAN_POINT ( 'NONE',  ( 3.192102363848781987, 3.937007874015748143, 7.799282663726455844 ) ) ;
#4449 = CARTESIAN_POINT ( 'NONE',  ( -5.118110236220535292, 1.131910836771779838, 4.638196495462627134 ) ) ;
#4450 = LENGTH_MEASURE_WITH_UNIT ( LENGTH_MEASURE( 0.02539999999999999897 ), #5359 );
#4451 = EDGE_LOOP ( 'NONE', ( #4936, #5703, #5322, #3795 ) ) ;
#4452 = VECTOR ( 'NONE', #7134, 39.37007874015748143 ) ;
#4453 = ORIENTED_EDGE ( 'NONE', *, *, #7798, .T. ) ;
#4454 = CARTESIAN_POINT ( 'NONE',  ( -0.5905511811023621549, 0.000000000000000000, 9.055118110236220375 ) ) ;
#4455 = PRODUCT_DEFINITION_CONTEXT ( 'detailed design', #5125, 'design' ) ;
#4456 = FACE_OUTER_BOUND ( 'NONE', #3768, .T. ) ;
#4457 = CARTESIAN_POINT ( 'NONE',  ( 4.923310919208261360, -5.127983613241675620, 0.000000000000000000 ) ) ;
#4458 = CYLINDRICAL_SURFACE ( 'NONE', #1834, 1.181102362204724310 ) ;
#4459 = CARTESIAN_POINT ( 'NONE',  ( 2.703458040287970654, 0.000000000000000000, -6.550378662618052239 ) ) ;
#4460 = CYLINDRICAL_SURFACE ( 'NONE', #9457, 0.08858267716535440928 ) ;
#4461 = VECTOR ( 'NONE', #8394, 39.37007874015748143 ) ;
#4462 = LENGTH_MEASURE_WITH_UNIT ( LENGTH_MEASURE( 0.02539999999999999897 ), #9010 );
#4463 = ORIENTED_EDGE ( 'NONE', *, *, #3914, .F. ) ;
#4464 = CARTESIAN_POINT ( 'NONE',  ( -4.273251509737226783, -11.42719621166687105, 0.3937007874015748254 ) ) ;
#4465 = DIRECTION ( 'NONE',  ( 0.000000000000000000, 1.000000000000000000, 0.000000000000000000 ) ) ;
#4466 = ORIENTED_EDGE ( 'NONE', *, *, #4971, .F. ) ;
#4467 = AXIS2_PLACEMENT_3D ( 'NONE', #6558, #1989, #5665 ) ;
#4468 = ORIENTED_EDGE ( 'NONE', *, *, #6148, .F. ) ;
#4469 = CARTESIAN_POINT ( 'NONE',  ( -3.693202048827113781, -6.505936369147188536, 0.000000000000000000 ) ) ;
#4470 = EDGE_CURVE ( 'NONE', #9415, #2654, #500, .T. ) ;
#4471 = EDGE_CURVE ( 'NONE', #7645, #10576, #1601, .T. ) ;
#4472 = AXIS2_PLACEMENT_3D ( 'NONE', #8919, #4314, #11572 ) ;
#4473 = EDGE_LOOP ( 'NONE', ( #1832, #10776, #2729, #9035 ) ) ;
#4474 = AXIS2_PLACEMENT_3D ( 'NONE', #7744, #5042, #2283 ) ;
#4475 = LINE ( 'NONE', #1840, #8000 ) ;
#4476 = EDGE_LOOP ( 'NONE', ( #3311, #2923, #5851, #3341 ) ) ;
#4477 = CARTESIAN_POINT ( 'NONE',  ( -4.361834186902580512, -3.553180463635376096, 0.000000000000000000 ) ) ;
#4478 = ORIENTED_EDGE ( 'NONE', *, *, #10280, .F. ) ;
#4479 = DIRECTION ( 'NONE',  ( 0.8574929257125448734, -0.5144957554275252365, -0.000000000000000000 ) ) ;
#4480 = ORIENTED_EDGE ( 'NONE', *, *, #645, .T. ) ;
#4481 = AXIS2_PLACEMENT_3D ( 'NONE', #9605, #8433, #3890 ) ;
#4482 =( GEOMETRIC_REPRESENTATION_CONTEXT ( 3 ) GLOBAL_UNCERTAINTY_ASSIGNED_CONTEXT ( ( #3131 ) ) GLOBAL_UNIT_ASSIGNED_CONTEXT ( ( #1749, #922, #6453 ) ) REPRESENTATION_CONTEXT ( 'NONE', 'WORKASPACE' ) );
#4483 = VECTOR ( 'NONE', #9680, 39.37007874015748143 ) ;
#4484 = DIRECTION ( 'NONE',  ( 0.000000000000000000, 0.000000000000000000, -1.000000000000000000 ) ) ;
#4485 = EDGE_CURVE ( 'NONE', #5890, #191, #7752, .T. ) ;
#4486 = DIRECTION ( 'NONE',  ( -0.000000000000000000, -0.000000000000000000, -1.000000000000000000 ) ) ;
#4487 = VECTOR ( 'NONE', #2075, 39.37007874015748143 ) ;
#4488 = DIRECTION ( 'NONE',  ( 0.000000000000000000, 0.000000000000000000, 1.000000000000000000 ) ) ;
#4489 = EDGE_CURVE ( 'NONE', #8781, #4782, #11321, .T. ) ;
#4490 = ORIENTED_EDGE ( 'NONE', *, *, #2392, .T. ) ;
#4491 = LINE ( 'NONE', #7315, #5331 ) ;
#4492 = DIRECTION ( 'NONE',  ( -1.156482317317872465E-16, 1.000000000000000000, 0.000000000000000000 ) ) ;
#4493 = CARTESIAN_POINT ( 'NONE',  ( -2.464506571609101471, -6.438859693790625727, 0.7874015748031496509 ) ) ;
#4494 = DIRECTION ( 'NONE',  ( 1.000000000000000000, 0.000000000000000000, 0.000000000000000000 ) ) ;
#4495 = VECTOR ( 'NONE', #9664, 39.37007874015748143 ) ;
#4497 = VERTEX_POINT ( 'NONE', #4155 ) ;
#4496 = AXIS2_PLACEMENT_3D ( 'NONE', #1538, #4005, #10498 ) ;
#4498 = CARTESIAN_POINT ( 'NONE',  ( 5.118110236220536180, 1.131910836771825579, 4.638196495462627134 ) ) ;
#4499 = VERTEX_POINT ( 'NONE', #6919 ) ;
#4500 = EDGE_CURVE ( 'NONE', #8716, #11769, #84, .T. ) ;
#4501 = VECTOR ( 'NONE', #9753, 39.37007874015748143 ) ;
#4502 = ADVANCED_FACE ( 'NONE', ( #4331 ), #8035, .F. ) ;
#4503 = AXIS2_PLACEMENT_3D ( 'NONE', #5273, #10572, #6171 ) ;
#4504 = VECTOR ( 'NONE', #3874, 39.37007874015748143 ) ;
#4505 = LINE ( 'NONE', #2761, #3505 ) ;
#4506 = VERTEX_POINT ( 'NONE', #9804 ) ;
#4507 = SHAPE_REPRESENTATION ( 'Assemblage AGV', ( #7940, #3357, #4871, #9448, #10010, #4298, #4882, #10949, #9998, #5845, #8893, #11164, #10961 ), #5471 ) ;
#4508 = VERTEX_POINT ( 'NONE', #2034 ) ;
#4509 = CARTESIAN_POINT ( 'NONE',  ( -6.496062992125986035, 0.000000000000000000, 0.000000000000000000 ) ) ;
#4510 = LINE ( 'NONE', #9863, #1065 ) ;
#4511 = ORIENTED_EDGE ( 'NONE', *, *, #4955, .F. ) ;
#4512 = ORIENTED_EDGE ( 'NONE', *, *, #869, .F. ) ;
#4513 = CARTESIAN_POINT ( 'NONE',  ( -5.022368415851605761, 0.2116808415442510694, 5.104044405703036524 ) ) ;
#4514 = DIRECTION ( 'NONE',  ( 0.000000000000000000, 0.000000000000000000, 1.000000000000000000 ) ) ;
#4515 = AXIS2_PLACEMENT_3D ( 'NONE', #6661, #2141, #6715 ) ;
#4516 = VECTOR ( 'NONE', #3451, 39.37007874015748143 ) ;
#4517 = CARTESIAN_POINT ( 'NONE',  ( 5.179553741579351112, 9.448818897637794478, 7.839631514317289884 ) ) ;
#4518 = EDGE_CURVE ( 'NONE', #1435, #1438, #8932, .T. ) ;
#4519 = FACE_OUTER_BOUND ( 'NONE', #7042, .T. ) ;
#4520 = CARTESIAN_POINT ( 'NONE',  ( 28.43126317995583463, 30.74889284742816287, 46.40050053871942737 ) ) ;
#4521 = VERTEX_POINT ( 'NONE', #5642 ) ;
#4522 = DIRECTION ( 'NONE',  ( -1.000000000000000000, 0.000000000000000000, 0.000000000000000000 ) ) ;
#4523 = EDGE_CURVE ( 'NONE', #11403, #562, #2513, .T. ) ;
#4524 = ORIENTED_EDGE ( 'NONE', *, *, #11560, .F. ) ;
#4525 = CARTESIAN_POINT ( 'NONE',  ( -4.985320476270190149, 7.480314960629921295, 7.839631514317289884 ) ) ;
#4526 = CARTESIAN_POINT ( 'NONE',  ( 3.192102363848786872, 3.937007874015748143, 7.897707860576847594 ) ) ;
#4527 = DIRECTION ( 'NONE',  ( 0.000000000000000000, 0.000000000000000000, -1.000000000000000000 ) ) ;
#4528 = CYLINDRICAL_SURFACE ( 'NONE', #692, 0.1968503937007873017 ) ;
#4529 = VECTOR ( 'NONE', #10986, 39.37007874015748143 ) ;
#4530 = DIRECTION ( 'NONE',  ( -4.645963633660124091E-15, -0.000000000000000000, -1.000000000000000000 ) ) ;
#4531 = DIRECTION ( 'NONE',  ( -0.000000000000000000, -1.000000000000000000, -0.000000000000000000 ) ) ;
#4532 = LINE ( 'NONE', #7052, #7942 ) ;
#4533 = VERTEX_POINT ( 'NONE', #10215 ) ;
#4534 = ORIENTED_EDGE ( 'NONE', *, *, #9495, .T. ) ;
#4535 = DIRECTION ( 'NONE',  ( -0.000000000000000000, -1.000000000000000000, -0.000000000000000000 ) ) ;
#4536 = CARTESIAN_POINT ( 'NONE',  ( 0.4737032289015790099, 9.448818897637794478, -0.04859674123851762811 ) ) ;
#4537 = ORIENTED_EDGE ( 'NONE', *, *, #8314, .F. ) ;
#4538 = EDGE_CURVE ( 'NONE', #9942, #532, #11091, .T. ) ;
#4539 = EDGE_LOOP ( 'NONE', ( #9687, #1994, #11211, #331 ) ) ;
#4540 = LINE ( 'NONE', #1714, #6214 ) ;
#4541 = ORIENTED_EDGE ( 'NONE', *, *, #1629, .T. ) ;
#4542 = DIRECTION ( 'NONE',  ( 0.000000000000000000, 1.000000000000000000, 0.000000000000000000 ) ) ;
#4543 = LINE ( 'NONE', #8190, #9369 ) ;
#4544 = CARTESIAN_POINT ( 'NONE',  ( -4.923310919208258696, -3.946881251036951088, 0.000000000000000000 ) ) ;
#4545 = ORIENTED_EDGE ( 'NONE', *, *, #9020, .F. ) ;
#4546 = CARTESIAN_POINT ( 'NONE',  ( -2.952755905511811108, 2.155480953687459067, 0.3937007874015748254 ) ) ;
#4547 = CARTESIAN_POINT ( 'NONE',  ( 4.785852954177774343, 9.448818897637794478, 8.233332301718867541 ) ) ;
#4548 = DIRECTION ( 'NONE',  ( -0.000000000000000000, 1.000000000000000000, -0.000000000000000000 ) ) ;
#4549 = ORIENTED_EDGE ( 'NONE', *, *, #10821, .T. ) ;
#4550 = DIRECTION ( 'NONE',  ( 0.000000000000000000, 0.000000000000000000, 1.000000000000000000 ) ) ;
#4551 = CARTESIAN_POINT ( 'NONE',  ( -0.5905511811023621549, 0.000000000000000000, 9.055118110236220375 ) ) ;
#4552 = CARTESIAN_POINT ( 'NONE',  ( 6.496062992125987812, 0.000000000000000000, 0.3937007874015767128 ) ) ;
#4553 = LINE ( 'NONE', #3722, #4212 ) ;
#4554 = VERTEX_POINT ( 'NONE', #6601 ) ;
#4555 = LINE ( 'NONE', #8203, #637 ) ;
#4556 = ORIENTED_EDGE ( 'NONE', *, *, #6127, .T. ) ;
#4557 = EDGE_CURVE ( 'NONE', #10248, #3365, #9275, .T. ) ;
#4558 = CARTESIAN_POINT ( 'NONE',  ( -5.137870221958628747, 3.937007874015748143, 7.072130618713249994 ) ) ;
#4559 = EDGE_CURVE ( 'NONE', #11470, #4833, #7436, .T. ) ;
#4560 = EDGE_LOOP ( 'NONE', ( #1381, #10306, #11615, #6910 ) ) ;
#4561 = EDGE_CURVE ( 'NONE', #8293, #908, #2188, .T. ) ;
#4562 = ORIENTED_EDGE ( 'NONE', *, *, #7900, .T. ) ;
#4563 = DIRECTION ( 'NONE',  ( 0.000000000000000000, -0.000000000000000000, -1.000000000000000000 ) ) ;
#4564 = DIRECTION ( 'NONE',  ( -1.000000000000000000, 0.000000000000000000, 0.000000000000000000 ) ) ;
#4565 = ORIENTED_EDGE ( 'NONE', *, *, #2527, .T. ) ;
#4566 = CARTESIAN_POINT ( 'NONE',  ( 5.907562887712197508, -4.537432432139313576, 1.968503937007874072 ) ) ;
#4567 = VECTOR ( 'NONE', #10491, 39.37007874015748143 ) ;
#4568 = EDGE_CURVE ( 'NONE', #11278, #11535, #1079, .T. ) ;
#4569 = FACE_OUTER_BOUND ( 'NONE', #2715, .T. ) ;
#4570 = ADVANCED_FACE ( 'NONE', ( #3716 ), #4383, .T. ) ;
#4571 = CARTESIAN_POINT ( 'NONE',  ( -7.086614173228347191, -0.3937007874015748254, 0.5905511811023629321 ) ) ;
#4572 = DIRECTION ( 'NONE',  ( 1.000000000000000000, 1.387778780781445676E-16, -0.000000000000000000 ) ) ;
#4573 = DIRECTION ( 'NONE',  ( 1.000000000000000000, 0.000000000000000000, 0.000000000000000000 ) ) ;
#4574 = EDGE_LOOP ( 'NONE', ( #1437, #9168, #9367, #617 ) ) ;
#4575 = EDGE_LOOP ( 'NONE', ( #10360, #8156, #10382, #4982 ) ) ;
#4576 = DIRECTION ( 'NONE',  ( 0.000000000000000000, 0.000000000000000000, 1.000000000000000000 ) ) ;
#4577 = DIRECTION ( 'NONE',  ( -0.000000000000000000, -1.000000000000000000, -0.000000000000000000 ) ) ;
#4578 = FACE_BOUND ( 'NONE', #11294, .T. ) ;
#4579 = DIRECTION ( 'NONE',  ( 0.000000000000000000, 0.000000000000000000, -1.000000000000000000 ) ) ;
#4580 = EDGE_CURVE ( 'NONE', #5409, #217, #11641, .T. ) ;
#4581 = CARTESIAN_POINT ( 'NONE',  ( -0.07868300030473396323, 9.635888447050267755E-18, 1.574803149606299302 ) ) ;
#4582 = ORIENTED_EDGE ( 'NONE', *, *, #5158, .T. ) ;
#4583 = VECTOR ( 'NONE', #1856, 39.37007874015748143 ) ;
#4584 = VECTOR ( 'NONE', #10185, 39.37007874015748143 ) ;
#4585 = ADVANCED_FACE ( 'NONE', ( #8376 ), #3487, .F. ) ;
#4586 = DIRECTION ( 'NONE',  ( 1.000000000000000000, 0.000000000000000000, 0.000000000000000000 ) ) ;
#4587 = ORIENTED_EDGE ( 'NONE', *, *, #317, .F. ) ;
#4588 = ORIENTED_EDGE ( 'NONE', *, *, #6837, .F. ) ;
#4589 = DIRECTION ( 'NONE',  ( 0.000000000000000000, 0.000000000000000000, 1.000000000000000000 ) ) ;
#4590 = DIRECTION ( 'NONE',  ( 0.000000000000000000, -0.000000000000000000, 1.000000000000000000 ) ) ;
#4591 = ORIENTED_EDGE ( 'NONE', *, *, #2347, .T. ) ;
#4592 = VERTEX_POINT ( 'NONE', #10693 ) ;
#4593 = AXIS2_PLACEMENT_3D ( 'NONE', #928, #742, #1754 ) ;
#4594 = CYLINDRICAL_SURFACE ( 'NONE', #8702, 1.574803149606299080 ) ;
#4595 = ORIENTED_EDGE ( 'NONE', *, *, #1058, .F. ) ;
#4596 = CARTESIAN_POINT ( 'NONE',  ( -7.232166136696967594E-17, 3.927134496994546087, 0.000000000000000000 ) ) ;
#4597 = ORIENTED_EDGE ( 'NONE', *, *, #2759, .T. ) ;
#4598 = CARTESIAN_POINT ( 'NONE',  ( 4.785852954177777008, 9.448818897637794478, -7.206675219446472269 ) ) ;
#4599 = ORIENTED_EDGE ( 'NONE', *, *, #604, .F. ) ;
#4600 = PLANE ( 'NONE',  #1426 ) ;
#4601 = ORIENTED_EDGE ( 'NONE', *, *, #10107, .F. ) ;
#4602 = EDGE_CURVE ( 'NONE', #2533, #4646, #4666, .T. ) ;
#4603 = CIRCLE ( 'NONE', #11630, 1.181102362204724310 ) ;
#4604 = ORIENTED_EDGE ( 'NONE', *, *, #9684, .F. ) ;
#4605 = CARTESIAN_POINT ( 'NONE',  ( -4.921259842519680738, -10.44294424316293757, 0.3937007874015748254 ) ) ;
#4606 = DIRECTION ( 'NONE',  ( 0.000000000000000000, 0.000000000000000000, 1.000000000000000000 ) ) ;
#4607 = LINE ( 'NONE', #9152, #10546 ) ;
#4608 = CARTESIAN_POINT ( 'NONE',  ( -4.184668832571871278, -11.42719621166687105, 0.3937007874015748254 ) ) ;
#4609 = ORIENTED_EDGE ( 'NONE', *, *, #2097, .T. ) ;
#4610 = DIRECTION ( 'NONE',  ( 1.000000000000000000, 0.000000000000000000, 0.000000000000000000 ) ) ;
#4611 = CARTESIAN_POINT ( 'NONE',  ( -0.4709337523242653201, 9.448818897637794478, -0.2454471349393052004 ) ) ;
#4612 = CARTESIAN_POINT ( 'NONE',  ( 0.006488179178569830098, 3.937007874015748143, -6.889763779527559251 ) ) ;
#4613 = DIRECTION ( 'NONE',  ( 0.000000000000000000, -1.000000000000000000, 0.000000000000000000 ) ) ;
#4614 = ORIENTED_EDGE ( 'NONE', *, *, #3020, .F. ) ;
#4615 = DIRECTION ( 'NONE',  ( 0.6974961937938047862, -0.000000000000000000, -0.7165884869596741424 ) ) ;
#4616 = ORIENTED_EDGE ( 'NONE', *, *, #8928, .F. ) ;
#4617 = DIRECTION ( 'NONE',  ( -0.000000000000000000, -0.000000000000000000, 1.000000000000000000 ) ) ;
#4618 = ORIENTED_EDGE ( 'NONE', *, *, #4471, .T. ) ;
#4619 = VERTEX_POINT ( 'NONE', #1850 ) ;
#4620 = FACE_BOUND ( 'NONE', #7637, .T. ) ;
#4621 = CARTESIAN_POINT ( 'NONE',  ( -3.693202048827116002, 1.368079378884309083, 0.000000000000000000 ) ) ;
#4622 = ORIENTED_EDGE ( 'NONE', *, *, #9972, .F. ) ;
#4623 = ADVANCED_FACE ( 'NONE', ( #10147 ), #5522, .F. ) ;
#4624 = VERTEX_POINT ( 'NONE', #4608 ) ;
#4625 = CARTESIAN_POINT ( 'NONE',  ( -5.095286030247008213, 0.8481761646249325048, 4.871213831769846792 ) ) ;
#4626 = CARTESIAN_POINT ( 'NONE',  ( -3.560428057591566997, 3.168267873820385105, 0.000000000000000000 ) ) ;
#4627 = ADVANCED_FACE ( 'NONE', ( #8257 ), #61, .T. ) ;
#4628 = VECTOR ( 'NONE', #2696, 39.37007874015748143 ) ;
#4629 = CARTESIAN_POINT ( 'NONE',  ( 5.179553741579351112, 7.874015748031496287, -7.165371565913558172 ) ) ;
#4630 = ORIENTED_EDGE ( 'NONE', *, *, #6888, .T. ) ;
#4631 = EDGE_CURVE ( 'NONE', #8202, #2739, #8494, .T. ) ;
#4632 = VERTEX_POINT ( 'NONE', #10087 ) ;
#4633 = FACE_OUTER_BOUND ( 'NONE', #3426, .T. ) ;
#4634 = LINE ( 'NONE', #93, #5672 ) ;
#4635 = ADVANCED_FACE ( 'NONE', ( #1966 ), #7616, .F. ) ;
#4636 = DIRECTION ( 'NONE',  ( 0.000000000000000000, -1.000000000000000000, 0.000000000000000000 ) ) ;
#4637 = CARTESIAN_POINT ( 'NONE',  ( -5.907562887712200173, -4.537432432139312688, 1.968503937007874072 ) ) ;
#4638 = VECTOR ( 'NONE', #292, 39.37007874015748143 ) ;
#4639 = PLANE ( 'NONE',  #6152 ) ;
#4640 = EDGE_LOOP ( 'NONE', ( #2114, #5516 ) ) ;
#4641 = CARTESIAN_POINT ( 'NONE',  ( -3.740157480314960647, -10.75790487308419685, 0.3937007874015748254 ) ) ;
#4642 = ORIENTED_EDGE ( 'NONE', *, *, #314, .F. ) ;
#4643 = ORIENTED_EDGE ( 'NONE', *, *, #6108, .T. ) ;
#4644 = VECTOR ( 'NONE', #8387, 39.37007874015748143 ) ;
#4645 = LINE ( 'NONE', #1055, #4504 ) ;
#4646 = VERTEX_POINT ( 'NONE', #4127 ) ;
#4647 = EDGE_CURVE ( 'NONE', #6103, #8149, #4293, .T. ) ;
#4648 = AXIS2_PLACEMENT_3D ( 'NONE', #344, #7782, #7668 ) ;
#4649 = ORIENTED_EDGE ( 'NONE', *, *, #8370, .F. ) ;
#4650 = CARTESIAN_POINT ( 'NONE',  ( -5.905511811023678170, -8.668972124862862985E-16, 3.543307086614165158 ) ) ;
#4651 = EDGE_LOOP ( 'NONE', ( #804, #2852 ) ) ;
#4652 = EDGE_CURVE ( 'NONE', #4044, #10933, #2145, .T. ) ;
#4653 = CARTESIAN_POINT ( 'NONE',  ( -2.073640607983706197, -10.63979463686372284, 0.7874015748031496509 ) ) ;
#4654 = VERTEX_POINT ( 'NONE', #8551 ) ;
#4655 = DIRECTION ( 'NONE',  ( -0.000000000000000000, -0.000000000000000000, -1.000000000000000000 ) ) ;
#4656 = CARTESIAN_POINT ( 'NONE',  ( -1.258335327127414915, 9.448818897637794478, -0.04859674123851779465 ) ) ;
#4657 = AXIS2_PLACEMENT_3D ( 'NONE', #7454, #1154, #4929 ) ;
#4658 = ORIENTED_EDGE ( 'NONE', *, *, #6342, .F. ) ;
#4659 = DIRECTION ( 'NONE',  ( 1.000000000000000000, 0.000000000000000000, 0.000000000000000000 ) ) ;
#4660 = ORIENTED_EDGE ( 'NONE', *, *, #9317, .T. ) ;
#4661 = DIRECTION ( 'NONE',  ( -1.000000000000000000, 0.000000000000000000, 0.000000000000000000 ) ) ;
#4662 = EDGE_CURVE ( 'NONE', #10415, #1939, #1185, .T. ) ;
#4663 = AXIS2_PLACEMENT_3D ( 'NONE', #5813, #5883, #1244 ) ;
#4664 = DIRECTION ( 'NONE',  ( 1.000000000000000000, 0.000000000000000000, 0.000000000000000000 ) ) ;
#4665 = CARTESIAN_POINT ( 'NONE',  ( -4.985320476270190149, 9.055118110236220375, 7.445930726915714004 ) ) ;
#4666 = LINE ( 'NONE', #6422, #650 ) ;
#4667 = VERTEX_POINT ( 'NONE', #11219 ) ;
#4668 = EDGE_CURVE ( 'NONE', #11393, #9739, #8692, .T. ) ;
#4669 = DIRECTION ( 'NONE',  ( 0.000000000000000000, -0.000000000000000000, 1.000000000000000000 ) ) ;
#4670 = SURFACE_STYLE_USAGE ( .BOTH. , #4737 ) ;
#4671 = VECTOR ( 'NONE', #6804, 39.37007874015748143 ) ;
#4672 = LINE ( 'NONE', #2934, #799 ) ;
#4673 = CARTESIAN_POINT ( 'NONE',  ( -4.347829632394716981, -11.77069179321712333, 0.3937007874015748254 ) ) ;
#4674 = CYLINDRICAL_SURFACE ( 'NONE', #5827, 1.181102362204725420 ) ;
#4675 = ORIENTED_EDGE ( 'NONE', *, *, #6935, .T. ) ;
#4676 = AXIS2_PLACEMENT_3D ( 'NONE', #3043, #3833, #4659 ) ;
#4677 = VECTOR ( 'NONE', #115, 39.37007874015748143 ) ;
#4678 = AXIS2_PLACEMENT_3D ( 'NONE', #5628, #8127, #9255 ) ;
#4679 = DIRECTION ( 'NONE',  ( -0.000000000000000000, -0.000000000000000000, -1.000000000000000000 ) ) ;
#4680 = VERTEX_POINT ( 'NONE', #3050 ) ;
#4681 = AXIS2_PLACEMENT_3D ( 'NONE', #400, #10008, #8122 ) ;
#4682 = AXIS2_PLACEMENT_3D ( 'NONE', #7351, #3936, #7530 ) ;
#4683 = AXIS2_PLACEMENT_3D ( 'NONE', #7998, #803, #4405 ) ;
#4684 = EDGE_LOOP ( 'NONE', ( #4186, #9195, #2120, #1115 ) ) ;
#4685 = EDGE_CURVE ( 'NONE', #10741, #3794, #840, .T. ) ;
#4686 = CARTESIAN_POINT ( 'NONE',  ( -0.1968503937007874127, -9.987206167435246584, 0.3937007874015748254 ) ) ;
#4687 = CARTESIAN_POINT ( 'NONE',  ( 4.347829632394716093, 2.695826928938496625, 0.3937007874015748254 ) ) ;
#4688 = CARTESIAN_POINT ( 'NONE',  ( -4.197918901467038388, 8.267716535433070391, -7.206675219446472269 ) ) ;
#4689 = CARTESIAN_POINT ( 'NONE',  ( -2.778641590709042930, 3.937007874015748143, -6.692913385826773087 ) ) ;
#4690 = VECTOR ( 'NONE', #9237, 39.37007874015748143 ) ;
#4691 = FACE_OUTER_BOUND ( 'NONE', #10201, .T. ) ;
#4692 = PRODUCT_DEFINITION_FORMATION_WITH_SPECIFIED_SOURCE ( 'ANY', '', #160, .NOT_KNOWN. ) ;
#4693 = VECTOR ( 'NONE', #8445, 39.37007874015748143 ) ;
#4694 = AXIS2_PLACEMENT_3D ( 'NONE', #8713, #2126, #8585 ) ;
#4695 = PRODUCT_RELATED_PRODUCT_CATEGORY ( 'part', '', ( #160 ) ) ;
#4696 = EDGE_CURVE ( 'NONE', #6030, #1979, #4064, .T. ) ;
#4697 = CARTESIAN_POINT ( 'NONE',  ( 4.519676687187463848, 0.008763934312793467477, 0.000000000000000000 ) ) ;
#4698 = APPLICATION_PROTOCOL_DEFINITION ( 'draft international standard', 'automotive_design', 1998, #8998 ) ;
#4699 = ORIENTED_EDGE ( 'NONE', *, *, #5129, .T. ) ;
#4700 = VECTOR ( 'NONE', #9978, 39.37007874015748143 ) ;
#4701 = ORIENTED_EDGE ( 'NONE', *, *, #2461, .T. ) ;
#4702 = CARTESIAN_POINT ( 'NONE',  ( 0.006488179178569830098, 3.937007874015748143, 6.889763779527559251 ) ) ;
#4703 = DIRECTION ( 'NONE',  ( -0.000000000000000000, -0.000000000000000000, 1.000000000000000000 ) ) ;
#4704 = AXIS2_PLACEMENT_3D ( 'NONE', #1723, #2812, #1006 ) ;
#4705 = AXIS2_PLACEMENT_3D ( 'NONE', #10239, #6560, #1811 ) ;
#4706 = DIRECTION ( 'NONE',  ( 0.000000000000000000, 0.000000000000000000, 1.000000000000000000 ) ) ;
#4707 = DIRECTION ( 'NONE',  ( 0.000000000000000000, 0.000000000000000000, 1.000000000000000000 ) ) ;
#4708 = CARTESIAN_POINT ( 'NONE',  ( 3.937007874015811648, 3.149606299212599492, 4.638196495462627134 ) ) ;
#4709 = ORIENTED_EDGE ( 'NONE', *, *, #2358, .T. ) ;
#4710 = AXIS2_PLACEMENT_3D ( 'NONE', #7211, #6443, #1740 ) ;
#4711 = DIRECTION ( 'NONE',  ( 0.000000000000000000, -1.000000000000000000, 0.000000000000000000 ) ) ;
#4712 = ORIENTED_EDGE ( 'NONE', *, *, #397, .T. ) ;
#4713 = EDGE_CURVE ( 'NONE', #10990, #6091, #9438, .T. ) ;
#4714 = VERTEX_POINT ( 'NONE', #9500 ) ;
#4715 = DIRECTION ( 'NONE',  ( -1.000000000000000000, 0.000000000000000000, 0.000000000000000000 ) ) ;
#4716 = DIRECTION ( 'NONE',  ( -0.000000000000000000, 1.000000000000000000, -0.000000000000000000 ) ) ;
#4717 = ORIENTED_EDGE ( 'NONE', *, *, #3454, .T. ) ;
#4718 = EDGE_LOOP ( 'NONE', ( #9959, #9966, #1859, #1200 ) ) ;
#4719 = DIRECTION ( 'NONE',  ( -0.000000000000000000, 1.000000000000000000, -0.000000000000000000 ) ) ;
#4720 = ORIENTED_EDGE ( 'NONE', *, *, #8286, .F. ) ;
#4721 = DIRECTION ( 'NONE',  ( 0.000000000000000000, 1.000000000000000000, -0.000000000000000000 ) ) ;
#4722 = ORIENTED_EDGE ( 'NONE', *, *, #4685, .T. ) ;
#4723 = CARTESIAN_POINT ( 'NONE',  ( 3.693202048827119999, -10.44294424316293224, 0.3937007874015748254 ) ) ;
#4724 = DIRECTION ( 'NONE',  ( -0.000000000000000000, -1.000000000000000000, -0.000000000000000000 ) ) ;
#4725 = EDGE_LOOP ( 'NONE', ( #9822, #2103, #7065, #7293 ) ) ;
#4726 = EDGE_CURVE ( 'NONE', #294, #2150, #4911, .T. ) ;
#4727 = FACE_OUTER_BOUND ( 'NONE', #3717, .T. ) ;
#4728 = ORIENTED_EDGE ( 'NONE', *, *, #4272, .F. ) ;
#4729 = EDGE_CURVE ( 'NONE', #10734, #3863, #7719, .T. ) ;
#4730 = CARTESIAN_POINT ( 'NONE',  ( -4.923310919208258696, -5.127983613241676508, 0.3937007874015748254 ) ) ;
#4731 = CARTESIAN_POINT ( 'NONE',  ( 4.785852954177777008, 8.267716535433070391, -7.206675219446472269 ) ) ;
#4732 = CARTESIAN_POINT ( 'NONE',  ( 0.5905511811023621549, 3.336583315892183155, 0.3937007874015748254 ) ) ;
#4733 = CARTESIAN_POINT ( 'NONE',  ( -4.923310919208263137, -2.568928495131439060, 0.000000000000000000 ) ) ;
#4734 =( REPRESENTATION_RELATIONSHIP ('NONE','NONE', #4507, #2122 ) REPRESENTATION_RELATIONSHIP_WITH_TRANSFORMATION ( #2057 )SHAPE_REPRESENTATION_RELATIONSHIP( ) );
#4735 = ORIENTED_EDGE ( 'NONE', *, *, #6702, .F. ) ;
#4736 = DIRECTION ( 'NONE',  ( 1.000000000000000000, 0.000000000000000000, 0.000000000000000000 ) ) ;
#4737 = SURFACE_SIDE_STYLE ('',( #3786 ) ) ;
#4738 = CARTESIAN_POINT ( 'NONE',  ( -3.850385348604786984, 0.01986406393673362594, 0.3937007874015748254 ) ) ;
#4739 = LINE ( 'NONE', #3054, #8213 ) ;
#4740 = ORIENTED_EDGE ( 'NONE', *, *, #8244, .F. ) ;
#4741 = CYLINDRICAL_SURFACE ( 'NONE', #4867, 0.08858267716535440928 ) ;
#4742 = ORIENTED_EDGE ( 'NONE', *, *, #1326, .F. ) ;
#4743 = ADVANCED_FACE ( 'NONE', ( #3224 ), #3104, .F. ) ;
#4744 = EDGE_CURVE ( 'NONE', #7521, #1519, #2262, .T. ) ;
#4745 = LINE ( 'NONE', #906, #4644 ) ;
#4746 = ORIENTED_EDGE ( 'NONE', *, *, #5546, .F. ) ;
#4747 = ORIENTED_EDGE ( 'NONE', *, *, #4347, .T. ) ;
#4748 = FACE_OUTER_BOUND ( 'NONE', #3150, .T. ) ;
#4749 = VECTOR ( 'NONE', #8564, 39.37007874015748143 ) ;
#4750 = CARTESIAN_POINT ( 'NONE',  ( 0.000000000000000000, 3.149606299212599492, -6.889763779527560139 ) ) ;
#4751 = ORIENTED_EDGE ( 'NONE', *, *, #9692, .F. ) ;
#4752 = DIRECTION ( 'NONE',  ( 1.000000000000000000, 0.000000000000000000, 0.000000000000000000 ) ) ;
#4753 = PLANE ( 'NONE',  #9357 ) ;
#4754 = EDGE_CURVE ( 'NONE', #11531, #3726, #5448, .T. ) ;
#4755 = PRODUCT_DEFINITION_SHAPE ( 'NONE', 'NONE',  #11796 ) ;
#4756 = PLANE ( 'NONE',  #9289 ) ;
#4757 = APPLICATION_PROTOCOL_DEFINITION ( 'draft international standard', 'automotive_design', 1998, #10501 ) ;
#4758 = VERTEX_POINT ( 'NONE', #6665 ) ;
#4759 = VERTEX_POINT ( 'NONE', #4964 ) ;
#4760 = CARTESIAN_POINT ( 'NONE',  ( -2.778641590709038489, 3.937007874015748143, 6.791338582677163060 ) ) ;
#4761 = CARTESIAN_POINT ( 'NONE',  ( -0.1968503937007865523, -7.034450261923434589, 0.7874015748031496509 ) ) ;
#4762 = AXIS2_PLACEMENT_3D ( 'NONE', #9676, #11504, #1493 ) ;
#4763 = DIRECTION ( 'NONE',  ( 0.000000000000000000, 1.000000000000000000, 0.000000000000000000 ) ) ;
#4764 = CARTESIAN_POINT ( 'NONE',  ( 4.923310919208261360, -2.568928495131438172, 0.3937007874015748254 ) ) ;
#4765 = CARTESIAN_POINT ( 'NONE',  ( -2.073640607983705308, -12.41144818017080986, 0.3937007874015748254 ) ) ;
#4766 = ORIENTED_EDGE ( 'NONE', *, *, #315, .F. ) ;
#4767 = CIRCLE ( 'NONE', #7829, 0.08858267716535496439 ) ;
#4768 = CARTESIAN_POINT ( 'NONE',  ( 4.392152166776199351, 7.874015748031496287, -7.165371565913558172 ) ) ;
#4769 = ORIENTED_EDGE ( 'NONE', *, *, #5158, .F. ) ;
#4770 = VERTEX_POINT ( 'NONE', #8490 ) ;
#4771 = CARTESIAN_POINT ( 'NONE',  ( 3.299501261425539234, -6.505936369147188536, 0.7874015748031496509 ) ) ;
#4772 = VERTEX_POINT ( 'NONE', #10270 ) ;
#4773 = ORIENTED_EDGE ( 'NONE', *, *, #2893, .F. ) ;
#4774 = DIRECTION ( 'NONE',  ( 0.000000000000000000, -0.000000000000000000, 1.000000000000000000 ) ) ;
#4775 = ORIENTED_EDGE ( 'NONE', *, *, #7353, .T. ) ;
#4776 = CARTESIAN_POINT ( 'NONE',  ( -2.778641590709038045, 0.000000000000000000, 7.874015748031495399 ) ) ;
#4777 = ORIENTED_EDGE ( 'NONE', *, *, #6183, .T. ) ;
#4778 = CIRCLE ( 'NONE', #11429, 0.1968503937007874127 ) ;
#4779 = CARTESIAN_POINT ( 'NONE',  ( -4.591619688868613380, 9.055118110236220375, -7.952773140716710820 ) ) ;
#4780 = EDGE_CURVE ( 'NONE', #4302, #1316, #10444, .T. ) ;
#4781 = DIRECTION ( 'NONE',  ( -1.000000000000000000, -0.000000000000000000, -0.000000000000000000 ) ) ;
#4782 = VERTEX_POINT ( 'NONE', #405 ) ;
#4783 = EDGE_CURVE ( 'NONE', #2301, #4426, #11160, .T. ) ;
#4784 = CARTESIAN_POINT ( 'NONE',  ( 4.785852954177774343, 9.448818897637794478, 8.233332301718867541 ) ) ;
#4785 = VERTEX_POINT ( 'NONE', #9554 ) ;
#4786 = DIRECTION ( 'NONE',  ( 0.000000000000000000, 1.000000000000000000, 0.000000000000000000 ) ) ;
#4787 = FACE_OUTER_BOUND ( 'NONE', #586, .T. ) ;
#4788 = LINE ( 'NONE', #5641, #1971 ) ;
#4789 = CARTESIAN_POINT ( 'NONE',  ( 2.073640607983706641, 3.336583315892183155, 0.7874015748031496509 ) ) ;
#4790 = EDGE_CURVE ( 'NONE', #7611, #8536, #5069, .T. ) ;
#4791 = ORIENTED_EDGE ( 'NONE', *, *, #5016, .T. ) ;
#4792 = LINE ( 'NONE', #2092, #2866 ) ;
#4793 = CARTESIAN_POINT ( 'NONE',  ( -3.740157480314960647, -10.75790487308419685, 0.000000000000000000 ) ) ;
#4794 = LINE ( 'NONE', #3721, #11482 ) ;
#4795 = DIRECTION ( 'NONE',  ( 1.000000000000000000, 0.000000000000000000, 0.000000000000000000 ) ) ;
#4796 = ADVANCED_FACE ( 'NONE', ( #2090 ), #5765, .F. ) ;
#4797 = ORIENTED_EDGE ( 'NONE', *, *, #6810, .F. ) ;
#4798 = PLANE ( 'NONE',  #5639 ) ;
#4799 = ORIENTED_EDGE ( 'NONE', *, *, #7437, .T. ) ;
#4800 = EDGE_CURVE ( 'NONE', #8301, #9522, #3521, .T. ) ;
#4801 = CARTESIAN_POINT ( 'NONE',  ( -4.471879931551174359, -0.6432185497264709673, 0.3937007874015748254 ) ) ;
#4802 = CARTESIAN_POINT ( 'NONE',  ( -0.09842519685039370636, 0.000000000000000000, 0.000000000000000000 ) ) ;
#4803 = ORIENTED_EDGE ( 'NONE', *, *, #3180, .F. ) ;
#4804 = EDGE_CURVE ( 'NONE', #7248, #4082, #10792, .T. ) ;
#4805 = EDGE_LOOP ( 'NONE', ( #5589, #6024, #10515, #2746 ) ) ;
#4806 = LINE ( 'NONE', #653, #4861 ) ;
#4807 = DIRECTION ( 'NONE',  ( 1.000000000000000000, 0.000000000000000000, 2.139492287038062346E-15 ) ) ;
#4808 = ORIENTED_EDGE ( 'NONE', *, *, #8421, .F. ) ;
#4809 = EDGE_CURVE ( 'NONE', #412, #2042, #9994, .T. ) ;
#4810 = ORIENTED_EDGE ( 'NONE', *, *, #1440, .F. ) ;
#4811 = FACE_BOUND ( 'NONE', #3088, .T. ) ;
#4812 = EDGE_CURVE ( 'NONE', #685, #5122, #8730, .T. ) ;
#4813 = AXIS2_PLACEMENT_3D ( 'NONE', #8573, #2060, #9359 ) ;
#4814 = DIRECTION ( 'NONE',  ( -1.387778780781445676E-16, 1.000000000000000000, 0.000000000000000000 ) ) ;
#4815 = APPLICATION_PROTOCOL_DEFINITION ( 'draft international standard', 'automotive_design', 1998, #5125 ) ;
#4816 = ORIENTED_EDGE ( 'NONE', *, *, #5562, .T. ) ;
#4817 = EDGE_LOOP ( 'NONE', ( #162, #6616, #5341, #3331 ) ) ;
#4818 = LINE ( 'NONE', #4993, #9933 ) ;
#4819 = CARTESIAN_POINT ( 'NONE',  ( -4.591619688868616045, 8.267716535433070391, 7.445930726915714004 ) ) ;
#4820 = ADVANCED_FACE ( 'NONE', ( #6282 ), #1542, .T. ) ;
#4821 = CARTESIAN_POINT ( 'NONE',  ( -2.073640607983706641, 3.336583315892183155, 0.7874015748031496509 ) ) ;
#4822 = DIRECTION ( 'NONE',  ( 0.000000000000000000, 1.000000000000000000, -0.000000000000000000 ) ) ;
#4823 = ORIENTED_EDGE ( 'NONE', *, *, #7729, .F. ) ;
#4824 = CIRCLE ( 'NONE', #11471, 0.08858267716535440928 ) ;
#4825 = DIRECTION ( 'NONE',  ( -1.000000000000000000, -0.000000000000000000, -0.000000000000000000 ) ) ;
#4826 = VERTEX_POINT ( 'NONE', #583 ) ;
#4827 = CARTESIAN_POINT ( 'NONE',  ( -4.921259842519685179, -10.75790487308419685, 0.000000000000000000 ) ) ;
#4828 = VERTEX_POINT ( 'NONE', #3406 ) ;
#4829 = VERTEX_POINT ( 'NONE', #7009 ) ;
#4830 = DIRECTION ( 'NONE',  ( 0.000000000000000000, 0.000000000000000000, 1.000000000000000000 ) ) ;
#4831 = VECTOR ( 'NONE', #7383, 39.37007874015748143 ) ;
#4832 = DIRECTION ( 'NONE',  ( -0.000000000000000000, -1.000000000000000000, -0.000000000000000000 ) ) ;
#4833 = VERTEX_POINT ( 'NONE', #1429 ) ;
#4834 = CARTESIAN_POINT ( 'NONE',  ( 3.549822394964751382, 3.149606299212599492, -7.374193064736720871 ) ) ;
#4835 = DIRECTION ( 'NONE',  ( 0.000000000000000000, -1.000000000000000000, 0.000000000000000000 ) ) ;
#4836 = VERTEX_POINT ( 'NONE', #9778 ) ;
#4837 = VECTOR ( 'NONE', #3664, 39.37007874015748143 ) ;
#4838 = LINE ( 'NONE', #8484, #1425 ) ;
#4839 = AXIS2_PLACEMENT_3D ( 'NONE', #2814, #3782, #10146 ) ;
#4840 = CARTESIAN_POINT ( 'NONE',  ( 0.5905511811023643753, -0.3937007874015748254, -9.055118110236220375 ) ) ;
#4841 = EDGE_CURVE ( 'NONE', #9682, #4108, #5090, .T. ) ;
#4842 = EDGE_CURVE ( 'NONE', #11243, #6972, #11501, .T. ) ;
#4843 = CARTESIAN_POINT ( 'NONE',  ( -3.456684561203211992, 0.01986406393673360166, 0.000000000000000000 ) ) ;
#4844 = FACE_OUTER_BOUND ( 'NONE', #1710, .T. ) ;
#4845 = DIRECTION ( 'NONE',  ( -0.000000000000000000, -1.000000000000000000, -0.000000000000000000 ) ) ;
#4846 = ORIENTED_EDGE ( 'NONE', *, *, #10453, .F. ) ;
#4847 = VECTOR ( 'NONE', #9922, 39.37007874015748143 ) ;
#4848 = CYLINDRICAL_SURFACE ( 'NONE', #2081, 0.08858267716535440928 ) ;
#4849 = EDGE_LOOP ( 'NONE', ( #3696, #9015, #2356, #8618 ) ) ;
#4850 = CARTESIAN_POINT ( 'NONE',  ( 0.000000000000000000, 8.267716535433070391, -7.165371565913558172 ) ) ;
#4851 = LINE ( 'NONE', #297, #7276 ) ;
#4852 = CARTESIAN_POINT ( 'NONE',  ( 2.703458040287970654, 3.149606299212599492, -6.550378662618052239 ) ) ;
#4853 = ORIENTED_EDGE ( 'NONE', *, *, #2346, .T. ) ;
#4854 = ADVANCED_FACE ( 'NONE', ( #8062 ), #4183, .F. ) ;
#4855 = VECTOR ( 'NONE', #9646, 39.37007874015748143 ) ;
#4856 = CARTESIAN_POINT ( 'NONE',  ( 2.952755905511811108, -12.41144818017080986, 0.000000000000000000 ) ) ;
#4857 = EDGE_CURVE ( 'NONE', #5838, #3068, #10624, .T. ) ;
#4858 = CARTESIAN_POINT ( 'NONE',  ( -0.1968503937007875237, 0.8331594030294345865, 0.3937007874015748254 ) ) ;
#4859 = ORIENTED_EDGE ( 'NONE', *, *, #3787, .F. ) ;
#4860 = CIRCLE ( 'NONE', #6970, 1.181102362204725420 ) ;
#4861 = VECTOR ( 'NONE', #488, 39.37007874015748854 ) ;
#4862 = ORIENTED_EDGE ( 'NONE', *, *, #972, .T. ) ;
#4863 = CARTESIAN_POINT ( 'NONE',  ( -0.1968503937007874127, -2.119596502482376632, 0.3937007874015748254 ) ) ;
#4864 = FACE_OUTER_BOUND ( 'NONE', #10638, .T. ) ;
#4865 = LINE ( 'NONE', #7511, #9948 ) ;
#4866 = AXIS2_PLACEMENT_3D ( 'NONE', #7252, #10853, #10910 ) ;
#4867 = AXIS2_PLACEMENT_3D ( 'NONE', #184, #10223, #2041 ) ;
#4868 = FACE_OUTER_BOUND ( 'NONE', #1022, .T. ) ;
#4869 = AXIS2_PLACEMENT_3D ( 'NONE', #1594, #11447, #5262 ) ;
#4870 = EDGE_CURVE ( 'NONE', #5936, #388, #1228, .T. ) ;
#4871 = AXIS2_PLACEMENT_3D ( 'NONE', #6203, #10876, #6264 ) ;
#4872 = VECTOR ( 'NONE', #11212, 39.37007874015748143 ) ;
#4873 = AXIS2_PLACEMENT_3D ( 'NONE', #10314, #8305, #10972 ) ;
#4874 = LINE ( 'NONE', #5848, #11487 ) ;
#4875 = ITEM_DEFINED_TRANSFORMATION ( 'NONE', 'NONE', #9448,  #7171 ) ;
#4876 = ORIENTED_EDGE ( 'NONE', *, *, #6270, .F. ) ;
#4877 = ORIENTED_EDGE ( 'NONE', *, *, #2166, .F. ) ;
#4878 = DIRECTION ( 'NONE',  ( 0.000000000000000000, 1.000000000000000000, -0.000000000000000000 ) ) ;
#4879 = VECTOR ( 'NONE', #9592, 39.37007874015748143 ) ;
#4880 = CARTESIAN_POINT ( 'NONE',  ( 0.000000000000000000, 0.000000000000000000, 1.574803149606299302 ) ) ;
#4881 = LINE ( 'NONE', #6747, #6458 ) ;
#4882 = AXIS2_PLACEMENT_3D ( 'NONE', #792, #7221, #7279 ) ;
#4883 = DIRECTION ( 'NONE',  ( 0.000000000000000000, -1.000000000000000000, 0.000000000000000000 ) ) ;
#4884 = CIRCLE ( 'NONE', #10763, 0.08858267716535440928 ) ;
#4885 = AXIS2_PLACEMENT_3D ( 'NONE', #8722, #9544, #9492 ) ;
#4886 = VERTEX_POINT ( 'NONE', #5147 ) ;
#4887 = VERTEX_POINT ( 'NONE', #6946 ) ;
#4888 = ADVANCED_FACE ( 'NONE', ( #1490 ), #7837, .F. ) ;
#4889 = AXIS2_PLACEMENT_3D ( 'NONE', #8873, #6093, #4158 ) ;
#4890 = DIRECTION ( 'NONE',  ( -0.000000000000000000, -0.000000000000000000, 1.000000000000000000 ) ) ;
#4891 = EDGE_CURVE ( 'NONE', #11291, #10952, #2439, .T. ) ;
#4892 = CARTESIAN_POINT ( 'NONE',  ( -3.299501261425538789, -6.899637156548763528, 0.3937007874015748254 ) ) ;
#4893 = CARTESIAN_POINT ( 'NONE',  ( 5.179553741579351112, 9.448818897637794478, -7.559072353315134052 ) ) ;
#4894 = VERTEX_POINT ( 'NONE', #6165 ) ;
#4895 = LINE ( 'NONE', #5442, #6494 ) ;
#4896 = ORIENTED_EDGE ( 'NONE', *, *, #979, .T. ) ;
#4897 = CARTESIAN_POINT ( 'NONE',  ( -0.07868300030473396323, 9.635888447050267755E-18, 0.000000000000000000 ) ) ;
#4898 = LENGTH_MEASURE_WITH_UNIT ( LENGTH_MEASURE( 0.02539999999999999897 ), #3334 );
#4899 = ORIENTED_EDGE ( 'NONE', *, *, #4198, .T. ) ;
#4900 = CIRCLE ( 'NONE', #7956, 0.1968503937007875793 ) ;
#4901 = DIRECTION ( 'NONE',  ( 0.000000000000000000, 1.000000000000000000, -0.000000000000000000 ) ) ;
#4902 = CARTESIAN_POINT ( 'NONE',  ( 4.273251509737226783, 2.352331347388247451, 0.3937007874015748254 ) ) ;
#4903 = CIRCLE ( 'NONE', #2410, 0.08858267716535440928 ) ;
#4904 = CARTESIAN_POINT ( 'NONE',  ( -4.361834186902580512, -3.553180463635376096, 0.3937007874015748254 ) ) ;
#4905 = ORIENTED_EDGE ( 'NONE', *, *, #268, .F. ) ;
#4906 = ADVANCED_FACE ( 'NONE', ( #635 ), #11564, .F. ) ;
#4907 = CARTESIAN_POINT ( 'NONE',  ( 4.392152166776199351, 8.267716535433070391, -7.165371565913558172 ) ) ;
#4908 = COLOUR_RGB ( '',0.7921568627450980005, 0.8196078431372548767, 0.9333333333333333481 ) ;
#4909 = DIRECTION ( 'NONE',  ( -0.000000000000000000, -0.000000000000000000, -1.000000000000000000 ) ) ;
#4910 = CARTESIAN_POINT ( 'NONE',  ( 2.952755905511811108, 3.336583315892183155, 0.000000000000000000 ) ) ;
#4911 = LINE ( 'NONE', #8665, #3916 ) ;
#4912 = ORIENTED_EDGE ( 'NONE', *, *, #2456, .T. ) ;
#4913 = CARTESIAN_POINT ( 'NONE',  ( -2.952755905511811108, -12.41144818017080986, 0.3937007874015748254 ) ) ;
#4914 = VERTEX_POINT ( 'NONE', #2546 ) ;
#4915 = DIRECTION ( 'NONE',  ( 1.000000000000000000, 0.000000000000000000, 0.000000000000000000 ) ) ;
#4916 = DIRECTION ( 'NONE',  ( -1.000000000000000000, 0.000000000000000000, 0.000000000000000000 ) ) ;
#4917 = ORIENTED_EDGE ( 'NONE', *, *, #822, .T. ) ;
#4918 = DIRECTION ( 'NONE',  ( 0.000000000000000000, 0.000000000000000000, 1.000000000000000000 ) ) ;
#4919 = EDGE_LOOP ( 'NONE', ( #3579, #11344, #5213, #5561 ) ) ;
#4920 = VECTOR ( 'NONE', #7643, 39.37007874015748143 ) ;
#4921 = EDGE_CURVE ( 'NONE', #7389, #10806, #6798, .T. ) ;
#4922 = LINE ( 'NONE', #9986, #4693 ) ;
#4923 = CARTESIAN_POINT ( 'NONE',  ( 0.1968503937007874127, -9.987206167435246584, 0.3937007874015748254 ) ) ;
#4924 = VERTEX_POINT ( 'NONE', #755 ) ;
#4925 = ORIENTED_EDGE ( 'NONE', *, *, #6740, .F. ) ;
#4926 = CARTESIAN_POINT ( 'NONE',  ( 0.5905511811023621549, -0.3937007874015748254, 9.055118110236220375 ) ) ;
#4927 = LINE ( 'NONE', #6735, #4327 ) ;
#4928 = ORIENTED_EDGE ( 'NONE', *, *, #338, .T. ) ;
#4929 = DIRECTION ( 'NONE',  ( 0.9367259886217343956, 0.000000000000000000, -0.3500634545916417872 ) ) ;
#4930 = EDGE_CURVE ( 'NONE', #5269, #9524, #4414, .T. ) ;
#4931 = ORIENTED_EDGE ( 'NONE', *, *, #5177, .F. ) ;
#4932 = VECTOR ( 'NONE', #2503, 39.37007874015748143 ) ;
#4933 = EDGE_CURVE ( 'NONE', #8485, #11040, #8243, .T. ) ;
#4934 = DIRECTION ( 'NONE',  ( -0.000000000000000000, -0.000000000000000000, 1.000000000000000000 ) ) ;
#4935 = VERTEX_POINT ( 'NONE', #884 ) ;
#4936 = ORIENTED_EDGE ( 'NONE', *, *, #6353, .T. ) ;
#4937 = DIRECTION ( 'NONE',  ( 0.000000000000000000, 0.000000000000000000, -1.000000000000000000 ) ) ;
#4938 = CARTESIAN_POINT ( 'NONE',  ( -2.467341395385280300, -12.41144818017080986, 0.7874015748031496509 ) ) ;
#4939 = ADVANCED_FACE ( 'NONE', ( #10135 ), #1767, .T. ) ;
#4940 = CARTESIAN_POINT ( 'NONE',  ( -0.5905511811023621549, -13.59255054237553573, 0.3937007874015748254 ) ) ;
#4941 = DIRECTION ( 'NONE',  ( -0.000000000000000000, 1.000000000000000000, -0.000000000000000000 ) ) ;
#4942 = ADVANCED_FACE ( 'NONE', ( #5378 ), #992, .F. ) ;
#4943 = ORIENTED_EDGE ( 'NONE', *, *, #10353, .T. ) ;
#4944 = CARTESIAN_POINT ( 'NONE',  ( -3.693202048827115558, -2.568928495131439060, 0.000000000000000000 ) ) ;
#4945 = EDGE_LOOP ( 'NONE', ( #1303, #5788, #1529, #1297 ) ) ;
#4946 = LINE ( 'NONE', #5067, #5867 ) ;
#4947 = ORIENTED_EDGE ( 'NONE', *, *, #2527, .F. ) ;
#4948 = VECTOR ( 'NONE', #3587, 39.37007874015748143 ) ;
#4949 = ORIENTED_EDGE ( 'NONE', *, *, #9163, .F. ) ;
#4950 = CARTESIAN_POINT ( 'NONE',  ( -4.347829632394716093, 2.695826928938495737, 0.000000000000000000 ) ) ;
#4951 = ADVANCED_FACE ( 'NONE', ( #10014 ), #47, .T. ) ;
#4952 = CARTESIAN_POINT ( 'NONE',  ( 2.778641590709047815, 0.000000000000000000, 7.874015748031494510 ) ) ;
#4953 = CARTESIAN_POINT ( 'NONE',  ( -3.346456692913386100, 3.937007874015748143, -6.420488492166129824 ) ) ;
#4954 = DIRECTION ( 'NONE',  ( 0.000000000000000000, 0.000000000000000000, 1.000000000000000000 ) ) ;
#4955 = EDGE_CURVE ( 'NONE', #6006, #22, #4540, .T. ) ;
#4956 = ORIENTED_EDGE ( 'NONE', *, *, #7959, .F. ) ;
#4957 = STYLED_ITEM ( 'NONE', ( #10614 ), #2300 ) ;
#4958 = VERTEX_POINT ( 'NONE', #6527 ) ;
#4959 = CARTESIAN_POINT ( 'NONE',  ( -3.560428057591566997, -12.24313273809901048, 0.3937007874015748254 ) ) ;
#4960 = CARTESIAN_POINT ( 'NONE',  ( -3.456684561203211992, 0.01986406393673360166, 0.000000000000000000 ) ) ;
#4961 = CARTESIAN_POINT ( 'NONE',  ( 7.086614173228347191, 0.000000000000000000, -0.5905511811023614888 ) ) ;
#4963 = DIRECTION ( 'NONE',  ( 0.000000000000000000, 0.000000000000000000, -1.000000000000000000 ) ) ;
#4962 = VECTOR ( 'NONE', #6181, 39.37007874015748143 ) ;
#4964 = CARTESIAN_POINT ( 'NONE',  ( -4.921259842519685179, 1.683040008805569476, 0.000000000000000000 ) ) ;
#4965 = CIRCLE ( 'NONE', #10100, 0.3937007874015748254 ) ;
#4966 = ORIENTED_EDGE ( 'NONE', *, *, #6550, .T. ) ;
#4967 = CARTESIAN_POINT ( 'NONE',  ( 3.693202048827116002, 1.368079378884309083, 0.3937007874015748254 ) ) ;
#4968 = DIRECTION ( 'NONE',  ( 4.625929269271481969E-16, -1.000000000000000000, 0.000000000000000000 ) ) ;
#4969 = ORIENTED_EDGE ( 'NONE', *, *, #1847, .F. ) ;
#4970 = CARTESIAN_POINT ( 'NONE',  ( 5.905511811023626656, 3.937007874015748143, 5.965761340813557467 ) ) ;
#4971 = EDGE_CURVE ( 'NONE', #6902, #4499, #2799, .T. ) ;
#4972 = ORIENTED_EDGE ( 'NONE', *, *, #775, .F. ) ;
#4973 = VECTOR ( 'NONE', #11038, 39.37007874015748143 ) ;
#4974 = AXIS2_PLACEMENT_3D ( 'NONE', #5767, #4736, #5819 ) ;
#4975 = CARTESIAN_POINT ( 'NONE',  ( -3.192102363848772217, 0.000000000000000000, 7.799282663726457621 ) ) ;
#4976 = FACE_OUTER_BOUND ( 'NONE', #4805, .T. ) ;
#4977 = EDGE_LOOP ( 'NONE', ( #10255, #11519 ) ) ;
#4978 = ORIENTED_EDGE ( 'NONE', *, *, #1155, .F. ) ;
#4979 = DIMENSIONAL_EXPONENTS ( 1.000000000000000000, 0.000000000000000000, 0.000000000000000000, 0.000000000000000000, 0.000000000000000000, 0.000000000000000000, 0.000000000000000000 ) ;
#4980 = DIRECTION ( 'NONE',  ( 0.000000000000000000, 0.000000000000000000, 1.000000000000000000 ) ) ;
#4981 = CARTESIAN_POINT ( 'NONE',  ( -3.653534954903999488, 0.01986406393673360166, 0.000000000000000000 ) ) ;
#4982 = ORIENTED_EDGE ( 'NONE', *, *, #4930, .T. ) ;
#4983 = CIRCLE ( 'NONE', #7858, 0.08858267716535440928 ) ;
#4984 = DIRECTION ( 'NONE',  ( 0.000000000000000000, 1.000000000000000000, -0.000000000000000000 ) ) ;
#4985 = FACE_BOUND ( 'NONE', #10718, .T. ) ;
#4986 = CARTESIAN_POINT ( 'NONE',  ( -5.513862100310625181, -4.537432432139312688, 0.000000000000000000 ) ) ;
#4987 = AXIS2_PLACEMENT_3D ( 'NONE', #11067, #6643, #5735 ) ;
#4988 = LINE ( 'NONE', #10414, #5224 ) ;
#4989 = VERTEX_POINT ( 'NONE', #2679 ) ;
#4990 = DIRECTION ( 'NONE',  ( -1.000000000000000000, 0.000000000000000000, 0.000000000000000000 ) ) ;
#4991 = EDGE_CURVE ( 'NONE', #11323, #5800, #2563, .T. ) ;
#4992 = ORIENTED_EDGE ( 'NONE', *, *, #1699, .T. ) ;
#4993 = CARTESIAN_POINT ( 'NONE',  ( -4.197918901467038388, 8.267716535433070391, -7.206675219446472269 ) ) ;
#4994 = CARTESIAN_POINT ( 'NONE',  ( -4.591619688868616045, 9.448818897637794478, 7.839631514317292549 ) ) ;
#4995 = ORIENTED_EDGE ( 'NONE', *, *, #11784, .T. ) ;
#4996 = DIRECTION ( 'NONE',  ( 0.000000000000000000, 0.000000000000000000, -1.000000000000000000 ) ) ;
#4997 = LINE ( 'NONE', #8765, #11245 ) ;
#4998 = ORIENTED_EDGE ( 'NONE', *, *, #1513, .F. ) ;
#4999 = DIRECTION ( 'NONE',  ( 2.921639538487253768E-16, 1.000000000000000000, -0.000000000000000000 ) ) ;
#5000 = ADVANCED_FACE ( 'NONE', ( #811 ), #8187, .T. ) ;
#5001 = DIRECTION ( 'NONE',  ( -0.000000000000000000, -0.000000000000000000, -1.000000000000000000 ) ) ;
#5002 =( CONVERSION_BASED_UNIT ( 'INCH', #1344 ) LENGTH_UNIT ( ) NAMED_UNIT ( #10459 ) );
#5003 = ORIENTED_EDGE ( 'NONE', *, *, #8214, .F. ) ;
#5004 = ADVANCED_FACE ( 'NONE', ( #7361 ), #4594, .F. ) ;
#5005 = ORIENTED_EDGE ( 'NONE', *, *, #8446, .F. ) ;
#5006 = PLANE ( 'NONE',  #5456 ) ;
#5007 =( CONVERSION_BASED_UNIT ( 'INCH', #4898 ) LENGTH_UNIT ( ) NAMED_UNIT ( #309 ) );
#5008 = DIRECTION ( 'NONE',  ( -0.000000000000000000, -0.000000000000000000, 1.000000000000000000 ) ) ;
#5009 = DIRECTION ( 'NONE',  ( -0.000000000000000000, -1.000000000000000000, -0.000000000000000000 ) ) ;
#5010 = ORIENTED_EDGE ( 'NONE', *, *, #6836, .T. ) ;
#5011 = CARTESIAN_POINT ( 'NONE',  ( 4.923310919208261360, -2.568928495131438172, 0.3937007874015748254 ) ) ;
#5012 = EDGE_CURVE ( 'NONE', #9688, #3432, #7300, .T. ) ;
#5013 = ORIENTED_EDGE ( 'NONE', *, *, #1208, .T. ) ;
#5014 = CARTESIAN_POINT ( 'NONE',  ( 3.693202048827116002, 1.368079378884309083, 0.7874015748031496509 ) ) ;
#5015 = CARTESIAN_POINT ( 'NONE',  ( 3.549822394964750494, 3.149606299212599492, -7.374193064736720871 ) ) ;
#5016 = EDGE_CURVE ( 'NONE', #10013, #4714, #10003, .T. ) ;
#5017 = CARTESIAN_POINT ( 'NONE',  ( 0.000000000000000000, 0.000000000000000000, 0.000000000000000000 ) ) ;
#5018 = CARTESIAN_POINT ( 'NONE',  ( -3.693202048827115558, -2.568928495131439060, 0.000000000000000000 ) ) ;
#5019 = DIRECTION ( 'NONE',  ( 0.000000000000000000, -0.000000000000000000, 1.000000000000000000 ) ) ;
#5020 = ORIENTED_EDGE ( 'NONE', *, *, #549, .F. ) ;
#5021 = DIRECTION ( 'NONE',  ( 0.000000000000000000, 0.000000000000000000, 1.000000000000000000 ) ) ;
#5022 = ORIENTED_EDGE ( 'NONE', *, *, #1000, .F. ) ;
#5023 = LINE ( 'NONE', #9610, #10300 ) ;
#5024 = VERTEX_POINT ( 'NONE', #9891 ) ;
#5025 = DIRECTION ( 'NONE',  ( 0.000000000000000000, 1.000000000000000000, -0.000000000000000000 ) ) ;
#5026 = EDGE_LOOP ( 'NONE', ( #3759, #11539, #558, #8987 ) ) ;
#5027 = ORIENTED_EDGE ( 'NONE', *, *, #5952, .F. ) ;
#5028 = CIRCLE ( 'NONE', #2524, 0.07868300030473396323 ) ;
#5029 = EDGE_CURVE ( 'NONE', #6847, #10451, #9947, .T. ) ;
#5030 = DIRECTION ( 'NONE',  ( 1.000000000000000000, 0.000000000000000000, -0.000000000000000000 ) ) ;
#5031 = EDGE_CURVE ( 'NONE', #3588, #3553, #10842, .T. ) ;
#5032 = AXIS2_PLACEMENT_3D ( 'NONE', #10229, #9974, #7394 ) ;
#5033 = DIRECTION ( 'NONE',  ( 1.110223024625156146E-15, -1.000000000000000000, 0.000000000000000000 ) ) ;
#5034 = ORIENTED_EDGE ( 'NONE', *, *, #415, .T. ) ;
#5035 = AXIS2_PLACEMENT_3D ( 'NONE', #4126, #1489, #6893 ) ;
#5036 = ORIENTED_EDGE ( 'NONE', *, *, #535, .T. ) ;
#5037 = PLANE ( 'NONE',  #4219 ) ;
#5038 = LINE ( 'NONE', #1380, #7588 ) ;
#5039 = VERTEX_POINT ( 'NONE', #4469 ) ;
#5040 = CARTESIAN_POINT ( 'NONE',  ( 0.000000000000000000, 8.267716535433070391, -7.165371565913558172 ) ) ;
#5041 = CARTESIAN_POINT ( 'NONE',  ( 2.467341395385283409, -12.41144818017080809, 0.3937007874015748254 ) ) ;
#5042 = DIRECTION ( 'NONE',  ( 0.000000000000000000, 1.000000000000000000, -0.000000000000000000 ) ) ;
#5043 = CIRCLE ( 'NONE', #11681, 1.574803149606299080 ) ;
#5044 = VERTEX_POINT ( 'NONE', #6402 ) ;
#5045 = VECTOR ( 'NONE', #8395, 39.37007874015748143 ) ;
#5046 = EDGE_CURVE ( 'NONE', #8293, #3923, #6344, .T. ) ;
#5047 = CARTESIAN_POINT ( 'NONE',  ( 0.5905511811023643753, 0.000000000000000000, -9.055118110236220375 ) ) ;
#5048 = VERTEX_POINT ( 'NONE', #111 ) ;
#5049 = CARTESIAN_POINT ( 'NONE',  ( -4.252043450305093231, 3.915065883440284278, -7.501597746311240655 ) ) ;
#5050 = VECTOR ( 'NONE', #9436, 39.37007874015748143 ) ;
#5051 = AXIS2_PLACEMENT_3D ( 'NONE', #7896, #531, #5950 ) ;
#5052 = EDGE_LOOP ( 'NONE', ( #214, #6423, #1448, #9319 ) ) ;
#5053 = CARTESIAN_POINT ( 'NONE',  ( 0.5905511811023621549, -0.3937007874015748254, 9.055118110236220375 ) ) ;
#5054 = CARTESIAN_POINT ( 'NONE',  ( -3.560428057591566997, 3.168267873820385105, 0.3937007874015748254 ) ) ;
#5055 = ORIENTED_EDGE ( 'NONE', *, *, #7003, .T. ) ;
#5056 = CARTESIAN_POINT ( 'NONE',  ( -4.273251509737226783, 2.352331347388246119, 0.000000000000000000 ) ) ;
#5057 = VECTOR ( 'NONE', #7783, 39.37007874015748143 ) ;
#5058 = CARTESIAN_POINT ( 'NONE',  ( 5.118110236220536180, 3.149606299212599492, 4.638196495462627134 ) ) ;
#5059 = DIMENSIONAL_EXPONENTS ( 1.000000000000000000, 0.000000000000000000, 0.000000000000000000, 0.000000000000000000, 0.000000000000000000, 0.000000000000000000, 0.000000000000000000 ) ;
#5060 = VERTEX_POINT ( 'NONE', #7421 ) ;
#5061 = PRODUCT_RELATED_PRODUCT_CATEGORY ( 'part', '', ( #9968 ) ) ;
#5062 = EDGE_CURVE ( 'NONE', #10863, #11332, #11020, .T. ) ;
#5063 = AXIS2_PLACEMENT_3D ( 'NONE', #8428, #6660, #2810 ) ;
#5064 = CIRCLE ( 'NONE', #11703, 0.08858267716535440928 ) ;
#5065 = ORIENTED_EDGE ( 'NONE', *, *, #3474, .T. ) ;
#5066 = FACE_BOUND ( 'NONE', #5969, .T. ) ;
#5067 = CARTESIAN_POINT ( 'NONE',  ( 3.693202048827116002, 1.368079378884309083, 0.3937007874015748254 ) ) ;
#5068 = ORIENTED_EDGE ( 'NONE', *, *, #5844, .T. ) ;
#5069 = CIRCLE ( 'NONE', #4481, 0.3937007874015751585 ) ;
#5070 = EDGE_LOOP ( 'NONE', ( #3970, #4709, #10649, #1500 ) ) ;
#5071 = EDGE_LOOP ( 'NONE', ( #5957, #9110, #9129, #1918 ) ) ;
#5072 = DIRECTION ( 'NONE',  ( 1.000000000000000000, -0.000000000000000000, 0.000000000000000000 ) ) ;
#5073 = AXIS2_PLACEMENT_3D ( 'NONE', #10955, #9310, #2848 ) ;
#5074 = VECTOR ( 'NONE', #9314, 39.37007874015748143 ) ;
#5075 =( NAMED_UNIT ( * ) PLANE_ANGLE_UNIT ( ) SI_UNIT ( $, .RADIAN. ) );
#5076 = DIRECTION ( 'NONE',  ( 0.000000000000000000, 0.000000000000000000, -1.000000000000000000 ) ) ;
#5077 = FACE_BOUND ( 'NONE', #3875, .T. ) ;
#5078 = EDGE_CURVE ( 'NONE', #8294, #246, #5928, .T. ) ;
#5079 = PRESENTATION_STYLE_ASSIGNMENT (( #4119 ) ) ;
#5080 = ORIENTED_EDGE ( 'NONE', *, *, #7442, .T. ) ;
#5081 = VECTOR ( 'NONE', #11594, 39.37007874015748143 ) ;
#5082 = CIRCLE ( 'NONE', #1254, 0.3937007874015751585 ) ;
#5083 = EDGE_CURVE ( 'NONE', #8888, #1741, #9452, .T. ) ;
#5084 = DIRECTION ( 'NONE',  ( -0.000000000000000000, -1.000000000000000000, -0.000000000000000000 ) ) ;
#5085 = DIRECTION ( 'NONE',  ( 0.000000000000000000, 0.000000000000000000, 1.000000000000000000 ) ) ;
#5086 = EDGE_CURVE ( 'NONE', #3873, #2753, #282, .T. ) ;
#5087 = CARTESIAN_POINT ( 'NONE',  ( -0.5905511811023621549, -13.59255054237553573, 0.3937007874015748254 ) ) ;
#5088 = CIRCLE ( 'NONE', #11158, 0.5905511811023627100 ) ;
#5089 = DIRECTION ( 'NONE',  ( -1.000000000000000000, -4.625929269271485914E-16, 0.000000000000000000 ) ) ;
#5090 = LINE ( 'NONE', #6064, #10758 ) ;
#5091 = ORIENTED_EDGE ( 'NONE', *, *, #3129, .F. ) ;
#5092 = LINE ( 'NONE', #7011, #7635 ) ;
#5093 = EDGE_LOOP ( 'NONE', ( #1750, #2419, #11084, #9316, #3535 ) ) ;
#5094 = ADVANCED_FACE ( 'NONE', ( #11140 ), #5006, .F. ) ;
#5095 = DIRECTION ( 'NONE',  ( -0.000000000000000000, -1.000000000000000000, -0.000000000000000000 ) ) ;
#5096 = VECTOR ( 'NONE', #8014, 39.37007874015748143 ) ;
#5097 = ORIENTED_EDGE ( 'NONE', *, *, #6270, .T. ) ;
#5098 = FACE_OUTER_BOUND ( 'NONE', #5958, .T. ) ;
#5099 = ORIENTED_EDGE ( 'NONE', *, *, #9325, .T. ) ;
#5100 = ORIENTED_EDGE ( 'NONE', *, *, #5816, .T. ) ;
#5101 = ORIENTED_EDGE ( 'NONE', *, *, #6667, .T. ) ;
#5102 = ADVANCED_FACE ( 'NONE', ( #9370 ), #11263, .T. ) ;
#5103 = VECTOR ( 'NONE', #2403, 39.37007874015748143 ) ;
#5104 = LINE ( 'NONE', #7966, #496 ) ;
#5105 = CARTESIAN_POINT ( 'NONE',  ( -4.923310919208262249, -3.946881251036951088, 0.3937007874015748254 ) ) ;
#5106 = ORIENTED_EDGE ( 'NONE', *, *, #392, .T. ) ;
#5107 = VERTEX_POINT ( 'NONE', #3035 ) ;
#5108 = LINE ( 'NONE', #8748, #4932 ) ;
#5109 = CIRCLE ( 'NONE', #10426, 1.181102362204724310 ) ;
#5110 = DIRECTION ( 'NONE',  ( -1.000000000000000000, 0.000000000000000000, 0.000000000000000000 ) ) ;
#5111 = EDGE_LOOP ( 'NONE', ( #4660, #4249, #6860, #4184 ) ) ;
#5112 = EDGE_CURVE ( 'NONE', #4283, #11704, #7569, .T. ) ;
#5113 = LINE ( 'NONE', #5040, #11295 ) ;
#5114 = CARTESIAN_POINT ( 'NONE',  ( -4.273251509737226783, -5.521684400643249724, 0.000000000000000000 ) ) ;
#5115 = ORIENTED_EDGE ( 'NONE', *, *, #227, .F. ) ;
#5116 = LINE ( 'NONE', #546, #1028 ) ;
#5117 = ADVANCED_FACE ( 'NONE', ( #450 ), #6703, .F. ) ;
#5118 = ORIENTED_EDGE ( 'NONE', *, *, #251, .F. ) ;
#5119 = CARTESIAN_POINT ( 'NONE',  ( -5.118110236220536180, 0.000000000000000000, 1.968503937007893390 ) ) ;
#5120 = EDGE_LOOP ( 'NONE', ( #7793, #1453, #9139, #4587, #5005, #837, #8622, #9969, #9394, #9815, #3643, #9991, #11638, #8288, #1896, #3635, #5825, #2222, #7480, #5746, #612, #10006, #263, #5370, #7108, #5256, #4797, #3448, #3869, #7182, #11586, #9136, #2573, #9582, #10225, #7733, #7710, #7380, #9683, #431, #10574, #6710, #200, #4419 ) ) ;
#5121 = LINE ( 'NONE', #4268, #3720 ) ;
#5122 = VERTEX_POINT ( 'NONE', #10361 ) ;
#5123 = CARTESIAN_POINT ( 'NONE',  ( -2.467341395385281633, -10.63979463686372284, 0.3937007874015748254 ) ) ;
#5124 = DIRECTION ( 'NONE',  ( 0.000000000000000000, 0.000000000000000000, 1.000000000000000000 ) ) ;
#5125 = APPLICATION_CONTEXT ( 'automotive_design' ) ;
#5126 = ORIENTED_EDGE ( 'NONE', *, *, #3333, .F. ) ;
#5127 = FACE_OUTER_BOUND ( 'NONE', #8076, .T. ) ;
#5128 = DIRECTION ( 'NONE',  ( -0.000000000000000000, 1.000000000000000000, -0.000000000000000000 ) ) ;
#5129 = EDGE_CURVE ( 'NONE', #9486, #8669, #1174, .T. ) ;
#5130 = ORIENTED_EDGE ( 'NONE', *, *, #353, .F. ) ;
#5131 = CARTESIAN_POINT ( 'NONE',  ( -2.703458040287970654, 3.149606299212599492, 5.905511811023622215 ) ) ;
#5132 = DIRECTION ( 'NONE',  ( 1.000000000000000000, 0.000000000000000000, 0.000000000000000000 ) ) ;
#5133 = VERTEX_POINT ( 'NONE', #6584 ) ;
#5134 = EDGE_LOOP ( 'NONE', ( #8926, #6499, #2244, #4324, #9079, #1579, #5227, #8611 ) ) ;
#5135 = DIRECTION ( 'NONE',  ( 0.000000000000000000, 0.000000000000000000, -1.000000000000000000 ) ) ;
#5136 = SURFACE_SIDE_STYLE ('',( #516 ) ) ;
#5137 = CARTESIAN_POINT ( 'NONE',  ( 4.923310919208261360, -3.946881251036950200, 0.3937007874015748254 ) ) ;
#5138 = AXIS2_PLACEMENT_3D ( 'NONE', #11292, #7683, #3122 ) ;
#5139 = CARTESIAN_POINT ( 'NONE',  ( -3.838582677165354173, 3.937007874015748143, -6.395228468411555234 ) ) ;
#5140 = FACE_BOUND ( 'NONE', #5643, .T. ) ;
#5141 = CARTESIAN_POINT ( 'NONE',  ( -4.591619688868615157, 9.055118110236220375, -7.165371565913558172 ) ) ;
#5142 = ORIENTED_EDGE ( 'NONE', *, *, #8359, .F. ) ;
#5143 = FACE_OUTER_BOUND ( 'NONE', #9930, .T. ) ;
#5144 = CARTESIAN_POINT ( 'NONE',  ( 0.000000000000000000, 0.000000000000000000, 0.7874015748031496509 ) ) ;
#5145 = LINE ( 'NONE', #10502, #3919 ) ;
#5146 = LINE ( 'NONE', #404, #4447 ) ;
#5147 = CARTESIAN_POINT ( 'NONE',  ( -4.921259842519685179, -10.75790487308419685, 0.3937007874015748254 ) ) ;
#5148 = EDGE_CURVE ( 'NONE', #5475, #4361, #1290, .T. ) ;
#5149 = ORIENTED_EDGE ( 'NONE', *, *, #1633, .T. ) ;
#5150 = PLANE ( 'NONE',  #349 ) ;
#5151 = CIRCLE ( 'NONE', #6689, 0.3937007874015748254 ) ;
#5152 = DIRECTION ( 'NONE',  ( 0.000000000000000000, 0.000000000000000000, 1.000000000000000000 ) ) ;
#5153 = ORIENTED_EDGE ( 'NONE', *, *, #1562, .T. ) ;
#5154 = LINE ( 'NONE', #8793, #11524 ) ;
#5155 = ORIENTED_EDGE ( 'NONE', *, *, #4602, .F. ) ;
#5156 = CARTESIAN_POINT ( 'NONE',  ( -2.778641590709042930, 3.937007874015748143, -6.791338582677164837 ) ) ;
#5157 = AXIS2_PLACEMENT_3D ( 'NONE', #4323, #7975, #11633 ) ;
#5158 = EDGE_CURVE ( 'NONE', #9538, #178, #9273, .T. ) ;
#5159 = LINE ( 'NONE', #766, #9617 ) ;
#5160 = VERTEX_POINT ( 'NONE', #4950 ) ;
#5161 = EDGE_CURVE ( 'NONE', #8215, #9688, #1433, .T. ) ;
#5162 = ORIENTED_EDGE ( 'NONE', *, *, #5738, .T. ) ;
#5163 = DIRECTION ( 'NONE',  ( -1.000000000000000000, 0.000000000000000000, 2.139492287038062346E-15 ) ) ;
#5164 = CARTESIAN_POINT ( 'NONE',  ( 2.464506571609102803, -2.698702213475663303, 0.3937007874015748254 ) ) ;
#5165 = ORIENTED_EDGE ( 'NONE', *, *, #7595, .T. ) ;
#5166 = DIRECTION ( 'NONE',  ( 0.000000000000000000, 0.000000000000000000, 1.000000000000000000 ) ) ;
#5167 = CARTESIAN_POINT ( 'NONE',  ( -4.361834186902581401, -11.42719621166687105, 0.000000000000000000 ) ) ;
#5168 = CARTESIAN_POINT ( 'NONE',  ( 3.693202048827113781, -6.505936369147188536, 0.3937007874015748254 ) ) ;
#5169 = EDGE_CURVE ( 'NONE', #3146, #1590, #2190, .T. ) ;
#5170 = AXIS2_PLACEMENT_3D ( 'NONE', #492, #10464, #3371 ) ;
#5171 = VECTOR ( 'NONE', #8938, 39.37007874015748143 ) ;
#5172 = ADVANCED_FACE ( 'NONE', ( #7604 ), #1231, .T. ) ;
#5173 = PLANE ( 'NONE',  #10349 ) ;
#5174 = VERTEX_POINT ( 'NONE', #4897 ) ;
#5175 = AXIS2_PLACEMENT_3D ( 'NONE', #6723, #8555, #7498 ) ;
#5176 = DIRECTION ( 'NONE',  ( 1.000000000000000000, 0.000000000000000000, -0.000000000000000000 ) ) ;
#5177 = EDGE_CURVE ( 'NONE', #6831, #9533, #8539, .T. ) ;
#5178 = ORIENTED_EDGE ( 'NONE', *, *, #11637, .T. ) ;
#5179 = DIRECTION ( 'NONE',  ( -1.000000000000000000, 0.000000000000000000, -0.000000000000000000 ) ) ;
#5180 = LINE ( 'NONE', #4216, #2586 ) ;
#5181 = VERTEX_POINT ( 'NONE', #7705 ) ;
#5182 = CARTESIAN_POINT ( 'NONE',  ( -4.184668832571872166, 2.352331347388246119, 0.000000000000000000 ) ) ;
#5183 = DIRECTION ( 'NONE',  ( 7.862016376373061085E-15, -0.000000000000000000, -1.000000000000000000 ) ) ;
#5184 = VERTEX_POINT ( 'NONE', #9539 ) ;
#5185 = VECTOR ( 'NONE', #1352, 39.37007874015748143 ) ;
#5186 = ORIENTED_EDGE ( 'NONE', *, *, #6248, .T. ) ;
#5187 = DIRECTION ( 'NONE',  ( 1.000000000000000000, 0.000000000000000000, 0.000000000000000000 ) ) ;
#5188 = DIRECTION ( 'NONE',  ( -0.000000000000000000, -0.000000000000000000, -1.000000000000000000 ) ) ;
#5189 =( CONVERSION_BASED_UNIT ( 'INCH', #5864 ) LENGTH_UNIT ( ) NAMED_UNIT ( #5059 ) );
#5190 = ORIENTED_EDGE ( 'NONE', *, *, #9177, .F. ) ;
#5191 = ADVANCED_FACE ( 'NONE', ( #11314 ), #3151, .F. ) ;
#5192 = EDGE_CURVE ( 'NONE', #931, #6686, #9070, .T. ) ;
#5193 = EDGE_LOOP ( 'NONE', ( #10425, #10253, #6733, #10542 ) ) ;
#5194 = CARTESIAN_POINT ( 'NONE',  ( -4.347829632394716093, 2.695826928938495737, 0.3937007874015748254 ) ) ;
#5195 = FACE_OUTER_BOUND ( 'NONE', #11070, .T. ) ;
#5196 = CARTESIAN_POINT ( 'NONE',  ( 0.5905511811023621549, -13.59255054237553573, 0.3937007874015748254 ) ) ;
#5197 = FACE_OUTER_BOUND ( 'NONE', #4919, .T. ) ;
#5198 = CARTESIAN_POINT ( 'NONE',  ( 4.724409448818897239, 0.000000000000000000, -5.965761340813563685 ) ) ;
#5199 = DIRECTION ( 'NONE',  ( 0.000000000000000000, 0.000000000000000000, 1.000000000000000000 ) ) ;
#5200 = VECTOR ( 'NONE', #11063, 39.37007874015748143 ) ;
#5201 = LINE ( 'NONE', #6889, #7749 ) ;
#5202 = DIRECTION ( 'NONE',  ( -1.000000000000000000, 0.000000000000000000, -3.469446951953614189E-16 ) ) ;
#5203 = EDGE_CURVE ( 'NONE', #11704, #11323, #689, .T. ) ;
#5204 = CARTESIAN_POINT ( 'NONE',  ( 0.000000000000000000, 0.000000000000000000, 0.7874015748031496509 ) ) ;
#5205 = EDGE_LOOP ( 'NONE', ( #4925, #6305, #11385, #812 ) ) ;
#5206 = CARTESIAN_POINT ( 'NONE',  ( 5.118110236220536180, 1.131910836771825579, 4.638196495462627134 ) ) ;
#5207 = CARTESIAN_POINT ( 'NONE',  ( -3.299501261425538789, -10.04924345576135813, 0.3937007874015748254 ) ) ;
#5208 = CARTESIAN_POINT ( 'NONE',  ( 5.513862100310622516, -4.537432432139313576, 0.000000000000000000 ) ) ;
#5209 = VECTOR ( 'NONE', #543, 39.37007874015748143 ) ;
#5210 = EDGE_CURVE ( 'NONE', #2464, #7791, #3449, .T. ) ;
#5211 = DIRECTION ( 'NONE',  ( -1.000000000000000000, 0.000000000000000000, 0.000000000000000000 ) ) ;
#5212 = DIRECTION ( 'NONE',  ( 1.000000000000000000, 0.000000000000000000, 0.000000000000000000 ) ) ;
#5213 = ORIENTED_EDGE ( 'NONE', *, *, #8434, .F. ) ;
#5214 = ORIENTED_EDGE ( 'NONE', *, *, #9175, .T. ) ;
#5215 = DIRECTION ( 'NONE',  ( -0.000000000000000000, -0.000000000000000000, 1.000000000000000000 ) ) ;
#5216 = LINE ( 'NONE', #10580, #11172 ) ;
#5217 = VECTOR ( 'NONE', #180, 39.37007874015748143 ) ;
#5218 = LINE ( 'NONE', #655, #8453 ) ;
#5219 = FACE_OUTER_BOUND ( 'NONE', #1090, .T. ) ;
#5220 = ORIENTED_EDGE ( 'NONE', *, *, #993, .F. ) ;
#5221 = LINE ( 'NONE', #661, #2950 ) ;
#5222 = ORIENTED_EDGE ( 'NONE', *, *, #7515, .T. ) ;
#5223 = EDGE_CURVE ( 'NONE', #9675, #1519, #7179, .T. ) ;
#5224 = VECTOR ( 'NONE', #11416, 39.37007874015748143 ) ;
#5225 = CIRCLE ( 'NONE', #7713, 1.181102362204725420 ) ;
#5226 = DIRECTION ( 'NONE',  ( -0.000000000000000000, -1.000000000000000000, -0.000000000000000000 ) ) ;
#5227 = ORIENTED_EDGE ( 'NONE', *, *, #8720, .F. ) ;
#5228 = EDGE_CURVE ( 'NONE', #11452, #11137, #3216, .T. ) ;
#5229 = LINE ( 'NONE', #5910, #7734 ) ;
#5230 = ORIENTED_EDGE ( 'NONE', *, *, #7661, .F. ) ;
#5231 = CARTESIAN_POINT ( 'NONE',  ( 0.5905511811023621549, 4.517685678096908575, 0.3937007874015748254 ) ) ;
#5232 = CARTESIAN_POINT ( 'NONE',  ( -3.693202048827119999, -10.44294424316293224, 0.3937007874015748254 ) ) ;
#5233 = ORIENTED_EDGE ( 'NONE', *, *, #4286, .T. ) ;
#5234 = LINE ( 'NONE', #2420, #4855 ) ;
#5235 = EDGE_CURVE ( 'NONE', #1435, #1570, #6883, .T. ) ;
#5236 = VECTOR ( 'NONE', #5552, 39.37007874015748143 ) ;
#5237 = DIRECTION ( 'NONE',  ( 1.000000000000000000, 0.000000000000000000, 0.000000000000000000 ) ) ;
#5238 = ORIENTED_EDGE ( 'NONE', *, *, #10051, .T. ) ;
#5239 = EDGE_CURVE ( 'NONE', #10576, #1053, #1413, .T. ) ;
#5240 = DIRECTION ( 'NONE',  ( 1.000000000000000000, 2.775557561562892929E-15, -0.000000000000000000 ) ) ;
#5241 = CARTESIAN_POINT ( 'NONE',  ( 0.5905511811023621549, -12.41144818017080986, 0.3937007874015748254 ) ) ;
#5242 = EDGE_LOOP ( 'NONE', ( #11280, #5585, #2404, #6497 ) ) ;
#5243 = VECTOR ( 'NONE', #10295, 39.37007874015748143 ) ;
#5244 = EDGE_LOOP ( 'NONE', ( #5220, #6311 ) ) ;
#5245 = AXIS2_PLACEMENT_3D ( 'NONE', #9299, #1096, #1607 ) ;
#5246 = CARTESIAN_POINT ( 'NONE',  ( -4.078179144149599367, -0.6432185497264709673, 0.000000000000000000 ) ) ;
#5247 = DIRECTION ( 'NONE',  ( 3.559243557031707296E-15, -1.000000000000000000, 0.000000000000000000 ) ) ;
#5248 = FILL_AREA_STYLE_COLOUR ( '', #4908 ) ;
#5249 = EDGE_CURVE ( 'NONE', #2639, #10339, #739, .T. ) ;
#5250 = DIRECTION ( 'NONE',  ( -4.163336342344338506E-16, -1.000000000000000000, 0.000000000000000000 ) ) ;
#5251 = PRESENTATION_LAYER_ASSIGNMENT (  '', '', ( #8115 ) ) ;
#5252 = DIRECTION ( 'NONE',  ( 1.000000000000000000, -0.000000000000000000, -0.000000000000000000 ) ) ;
#5253 = CIRCLE ( 'NONE', #10199, 0.5905511811023627100 ) ;
#5254 = EDGE_CURVE ( 'NONE', #7477, #679, #853, .T. ) ;
#5255 = CARTESIAN_POINT ( 'NONE',  ( -4.471879931551174359, -0.6432185497264709673, 0.000000000000000000 ) ) ;
#5256 = ORIENTED_EDGE ( 'NONE', *, *, #5590, .F. ) ;
#5257 = CARTESIAN_POINT ( 'NONE',  ( 2.467341395385281633, 3.336583315892183155, 0.7874015748031496509 ) ) ;
#5258 = CYLINDRICAL_SURFACE ( 'NONE', #11152, 0.1968503937007875793 ) ;
#5259 = CIRCLE ( 'NONE', #11712, 1.181102362204725420 ) ;
#5260 = MECHANICAL_DESIGN_GEOMETRIC_PRESENTATION_REPRESENTATION (  '', ( #3745 ), #2970 ) ;
#5261 = VECTOR ( 'NONE', #6163, 39.37007874015748143 ) ;
#5262 = DIRECTION ( 'NONE',  ( 1.000000000000000000, 0.000000000000000000, 0.000000000000000000 ) ) ;
#5263 = ORIENTED_EDGE ( 'NONE', *, *, #9590, .F. ) ;
#5264 = DIRECTION ( 'NONE',  ( 0.000000000000000000, -1.000000000000000000, 0.000000000000000000 ) ) ;
#5265 = AXIS2_PLACEMENT_3D ( 'NONE', #4349, #2482, #5135 ) ;
#5266 = DIRECTION ( 'NONE',  ( 0.000000000000000000, 0.000000000000000000, -1.000000000000000000 ) ) ;
#5267 = VERTEX_POINT ( 'NONE', #9657 ) ;
#5268 = DIRECTION ( 'NONE',  ( -0.000000000000000000, 1.000000000000000000, -0.000000000000000000 ) ) ;
#5269 = VERTEX_POINT ( 'NONE', #2534 ) ;
#5270 = VECTOR ( 'NONE', #4825, 39.37007874015748143 ) ;
#5271 = VECTOR ( 'NONE', #5358, 39.37007874015748854 ) ;
#5272 = EDGE_CURVE ( 'NONE', #2169, #6461, #515, .T. ) ;
#5273 = CARTESIAN_POINT ( 'NONE',  ( 2.952755905511811108, 2.155480953687459067, 0.3937007874015748254 ) ) ;
#5274 = AXIS2_PLACEMENT_3D ( 'NONE', #2587, #2706, #6309 ) ;
#5275 = LINE ( 'NONE', #7851, #9053 ) ;
#5276 = LINE ( 'NONE', #4315, #9429 ) ;
#5277 = VECTOR ( 'NONE', #10655, 39.37007874015748143 ) ;
#5278 = CIRCLE ( 'NONE', #10411, 0.1968503937007874127 ) ;
#5279 = EDGE_LOOP ( 'NONE', ( #1702, #9069, #8026, #3569 ) ) ;
#5280 = FACE_OUTER_BOUND ( 'NONE', #6898, .T. ) ;
#5281 = DIRECTION ( 'NONE',  ( 1.000000000000000000, 0.000000000000000000, 0.000000000000000000 ) ) ;
#5282 = FACE_OUTER_BOUND ( 'NONE', #10251, .T. ) ;
#5283 = DIRECTION ( 'NONE',  ( -0.000000000000000000, 1.000000000000000000, -0.000000000000000000 ) ) ;
#5284 = ORIENTED_EDGE ( 'NONE', *, *, #4332, .T. ) ;
#5285 = DIRECTION ( 'NONE',  ( 1.000000000000000000, 0.000000000000000000, 0.000000000000000000 ) ) ;
#5286 = CIRCLE ( 'NONE', #8718, 0.1968503937007875793 ) ;
#5287 = FACE_BOUND ( 'NONE', #9700, .T. ) ;
#5288 = ORIENTED_EDGE ( 'NONE', *, *, #7133, .F. ) ;
#5289 = MECHANICAL_DESIGN_GEOMETRIC_PRESENTATION_REPRESENTATION (  '', ( #2043 ), #3575 ) ;
#5290 = CARTESIAN_POINT ( 'NONE',  ( -4.361834186902580512, 2.352331347388246119, 0.000000000000000000 ) ) ;
#5291 = ORIENTED_EDGE ( 'NONE', *, *, #5994, .T. ) ;
#5292 = DIRECTION ( 'NONE',  ( -0.000000000000000000, -0.000000000000000000, -1.000000000000000000 ) ) ;
#5293 = LINE ( 'NONE', #10999, #2995 ) ;
#5294 = ORIENTED_EDGE ( 'NONE', *, *, #6460, .F. ) ;
#5295 = ADVANCED_FACE ( 'NONE', ( #4169 ), #7101, .T. ) ;
#5296 = DIRECTION ( 'NONE',  ( 1.156482317317871478E-16, -1.000000000000000000, 0.000000000000000000 ) ) ;
#5297 = CARTESIAN_POINT ( 'NONE',  ( -0.5905511811023621549, -13.59255054237553573, 0.3937007874015748254 ) ) ;
#5298 = DIMENSIONAL_EXPONENTS ( 1.000000000000000000, 0.000000000000000000, 0.000000000000000000, 0.000000000000000000, 0.000000000000000000, 0.000000000000000000, 0.000000000000000000 ) ;
#5299 = ORIENTED_EDGE ( 'NONE', *, *, #3847, .F. ) ;
#5300 = EDGE_CURVE ( 'NONE', #9214, #508, #10707, .T. ) ;
#5301 = ORIENTED_EDGE ( 'NONE', *, *, #9203, .F. ) ;
#5302 = CARTESIAN_POINT ( 'NONE',  ( 5.179553741579351112, 7.874015748031496287, 7.445930726915715780 ) ) ;
#5303 = DIRECTION ( 'NONE',  ( -0.000000000000000000, 1.000000000000000000, -0.000000000000000000 ) ) ;
#5304 = CARTESIAN_POINT ( 'NONE',  ( 32.70451468969285003, 30.77826265357215618, 51.92218493936311319 ) ) ;
#5305 = VERTEX_POINT ( 'NONE', #6157 ) ;
#5306 = EDGE_CURVE ( 'NONE', #4680, #3523, #4231, .T. ) ;
#5307 = ORIENTED_EDGE ( 'NONE', *, *, #11298, .T. ) ;
#5308 = DIRECTION ( 'NONE',  ( 0.000000000000000000, 0.000000000000000000, 1.000000000000000000 ) ) ;
#5309 = EDGE_CURVE ( 'NONE', #685, #116, #11599, .T. ) ;
#5310 = CARTESIAN_POINT ( 'NONE',  ( 3.456684561203211992, 0.01986406393673362594, 0.3937007874015748254 ) ) ;
#5311 = CARTESIAN_POINT ( 'NONE',  ( -3.192102363848783320, 3.937007874015748143, -7.897707860576850258 ) ) ;
#5312 = FACE_BOUND ( 'NONE', #2047, .T. ) ;
#5313 = LINE ( 'NONE', #8951, #9818 ) ;
#5314 = ORIENTED_EDGE ( 'NONE', *, *, #2545, .F. ) ;
#5315 = CARTESIAN_POINT ( 'NONE',  ( -2.858207359010676019, -2.698702213475664191, 0.7874015748031496509 ) ) ;
#5316 = EDGE_LOOP ( 'NONE', ( #10621, #3670 ) ) ;
#5317 = DIRECTION ( 'NONE',  ( 0.000000000000000000, 1.000000000000000000, 0.000000000000000000 ) ) ;
#5318 = LINE ( 'NONE', #6279, #6414 ) ;
#5319 = EDGE_LOOP ( 'NONE', ( #4463, #5606, #3784, #5477 ) ) ;
#5320 = EDGE_CURVE ( 'NONE', #7935, #5267, #662, .T. ) ;
#5321 = DIRECTION ( 'NONE',  ( 1.387778780781446464E-15, -1.000000000000000000, -0.000000000000000000 ) ) ;
#5322 = ORIENTED_EDGE ( 'NONE', *, *, #10115, .F. ) ;
#5323 = ADVANCED_FACE ( 'NONE', ( #11489 ), #9714, .T. ) ;
#5324 = FACE_OUTER_BOUND ( 'NONE', #8544, .T. ) ;
#5325 = DIRECTION ( 'NONE',  ( -0.000000000000000000, -0.000000000000000000, 1.000000000000000000 ) ) ;
#5326 = DIRECTION ( 'NONE',  ( 0.000000000000000000, 0.000000000000000000, 1.000000000000000000 ) ) ;
#5327 = VERTEX_POINT ( 'NONE', #5194 ) ;
#5328 = CARTESIAN_POINT ( 'NONE',  ( 7.086614173228347191, 0.000000000000000000, 0.5905511811023629321 ) ) ;
#5329 = DIRECTION ( 'NONE',  ( -0.9367259886217318421, 0.000000000000000000, 0.3500634545916481155 ) ) ;
#5331 = VECTOR ( 'NONE', #4610, 39.37007874015748143 ) ;
#5330 = DIRECTION ( 'NONE',  ( 0.000000000000000000, -1.000000000000000000, 0.000000000000000000 ) ) ;
#5332 = ORIENTED_EDGE ( 'NONE', *, *, #10388, .F. ) ;
#5333 = EDGE_CURVE ( 'NONE', #11531, #138, #8832, .T. ) ;
#5334 = CARTESIAN_POINT ( 'NONE',  ( -7.086614173228347191, -0.3937007874015748254, -0.5905511811023614888 ) ) ;
#5335 = LINE ( 'NONE', #8977, #1075 ) ;
#5336 = LINE ( 'NONE', #8978, #8457 ) ;
#5337 = CARTESIAN_POINT ( 'NONE',  ( 3.740157480314960647, 1.683040008805569476, 0.3937007874015748254 ) ) ;
#5338 = ORIENTED_EDGE ( 'NONE', *, *, #2015, .T. ) ;
#5339 = LINE ( 'NONE', #5396, #3338 ) ;
#5340 = VERTEX_POINT ( 'NONE', #7044 ) ;
#5341 = ORIENTED_EDGE ( 'NONE', *, *, #9068, .F. ) ;
#5342 = PRESENTATION_LAYER_ASSIGNMENT (  '', '', ( #7060 ) ) ;
#5343 = LINE ( 'NONE', #7864, #10914 ) ;
#5344 = ORIENTED_EDGE ( 'NONE', *, *, #2822, .F. ) ;
#5345 = ORIENTED_EDGE ( 'NONE', *, *, #4170, .F. ) ;
#5346 = DIRECTION ( 'NONE',  ( 0.000000000000000000, -1.000000000000000000, 0.000000000000000000 ) ) ;
#5347 = LINE ( 'NONE', #7399, #9287 ) ;
#5348 = AXIS2_PLACEMENT_3D ( 'NONE', #1644, #5247, #9003 ) ;
#5349 = VERTEX_POINT ( 'NONE', #10660 ) ;
#5350 = VECTOR ( 'NONE', #11250, 39.37007874015748143 ) ;
#5351 = CARTESIAN_POINT ( 'NONE',  ( -5.027737059701961719, 0.2902986957992438888, 5.091347014263333470 ) ) ;
#5352 = CARTESIAN_POINT ( 'NONE',  ( -2.858207359010676019, -2.698702213475664191, 0.3937007874015748254 ) ) ;
#5353 = VERTEX_POINT ( 'NONE', #1582 ) ;
#5354 = VECTOR ( 'NONE', #10989, 39.37007874015748143 ) ;
#5355 = CARTESIAN_POINT ( 'NONE',  ( 0.000000000000000000, 0.000000000000000000, 0.7874015748031496509 ) ) ;
#5356 = EDGE_CURVE ( 'NONE', #4377, #406, #10213, .T. ) ;
#5357 = EDGE_CURVE ( 'NONE', #237, #1430, #8229, .T. ) ;
#5358 = DIRECTION ( 'NONE',  ( -0.8574929257125443183, 0.5144957554275262357, -0.000000000000000000 ) ) ;
#5359 =( LENGTH_UNIT ( ) NAMED_UNIT ( * ) SI_UNIT ( $, .METRE. ) );
#5360 = VERTEX_POINT ( 'NONE', #2661 ) ;
#5361 = SURFACE_STYLE_USAGE ( .BOTH. , #4241 ) ;
#5362 = ORIENTED_EDGE ( 'NONE', *, *, #9813, .F. ) ;
#5363 = CARTESIAN_POINT ( 'NONE',  ( 4.184668832571873942, -5.521684400643250612, 0.000000000000000000 ) ) ;
#5364 = LINE ( 'NONE', #6456, #7190 ) ;
#5365 = FACE_OUTER_BOUND ( 'NONE', #9733, .T. ) ;
#5366 = LINE ( 'NONE', #4637, #6251 ) ;
#5367 = VECTOR ( 'NONE', #6050, 39.37007874015748143 ) ;
#5368 = DIRECTION ( 'NONE',  ( 0.000000000000000000, 0.000000000000000000, -1.000000000000000000 ) ) ;
#5369 = CARTESIAN_POINT ( 'NONE',  ( 2.464506571609101471, -6.438859693790625727, 0.7874015748031496509 ) ) ;
#5370 = ORIENTED_EDGE ( 'NONE', *, *, #1925, .F. ) ;
#5371 = EDGE_CURVE ( 'NONE', #10694, #2150, #1752, .T. ) ;
#5372 = EDGE_CURVE ( 'NONE', #1001, #7905, #10395, .T. ) ;
#5373 = VERTEX_POINT ( 'NONE', #10829 ) ;
#5374 = LINE ( 'NONE', #2616, #9269 ) ;
#5375 = CARTESIAN_POINT ( 'NONE',  ( -5.905511811023623103, 0.000000000000000000, 0.5905511811023624880 ) ) ;
#5376 = VERTEX_POINT ( 'NONE', #1817 ) ;
#5377 = ORIENTED_EDGE ( 'NONE', *, *, #7281, .F. ) ;
#5378 = FACE_OUTER_BOUND ( 'NONE', #2236, .T. ) ;
#5379 = ORIENTED_EDGE ( 'NONE', *, *, #1633, .F. ) ;
#5380 = DIRECTION ( 'NONE',  ( 0.000000000000000000, 0.000000000000000000, -1.000000000000000000 ) ) ;
#5381 = LINE ( 'NONE', #10970, #11050 ) ;
#5382 = CARTESIAN_POINT ( 'NONE',  ( 5.016213874479740653, 0.000000000000000000, 5.118110236220515752 ) ) ;
#5383 = ORIENTED_EDGE ( 'NONE', *, *, #2880, .F. ) ;
#5384 = PRODUCT_DEFINITION_CONTEXT ( 'detailed design', #10501, 'design' ) ;
#5385 = ADVANCED_FACE ( 'NONE', ( #5610 ), #9184, .T. ) ;
#5386 = EDGE_CURVE ( 'NONE', #11737, #7485, #10059, .T. ) ;
#5387 = LINE ( 'NONE', #11624, #3950 ) ;
#5388 = CARTESIAN_POINT ( 'NONE',  ( -0.1968503937007875237, 0.8331594030294345865, 0.7874015748031496509 ) ) ;
#5389 = CARTESIAN_POINT ( 'NONE',  ( -4.361834186902580512, -3.553180463635376096, 0.000000000000000000 ) ) ;
#5390 = ORIENTED_EDGE ( 'NONE', *, *, #7928, .F. ) ;
#5391 = CARTESIAN_POINT ( 'NONE',  ( 4.392152166776199351, 9.055118110236220375, 8.233332301718865764 ) ) ;
#5392 = CARTESIAN_POINT ( 'NONE',  ( 5.905511811023560043, -8.668972124862862985E-16, 3.543307086614220225 ) ) ;
#5393 = DIRECTION ( 'NONE',  ( -0.000000000000000000, -0.000000000000000000, -1.000000000000000000 ) ) ;
#5394 = CARTESIAN_POINT ( 'NONE',  ( 4.785852954177781449, 8.267716535433070391, 7.445930726915714004 ) ) ;
#5395 = ORIENTED_EDGE ( 'NONE', *, *, #10026, .F. ) ;
#5396 = CARTESIAN_POINT ( 'NONE',  ( 4.361834186902583177, -3.553180463635375208, 0.000000000000000000 ) ) ;
#5397 = ORIENTED_EDGE ( 'NONE', *, *, #10630, .F. ) ;
#5398 = ADVANCED_FACE ( 'NONE', ( #4456 ), #1039, .F. ) ;
#5399 = EDGE_CURVE ( 'NONE', #185, #9888, #7410, .T. ) ;
#5400 = DIRECTION ( 'NONE',  ( 0.000000000000000000, 0.000000000000000000, 1.000000000000000000 ) ) ;
#5401 = VERTEX_POINT ( 'NONE', #5420 ) ;
#5402 = VECTOR ( 'NONE', #7076, 39.37007874015748143 ) ;
#5403 = VERTEX_POINT ( 'NONE', #5495 ) ;
#5404 = DIRECTION ( 'NONE',  ( 0.000000000000000000, -0.000000000000000000, 1.000000000000000000 ) ) ;
#5405 = CARTESIAN_POINT ( 'NONE',  ( -4.783372228692590156, 3.149606299212599492, 5.462010897581293989 ) ) ;
#5406 = ORIENTED_EDGE ( 'NONE', *, *, #2347, .F. ) ;
#5407 = CARTESIAN_POINT ( 'NONE',  ( -5.025776480878524133, 0.2641674244625235590, 5.096022556275761950 ) ) ;
#5408 = FACE_OUTER_BOUND ( 'NONE', #383, .T. ) ;
#5409 = VERTEX_POINT ( 'NONE', #7227 ) ;
#5410 = VECTOR ( 'NONE', #10214, 39.37007874015748143 ) ;
#5411 = EDGE_CURVE ( 'NONE', #6365, #7238, #4634, .T. ) ;
#5412 = CARTESIAN_POINT ( 'NONE',  ( 3.549822394964751382, 3.149606299212599492, -7.374193064736720871 ) ) ;
#5413 = CARTESIAN_POINT ( 'NONE',  ( -4.716527080888250900, 0.008763934312793491763, 0.000000000000000000 ) ) ;
#5414 = DIRECTION ( 'NONE',  ( -6.982962677686266711E-15, -1.000000000000000000, 1.047444401652944740E-14 ) ) ;
#5415 = ORIENTED_EDGE ( 'NONE', *, *, #1851, .T. ) ;
#5416 = AXIS2_PLACEMENT_3D ( 'NONE', #10643, #2463, #4328 ) ;
#5417 = EDGE_LOOP ( 'NONE', ( #6805, #9557, #2945, #222 ) ) ;
#5418 = DIRECTION ( 'NONE',  ( -1.000000000000000000, -1.156482317317871478E-16, 0.000000000000000000 ) ) ;
#5419 = UNCERTAINTY_MEASURE_WITH_UNIT (LENGTH_MEASURE( 1.000000000000000082E-05 ), #5002, 'distance_accuracy_value', 'NONE');
#5420 = CARTESIAN_POINT ( 'NONE',  ( -1.258335327127414915, 7.480314960629921295, 0.1482536524622696250 ) ) ;
#5421 = AXIS2_PLACEMENT_3D ( 'NONE', #8348, #149, #2780 ) ;
#5422 = CARTESIAN_POINT ( 'NONE',  ( 0.000000000000000000, 0.000000000000000000, 0.7874015748031496509 ) ) ;
#5423 = CARTESIAN_POINT ( 'NONE',  ( -2.952755905511811108, -12.41144818017080986, 0.000000000000000000 ) ) ;
#5424 = DIRECTION ( 'NONE',  ( -1.000000000000000000, 0.000000000000000000, 1.966319083971647568E-16 ) ) ;
#5425 = EDGE_CURVE ( 'NONE', #3244, #10743, #10946, .T. ) ;
#5426 = CARTESIAN_POINT ( 'NONE',  ( -3.693202048827115558, -2.568928495131439060, 0.3937007874015748254 ) ) ;
#5427 = ORIENTED_EDGE ( 'NONE', *, *, #4359, .F. ) ;
#5428 = CIRCLE ( 'NONE', #8481, 1.181102362204724310 ) ;
#5429 = DIRECTION ( 'NONE',  ( -0.000000000000000000, 1.000000000000000000, -0.000000000000000000 ) ) ;
#5430 = AXIS2_PLACEMENT_3D ( 'NONE', #6806, #1214, #3138 ) ;
#5431 = ORIENTED_EDGE ( 'NONE', *, *, #3974, .T. ) ;
#5432 = ORIENTED_EDGE ( 'NONE', *, *, #6625, .F. ) ;
#5433 = FACE_OUTER_BOUND ( 'NONE', #11525, .T. ) ;
#5434 = CARTESIAN_POINT ( 'NONE',  ( -7.232166136696951570E-17, -13.00199936127317279, 0.000000000000000000 ) ) ;
#5435 = ORIENTED_EDGE ( 'NONE', *, *, #4812, .F. ) ;
#5436 = VECTOR ( 'NONE', #83, 39.37007874015748854 ) ;
#5437 = VERTEX_POINT ( 'NONE', #796 ) ;
#5438 = DIRECTION ( 'NONE',  ( -1.000000000000000000, -0.000000000000000000, -0.000000000000000000 ) ) ;
#5439 = AXIS2_PLACEMENT_3D ( 'NONE', #2868, #1725, #11751 ) ;
#5440 = ORIENTED_EDGE ( 'NONE', *, *, #4631, .F. ) ;
#5441 = AXIS2_PLACEMENT_3D ( 'NONE', #10807, #6432, #11693 ) ;
#5442 = CARTESIAN_POINT ( 'NONE',  ( -4.591619688868615157, 9.055118110236220375, 7.577239534397965492 ) ) ;
#5443 = CARTESIAN_POINT ( 'NONE',  ( -3.693202048827115558, -2.175227707729864512, 0.7874015748031496509 ) ) ;
#5444 = EDGE_CURVE ( 'NONE', #1468, #3545, #7948, .T. ) ;
#5445 = ORIENTED_EDGE ( 'NONE', *, *, #6916, .F. ) ;
#5446 = DIRECTION ( 'NONE',  ( -0.000000000000000000, 1.000000000000000000, 0.000000000000000000 ) ) ;
#5447 = ORIENTED_EDGE ( 'NONE', *, *, #11355, .T. ) ;
#5448 = CIRCLE ( 'NONE', #7560, 0.08858267716535440928 ) ;
#5449 = ADVANCED_FACE ( 'NONE', ( #9061 ), #866, .T. ) ;
#5450 = EDGE_CURVE ( 'NONE', #984, #449, #8283, .T. ) ;
#5451 = ADVANCED_FACE ( 'NONE', ( #10882 ), #2718, .F. ) ;
#5452 = STYLED_ITEM ( 'NONE', ( #10878 ), #10134 ) ;
#5453 = AXIS2_PLACEMENT_3D ( 'NONE', #3527, #4364, #10020 ) ;
#5454 = FACE_OUTER_BOUND ( 'NONE', #11337, .T. ) ;
#5455 = DIRECTION ( 'NONE',  ( -0.000000000000000000, -1.000000000000000000, -0.000000000000000000 ) ) ;
#5456 = AXIS2_PLACEMENT_3D ( 'NONE', #11379, #3997, #2020 ) ;
#5457 = CARTESIAN_POINT ( 'NONE',  ( -0.5905511811023621549, -0.3937007874015748254, 9.055118110236220375 ) ) ;
#5458 = EDGE_CURVE ( 'NONE', #8485, #5349, #9002, .T. ) ;
#5459 = VERTEX_POINT ( 'NONE', #2781 ) ;
#5460 = DIRECTION ( 'NONE',  ( -0.000000000000000000, -0.000000000000000000, -1.000000000000000000 ) ) ;
#5461 = DIRECTION ( 'NONE',  ( -3.469446951953614189E-17, 1.000000000000000000, -0.000000000000000000 ) ) ;
#5462 = CYLINDRICAL_SURFACE ( 'NONE', #2914, 0.3937007874015751585 ) ;
#5463 = CARTESIAN_POINT ( 'NONE',  ( 3.560428057591566997, -12.24313273809901048, 0.000000000000000000 ) ) ;
#5464 = EDGE_CURVE ( 'NONE', #9014, #201, #5364, .T. ) ;
#5465 = VECTOR ( 'NONE', #632, 39.37007874015748143 ) ;
#5467 = VERTEX_POINT ( 'NONE', #5553 ) ;
#5466 = AXIS2_PLACEMENT_3D ( 'NONE', #3403, #10219, #3517 ) ;
#5468 = LINE ( 'NONE', #902, #10571 ) ;
#5469 = VERTEX_POINT ( 'NONE', #2841 ) ;
#5470 = CIRCLE ( 'NONE', #10968, 1.181102362204724310 ) ;
#5471 =( GEOMETRIC_REPRESENTATION_CONTEXT ( 3 ) GLOBAL_UNCERTAINTY_ASSIGNED_CONTEXT ( ( #7226 ) ) GLOBAL_UNIT_ASSIGNED_CONTEXT ( ( #735, #7990, #3619 ) ) REPRESENTATION_CONTEXT ( 'NONE', 'WORKASPACE' ) );
#5472 = AXIS2_PLACEMENT_3D ( 'NONE', #9619, #3183, #7850 ) ;
#5473 = AXIS2_PLACEMENT_3D ( 'NONE', #5922, #10487, #5132 ) ;
#5474 = CARTESIAN_POINT ( 'NONE',  ( 6.496062992125987812, 0.000000000000000000, 1.591076550073333536E-15 ) ) ;
#5475 = VERTEX_POINT ( 'NONE', #6512 ) ;
#5476 = EDGE_CURVE ( 'NONE', #3588, #2464, #203, .T. ) ;
#5477 = ORIENTED_EDGE ( 'NONE', *, *, #9985, .T. ) ;
#5478 = DIRECTION ( 'NONE',  ( 0.000000000000000000, -1.000000000000000000, 0.000000000000000000 ) ) ;
#5479 = CIRCLE ( 'NONE', #9470, 0.1968503937007874127 ) ;
#5480 = LINE ( 'NONE', #9920, #7765 ) ;
#5481 = ORIENTED_EDGE ( 'NONE', *, *, #8409, .F. ) ;
#5482 = EDGE_CURVE ( 'NONE', #975, #444, #322, .T. ) ;
#5483 = ORIENTED_EDGE ( 'NONE', *, *, #843, .F. ) ;
#5484 = CARTESIAN_POINT ( 'NONE',  ( -5.038588462379455457, 0.4195214971068888521, 5.064866326136850283 ) ) ;
#5485 = DIRECTION ( 'NONE',  ( -0.9367259886217343956, 0.000000000000000000, 0.3500634545916417872 ) ) ;
#5486 = AXIS2_PLACEMENT_3D ( 'NONE', #4546, #2689, #891 ) ;
#5487 = VECTOR ( 'NONE', #7945, 39.37007874015748143 ) ;
#5488 = DIRECTION ( 'NONE',  ( -0.000000000000000000, -1.000000000000000000, -0.000000000000000000 ) ) ;
#5489 = CARTESIAN_POINT ( 'NONE',  ( -3.693202048827115558, -2.568928495131439060, 0.3937007874015748254 ) ) ;
#5490 = DIRECTION ( 'NONE',  ( 1.000000000000000000, -6.982962677686194135E-15, 6.982962677686266711E-15 ) ) ;
#5491 = ORIENTED_EDGE ( 'NONE', *, *, #2990, .F. ) ;
#5492 = SURFACE_STYLE_FILL_AREA ( #6944 ) ;
#5493 = ORIENTED_EDGE ( 'NONE', *, *, #6413, .F. ) ;
#5494 = LINE ( 'NONE', #10828, #7345 ) ;
#5495 = CARTESIAN_POINT ( 'NONE',  ( -2.467341395385280300, -12.41144818017080986, 0.3937007874015748254 ) ) ;
#5496 = EDGE_CURVE ( 'NONE', #2800, #1670, #150, .T. ) ;
#5497 = PLANE ( 'NONE',  #2669 ) ;
#5498 = CARTESIAN_POINT ( 'NONE',  ( -1.258335327127414915, 7.874015748031496287, -0.04859674123851779465 ) ) ;
#5499 = CIRCLE ( 'NONE', #9487, 1.181102362204724310 ) ;
#5500 = FACE_OUTER_BOUND ( 'NONE', #10363, .T. ) ;
#5501 = ORIENTED_EDGE ( 'NONE', *, *, #3580, .F. ) ;
#5502 = DIRECTION ( 'NONE',  ( -1.000000000000000000, -0.000000000000000000, -0.000000000000000000 ) ) ;
#5503 = ORIENTED_EDGE ( 'NONE', *, *, #11761, .T. ) ;
#5504 = ORIENTED_EDGE ( 'NONE', *, *, #5829, .T. ) ;
#5505 = CARTESIAN_POINT ( 'NONE',  ( -4.322826293486675908, -1.295201033765735366, 0.3937007874015748254 ) ) ;
#5506 = CARTESIAN_POINT ( 'NONE',  ( -3.299501261425538789, -6.899637156548763528, 0.7874015748031496509 ) ) ;
#5507 = ORIENTED_EDGE ( 'NONE', *, *, #2693, .T. ) ;
#5508 = ORIENTED_EDGE ( 'NONE', *, *, #5965, .T. ) ;
#5509 = CARTESIAN_POINT ( 'NONE',  ( 4.921259842519688732, -10.44294424316293224, 0.3937007874015748254 ) ) ;
#5510 = ORIENTED_EDGE ( 'NONE', *, *, #3914, .T. ) ;
#5511 = CARTESIAN_POINT ( 'NONE',  ( -5.118110236220536180, -8.668972124862862985E-16, 3.543307086614168711 ) ) ;
#5512 = ORIENTED_EDGE ( 'NONE', *, *, #8928, .T. ) ;
#5513 = CARTESIAN_POINT ( 'NONE',  ( -3.560428057591566997, 3.168267873820385105, 0.000000000000000000 ) ) ;
#5514 = ORIENTED_EDGE ( 'NONE', *, *, #1757, .F. ) ;
#5515 = CARTESIAN_POINT ( 'NONE',  ( -3.740157480314960647, 1.683040008805569476, 0.3937007874015748254 ) ) ;
#5516 = ORIENTED_EDGE ( 'NONE', *, *, #10909, .F. ) ;
#5517 = ORIENTED_EDGE ( 'NONE', *, *, #3263, .F. ) ;
#5518 = LINE ( 'NONE', #10851, #1829 ) ;
#5519 = ADVANCED_FACE ( 'NONE', ( #6808 ), #8574, .T. ) ;
#5520 = DIRECTION ( 'NONE',  ( 1.000000000000000000, 0.000000000000000000, 0.000000000000000000 ) ) ;
#5521 = LINE ( 'NONE', #9850, #8483 ) ;
#5522 = CYLINDRICAL_SURFACE ( 'NONE', #6606, 0.1968503937007875793 ) ;
#5523 = ORIENTED_EDGE ( 'NONE', *, *, #7592, .T. ) ;
#5524 = FACE_BOUND ( 'NONE', #1339, .T. ) ;
#5525 = CARTESIAN_POINT ( 'NONE',  ( 0.5905511811023621549, -13.59255054237553573, 0.000000000000000000 ) ) ;
#5526 = EDGE_CURVE ( 'NONE', #3676, #688, #291, .T. ) ;
#5527 = DIRECTION ( 'NONE',  ( 0.000000000000000000, 0.000000000000000000, -1.000000000000000000 ) ) ;
#5528 = CARTESIAN_POINT ( 'NONE',  ( -4.923310919208258696, -6.505936369147188536, 0.3937007874015748254 ) ) ;
#5529 = VERTEX_POINT ( 'NONE', #8524 ) ;
#5530 = CARTESIAN_POINT ( 'NONE',  ( 5.116257744078093417, 1.056101388922972895, 4.712691891064698879 ) ) ;
#5532 = EDGE_LOOP ( 'NONE', ( #9346, #4432 ) ) ;
#5531 = PRODUCT_DEFINITION_SHAPE ( 'NONE', 'NONE',  #11021 ) ;
#5533 = ADVANCED_FACE ( 'NONE', ( #7464 ), #3809, .F. ) ;
#5534 = VECTOR ( 'NONE', #10506, 39.37007874015748143 ) ;
#5535 = EDGE_CURVE ( 'NONE', #8003, #11079, #4037, .T. ) ;
#5536 = CARTESIAN_POINT ( 'NONE',  ( -4.273251509737226783, -5.521684400643249724, 0.000000000000000000 ) ) ;
#5537 = ORIENTED_EDGE ( 'NONE', *, *, #5223, .F. ) ;
#5538 = VERTEX_POINT ( 'NONE', #3983 ) ;
#5539 = CARTESIAN_POINT ( 'NONE',  ( 0.1968503937007882731, -7.034450261923434589, 0.7874015748031496509 ) ) ;
#5540 = LINE ( 'NONE', #11768, #4700 ) ;
#5541 = VERTEX_POINT ( 'NONE', #7694 ) ;
#5542 = CARTESIAN_POINT ( 'NONE',  ( -5.118110236220535292, 1.131910836771779838, 4.638196495462627134 ) ) ;
#5543 = COLOUR_RGB ( '',0.7921568627450980005, 0.8196078431372548767, 0.9333333333333333481 ) ;
#5544 = CARTESIAN_POINT ( 'NONE',  ( -4.591619688868615157, 9.448818897637794478, 7.577239534397965492 ) ) ;
#5545 = ADVANCED_FACE ( 'NONE', ( #11064 ), #10245, .F. ) ;
#5546 = EDGE_CURVE ( 'NONE', #984, #2548, #5088, .T. ) ;
#5547 = CYLINDRICAL_SURFACE ( 'NONE', #7771, 0.1968503937007875793 ) ;
#5548 = ORIENTED_EDGE ( 'NONE', *, *, #673, .F. ) ;
#5549 = VECTOR ( 'NONE', #5283, 39.37007874015748143 ) ;
#5550 = LINE ( 'NONE', #9430, #8500 ) ;
#5551 = ORIENTED_EDGE ( 'NONE', *, *, #8757, .T. ) ;
#5552 = DIRECTION ( 'NONE',  ( -0.000000000000000000, -1.000000000000000000, -0.000000000000000000 ) ) ;
#5553 = CARTESIAN_POINT ( 'NONE',  ( -4.921259842519685179, -10.75790487308419685, 0.000000000000000000 ) ) ;
#5554 = DIRECTION ( 'NONE',  ( -0.000000000000000000, -0.000000000000000000, -1.000000000000000000 ) ) ;
#5555 = CARTESIAN_POINT ( 'NONE',  ( 4.273251509737226783, 2.352331347388247451, 0.000000000000000000 ) ) ;
#5556 = ORIENTED_EDGE ( 'NONE', *, *, #2804, .T. ) ;
#5557 = CIRCLE ( 'NONE', #5175, 1.181102362204724976 ) ;
#5558 = CIRCLE ( 'NONE', #366, 1.181102362204725420 ) ;
#5559 = LINE ( 'NONE', #9191, #97 ) ;
#5560 = ORIENTED_EDGE ( 'NONE', *, *, #4652, .T. ) ;
#5561 = ORIENTED_EDGE ( 'NONE', *, *, #5386, .F. ) ;
#5562 = EDGE_CURVE ( 'NONE', #10346, #9072, #2900, .T. ) ;
#5563 = DIRECTION ( 'NONE',  ( 0.000000000000000000, 1.000000000000000000, -0.000000000000000000 ) ) ;
#5564 = VERTEX_POINT ( 'NONE', #4819 ) ;
#5565 = ORIENTED_EDGE ( 'NONE', *, *, #1711, .T. ) ;
#5566 = VECTOR ( 'NONE', #8950, 39.37007874015748143 ) ;
#5567 = CARTESIAN_POINT ( 'NONE',  ( -3.560428057591566997, -12.24313273809901048, 0.3937007874015748254 ) ) ;
#5568 = ORIENTED_EDGE ( 'NONE', *, *, #6366, .T. ) ;
#5569 = CARTESIAN_POINT ( 'NONE',  ( -4.923310919208258696, -3.946881251036951088, 0.000000000000000000 ) ) ;
#5570 = DIRECTION ( 'NONE',  ( 0.000000000000000000, 0.000000000000000000, 1.000000000000000000 ) ) ;
#5571 = CYLINDRICAL_SURFACE ( 'NONE', #4873, 0.5905511811023627100 ) ;
#5572 = ORIENTED_EDGE ( 'NONE', *, *, #1280, .F. ) ;
#5573 = CIRCLE ( 'NONE', #9563, 0.3937007874015751585 ) ;
#5574 = CARTESIAN_POINT ( 'NONE',  ( -0.4709337523242653201, 7.480314960629921295, -0.2454471349393052004 ) ) ;
#5575 = VERTEX_POINT ( 'NONE', #4938 ) ;
#5576 = EDGE_CURVE ( 'NONE', #1241, #1248, #6052, .T. ) ;
#5577 = DIRECTION ( 'NONE',  ( 0.000000000000000000, -1.000000000000000000, 0.000000000000000000 ) ) ;
#5578 = CARTESIAN_POINT ( 'NONE',  ( -2.952755905511811108, -11.23034581796608578, 0.3937007874015748254 ) ) ;
#5579 = CARTESIAN_POINT ( 'NONE',  ( -4.591619688868616045, 8.267716535433070391, -7.206675219446472269 ) ) ;
#5580 = CARTESIAN_POINT ( 'NONE',  ( -2.952755905511811108, -11.23034581796608578, 0.3937007874015748254 ) ) ;
#5581 = ORIENTED_EDGE ( 'NONE', *, *, #2867, .T. ) ;
#5582 = CARTESIAN_POINT ( 'NONE',  ( 4.361834186902580512, -11.42719621166687283, 0.000000000000000000 ) ) ;
#5583 = CARTESIAN_POINT ( 'NONE',  ( -0.1968503937007865523, -7.034450261923434589, 0.7874015748031496509 ) ) ;
#5584 = FACE_OUTER_BOUND ( 'NONE', #2223, .T. ) ;
#5585 = ORIENTED_EDGE ( 'NONE', *, *, #3072, .F. ) ;
#5586 = ORIENTED_EDGE ( 'NONE', *, *, #5371, .T. ) ;
#5587 = LINE ( 'NONE', #6780, #3713 ) ;
#5588 = AXIS2_PLACEMENT_3D ( 'NONE', #2105, #5722, #11048 ) ;
#5589 = ORIENTED_EDGE ( 'NONE', *, *, #10107, .T. ) ;
#5590 = EDGE_CURVE ( 'NONE', #10039, #5039, #5733, .T. ) ;
#5591 = EDGE_CURVE ( 'NONE', #10445, #7167, #8464, .T. ) ;
#5592 = DIRECTION ( 'NONE',  ( -0.000000000000000000, -1.000000000000000000, -0.000000000000000000 ) ) ;
#5593 = EDGE_LOOP ( 'NONE', ( #121, #2768, #10243, #9327 ) ) ;
#5594 = ORIENTED_EDGE ( 'NONE', *, *, #30, .F. ) ;
#5595 = DIRECTION ( 'NONE',  ( -1.000000000000000000, 0.000000000000000000, 0.000000000000000000 ) ) ;
#5596 = DIRECTION ( 'NONE',  ( -0.000000000000000000, -0.000000000000000000, 1.000000000000000000 ) ) ;
#5597 = DIRECTION ( 'NONE',  ( -0.000000000000000000, -0.000000000000000000, 1.000000000000000000 ) ) ;
#5598 = ORIENTED_EDGE ( 'NONE', *, *, #1660, .T. ) ;
#5599 = LINE ( 'NONE', #1870, #11120 ) ;
#5600 = DIRECTION ( 'NONE',  ( 0.000000000000000000, 0.000000000000000000, 1.000000000000000000 ) ) ;
#5601 = EDGE_CURVE ( 'NONE', #6964, #217, #11248, .T. ) ;
#5602 = EDGE_CURVE ( 'NONE', #5575, #5403, #1334, .T. ) ;
#5603 = AXIS2_PLACEMENT_3D ( 'NONE', #7686, #6502, #8454 ) ;
#5604 = CARTESIAN_POINT ( 'NONE',  ( -4.591619688868616045, 8.267716535433070391, -7.165371565913558172 ) ) ;
#5605 = SHAPE_DEFINITION_REPRESENTATION ( #3697, #9006 ) ;
#5606 = ORIENTED_EDGE ( 'NONE', *, *, #9540, .T. ) ;
#5607 = ORIENTED_EDGE ( 'NONE', *, *, #5591, .T. ) ;
#5608 = FACE_OUTER_BOUND ( 'NONE', #9477, .T. ) ;
#5609 = AXIS2_PLACEMENT_3D ( 'NONE', #6500, #4440, #5404 ) ;
#5610 = FACE_OUTER_BOUND ( 'NONE', #307, .T. ) ;
#5611 = EDGE_CURVE ( 'NONE', #56, #10462, #3077, .T. ) ;
#5612 = DIRECTION ( 'NONE',  ( 0.000000000000000000, -0.000000000000000000, 1.000000000000000000 ) ) ;
#5613 = DIRECTION ( 'NONE',  ( -0.000000000000000000, -0.000000000000000000, 1.000000000000000000 ) ) ;
#5614 = AXIS2_PLACEMENT_3D ( 'NONE', #4612, #66, #7497 ) ;
#5615 = AXIS2_PLACEMENT_3D ( 'NONE', #9701, #6145, #9808 ) ;
#5616 = DIRECTION ( 'NONE',  ( 0.000000000000000000, -1.000000000000000000, 0.000000000000000000 ) ) ;
#5617 = EDGE_CURVE ( 'NONE', #4108, #10386, #10348, .T. ) ;
#5618 = ORIENTED_EDGE ( 'NONE', *, *, #1482, .F. ) ;
#5619 = FACE_OUTER_BOUND ( 'NONE', #6765, .T. ) ;
#5620 = VERTEX_POINT ( 'NONE', #1278 ) ;
#5621 = VERTEX_POINT ( 'NONE', #8349 ) ;
#5622 = VECTOR ( 'NONE', #6684, 39.37007874015748854 ) ;
#5623 = CARTESIAN_POINT ( 'NONE',  ( -7.232166136696951570E-17, -13.00199936127317279, 1.968503937007874072 ) ) ;
#5624 = CARTESIAN_POINT ( 'NONE',  ( 4.273251509737228560, -3.553180463635375208, 0.000000000000000000 ) ) ;
#5625 = VERTEX_POINT ( 'NONE', #4097 ) ;
#5626 = AXIS2_PLACEMENT_3D ( 'NONE', #2380, #2840, #6511 ) ;
#5627 = ORIENTED_EDGE ( 'NONE', *, *, #3344, .F. ) ;
#5628 = CARTESIAN_POINT ( 'NONE',  ( -2.952755905511811108, -12.41144818017080986, 0.3937007874015748254 ) ) ;
#5629 = EDGE_CURVE ( 'NONE', #1220, #5926, #5973, .T. ) ;
#5630 = ORIENTED_EDGE ( 'NONE', *, *, #7862, .T. ) ;
#5631 = CARTESIAN_POINT ( 'NONE',  ( 0.000000000000000000, -0.3937007874015748254, 0.000000000000000000 ) ) ;
#5632 = CARTESIAN_POINT ( 'NONE',  ( 4.347829632394716093, -11.77069179321712333, 0.3937007874015748254 ) ) ;
#5633 = CARTESIAN_POINT ( 'NONE',  ( -3.346456692913386100, 7.480314960629921295, -6.420488492166129824 ) ) ;
#5634 = EDGE_CURVE ( 'NONE', #1328, #9396, #3361, .T. ) ;
#5635 = ORIENTED_EDGE ( 'NONE', *, *, #10326, .F. ) ;
#5636 = DIRECTION ( 'NONE',  ( -0.000000000000000000, -0.000000000000000000, -1.000000000000000000 ) ) ;
#5637 = PLANE ( 'NONE',  #10582 ) ;
#5638 = CIRCLE ( 'NONE', #8289, 0.1968503937007864968 ) ;
#5639 = AXIS2_PLACEMENT_3D ( 'NONE', #6672, #5772, #6725 ) ;
#5640 = FACE_OUTER_BOUND ( 'NONE', #9745, .T. ) ;
#5641 = CARTESIAN_POINT ( 'NONE',  ( -3.299501261425538345, -10.04924345576135813, 0.7874015748031496509 ) ) ;
#5642 = CARTESIAN_POINT ( 'NONE',  ( -4.921259842519685179, 1.368079378884309083, 0.000000000000000000 ) ) ;
#5643 = EDGE_LOOP ( 'NONE', ( #9088, #846 ) ) ;
#5644 = FACE_OUTER_BOUND ( 'NONE', #2621, .T. ) ;
#5645 = CARTESIAN_POINT ( 'NONE',  ( -4.197918901467038388, 7.874015748031496287, 7.445930726915714004 ) ) ;
#5646 = AXIS2_PLACEMENT_3D ( 'NONE', #2771, #3801, #2054 ) ;
#5647 = DIRECTION ( 'NONE',  ( 1.000000000000000000, 0.000000000000000000, -1.966319083971647814E-16 ) ) ;
#5648 = CYLINDRICAL_SURFACE ( 'NONE', #8983, 0.08858267716535440928 ) ;
#5649 = EDGE_LOOP ( 'NONE', ( #6374, #3372, #10178, #726 ) ) ;
#5650 = DIRECTION ( 'NONE',  ( -1.387778780781444571E-14, -1.000000000000000000, -0.000000000000000000 ) ) ;
#5651 = ADVANCED_FACE ( 'NONE', ( #6191 ), #9581, .F. ) ;
#5652 = ORIENTED_EDGE ( 'NONE', *, *, #5112, .T. ) ;
#5653 = CIRCLE ( 'NONE', #464, 1.181102362204724310 ) ;
#5654 = VECTOR ( 'NONE', #11613, 39.37007874015748143 ) ;
#5655 = LINE ( 'NONE', #3606, #4264 ) ;
#5656 = ORIENTED_EDGE ( 'NONE', *, *, #4647, .T. ) ;
#5657 = AXIS2_PLACEMENT_3D ( 'NONE', #10427, #10485, #11374 ) ;
#5658 = VECTOR ( 'NONE', #8905, 39.37007874015748143 ) ;
#5659 = ORIENTED_EDGE ( 'NONE', *, *, #3100, .F. ) ;
#5660 = CARTESIAN_POINT ( 'NONE',  ( -6.496062992125986035, -0.3937007874015748254, -0.3937007874015751585 ) ) ;
#5661 = CARTESIAN_POINT ( 'NONE',  ( 5.137870221958633188, 0.000000000000000000, -7.072130618713250882 ) ) ;
#5662 = DIRECTION ( 'NONE',  ( 0.000000000000000000, -1.000000000000000000, -0.000000000000000000 ) ) ;
#5663 = FACE_OUTER_BOUND ( 'NONE', #946, .T. ) ;
#5664 = VECTOR ( 'NONE', #274, 39.37007874015748143 ) ;
#5665 = DIRECTION ( 'NONE',  ( 0.000000000000000000, 0.000000000000000000, 1.000000000000000000 ) ) ;
#5666 = ORIENTED_EDGE ( 'NONE', *, *, #9147, .T. ) ;
#5667 = CIRCLE ( 'NONE', #485, 0.08858267716535440928 ) ;
#5668 = CIRCLE ( 'NONE', #7186, 1.181102362204724310 ) ;
#5669 = DIRECTION ( 'NONE',  ( 1.000000000000000000, 0.000000000000000000, 0.000000000000000000 ) ) ;
#5670 = ITEM_DEFINED_TRANSFORMATION ( 'NONE', 'NONE', #5845,  #7171 ) ;
#5671 = ORIENTED_EDGE ( 'NONE', *, *, #2328, .T. ) ;
#5672 = VECTOR ( 'NONE', #7344, 39.37007874015748143 ) ;
#5673 = ADVANCED_FACE ( 'NONE', ( #3434 ), #435, .F. ) ;
#5674 = ORIENTED_EDGE ( 'NONE', *, *, #6148, .T. ) ;
#5675 = FACE_OUTER_BOUND ( 'NONE', #4438, .T. ) ;
#5676 = DIRECTION ( 'NONE',  ( 1.000000000000000000, 0.000000000000000000, 0.000000000000000000 ) ) ;
#5677 = VECTOR ( 'NONE', #7117, 39.37007874015748143 ) ;
#5678 = VECTOR ( 'NONE', #11116, 39.37007874015748143 ) ;
#5679 =( CONVERSION_BASED_UNIT ( 'INCH', #2001 ) LENGTH_UNIT ( ) NAMED_UNIT ( #4979 ) );
#5680 = DIRECTION ( 'NONE',  ( 0.000000000000000000, 0.000000000000000000, -1.000000000000000000 ) ) ;
#5681 = EDGE_CURVE ( 'NONE', #10386, #3240, #671, .T. ) ;
#5682 = CARTESIAN_POINT ( 'NONE',  ( 4.184668832571873942, -5.521684400643250612, 0.000000000000000000 ) ) ;
#5683 = ORIENTED_EDGE ( 'NONE', *, *, #9175, .F. ) ;
#5684 = AXIS2_PLACEMENT_3D ( 'NONE', #10685, #8146, #9853 ) ;
#5685 = DIRECTION ( 'NONE',  ( -6.167905692361975631E-16, 1.000000000000000000, 0.000000000000000000 ) ) ;
#5686 = EDGE_CURVE ( 'NONE', #3704, #8598, #6816, .T. ) ;
#5687 = ORIENTED_EDGE ( 'NONE', *, *, #6939, .T. ) ;
#5688 = ORIENTED_EDGE ( 'NONE', *, *, #4471, .F. ) ;
#5689 = CARTESIAN_POINT ( 'NONE',  ( -4.184668832571872166, -3.553180463635376096, 0.000000000000000000 ) ) ;
#5690 = FACE_OUTER_BOUND ( 'NONE', #7320, .T. ) ;
#5691 = ORIENTED_EDGE ( 'NONE', *, *, #1562, .F. ) ;
#5692 = ADVANCED_FACE ( 'NONE', ( #1517 ), #2418, .F. ) ;
#5693 = EDGE_LOOP ( 'NONE', ( #5099, #750, #1974, #2885 ) ) ;
#5694 = CARTESIAN_POINT ( 'NONE',  ( -2.778641590709038489, 3.915065883440284278, 6.791338582677163060 ) ) ;
#5695 = ORIENTED_EDGE ( 'NONE', *, *, #9603, .T. ) ;
#5696 = FACE_OUTER_BOUND ( 'NONE', #1844, .T. ) ;
#5697 = ADVANCED_FACE ( 'NONE', ( #6979, #2517 ), #3315, .T. ) ;
#5698 = DIRECTION ( 'NONE',  ( 0.000000000000000000, 0.000000000000000000, 1.000000000000000000 ) ) ;
#5699 = FACE_OUTER_BOUND ( 'NONE', #2035, .T. ) ;
#5700 = ORIENTED_EDGE ( 'NONE', *, *, #5309, .F. ) ;
#5701 = DIRECTION ( 'NONE',  ( -0.000000000000000000, -0.000000000000000000, 1.000000000000000000 ) ) ;
#5702 = EDGE_CURVE ( 'NONE', #4935, #7697, #1627, .T. ) ;
#5703 = ORIENTED_EDGE ( 'NONE', *, *, #6014, .F. ) ;
#5704 = EDGE_LOOP ( 'NONE', ( #7222, #11574, #3634, #9166, #147, #2733 ) ) ;
#5705 = LINE ( 'NONE', #8373, #6641 ) ;
#5706 = EDGE_CURVE ( 'NONE', #5966, #6216, #10648, .T. ) ;
#5707 = CARTESIAN_POINT ( 'NONE',  ( 5.905511811023623103, 0.000000000000000000, -5.965761340813563685 ) ) ;
#5708 = DIRECTION ( 'NONE',  ( -1.000000000000000000, 0.000000000000000000, 0.000000000000000000 ) ) ;
#5709 = CARTESIAN_POINT ( 'NONE',  ( -4.923310919208258696, -6.505936369147188536, 0.3937007874015748254 ) ) ;
#5710 = ORIENTED_EDGE ( 'NONE', *, *, #3648, .T. ) ;
#5711 = FACE_OUTER_BOUND ( 'NONE', #7122, .T. ) ;
#5712 = DIRECTION ( 'NONE',  ( -0.000000000000000000, -0.000000000000000000, 1.000000000000000000 ) ) ;
#5713 = DIRECTION ( 'NONE',  ( 0.000000000000000000, -0.000000000000000000, 1.000000000000000000 ) ) ;
#5714 = CYLINDRICAL_SURFACE ( 'NONE', #7655, 0.08858267716535440928 ) ;
#5715 = DIRECTION ( 'NONE',  ( 0.000000000000000000, 1.000000000000000000, -0.000000000000000000 ) ) ;
#5716 = ORIENTED_EDGE ( 'NONE', *, *, #9777, .F. ) ;
#5717 = CARTESIAN_POINT ( 'NONE',  ( -2.467341395385281633, 1.564929772585096579, 0.3937007874015748254 ) ) ;
#5718 = ADVANCED_FACE ( 'NONE', ( #1467 ), #7088, .T. ) ;
#5719 = LINE ( 'NONE', #357, #6009 ) ;
#5720 = ORIENTED_EDGE ( 'NONE', *, *, #591, .T. ) ;
#5721 = ORIENTED_EDGE ( 'NONE', *, *, #6524, .T. ) ;
#5722 = DIRECTION ( 'NONE',  ( -0.000000000000000000, 1.000000000000000000, -0.000000000000000000 ) ) ;
#5723 = DIRECTION ( 'NONE',  ( 1.000000000000000000, 0.000000000000000000, 0.000000000000000000 ) ) ;
#5724 = DIRECTION ( 'NONE',  ( 0.000000000000000000, -1.000000000000000000, 0.000000000000000000 ) ) ;
#5725 = ORIENTED_EDGE ( 'NONE', *, *, #2346, .F. ) ;
#5726 = CARTESIAN_POINT ( 'NONE',  ( -2.467341395385281633, 3.336583315892183155, 0.7874015748031496509 ) ) ;
#5727 = CARTESIAN_POINT ( 'NONE',  ( -3.192102363848771773, 0.000000000000000000, -7.799282663726462062 ) ) ;
#5728 = ORIENTED_EDGE ( 'NONE', *, *, #8721, .T. ) ;
#5729 = DIRECTION ( 'NONE',  ( 0.000000000000000000, 0.000000000000000000, 1.000000000000000000 ) ) ;
#5730 = VERTEX_POINT ( 'NONE', #5232 ) ;
#5731 = ORIENTED_EDGE ( 'NONE', *, *, #10809, .F. ) ;
#5732 = DIRECTION ( 'NONE',  ( 0.000000000000000000, 0.000000000000000000, 1.000000000000000000 ) ) ;
#5733 = LINE ( 'NONE', #6639, #1457 ) ;
#5734 = CARTESIAN_POINT ( 'NONE',  ( -3.192102363848783320, 3.915065883440284278, -7.897707860576850258 ) ) ;
#5735 = DIRECTION ( 'NONE',  ( 1.000000000000000000, 0.000000000000000000, 0.000000000000000000 ) ) ;
#5736 = ORIENTED_EDGE ( 'NONE', *, *, #11189, .F. ) ;
#5737 = EDGE_CURVE ( 'NONE', #3365, #2800, #5180, .T. ) ;
#5738 = EDGE_CURVE ( 'NONE', #4095, #2329, #9085, .T. ) ;
#5739 = VECTOR ( 'NONE', #2856, 39.37007874015748143 ) ;
#5740 = CARTESIAN_POINT ( 'NONE',  ( 2.858207359010676019, -6.438859693790624839, 0.7874015748031496509 ) ) ;
#5741 =( REPRESENTATION_RELATIONSHIP ('NONE','NONE', #4507, #1283 ) REPRESENTATION_RELATIONSHIP_WITH_TRANSFORMATION ( #4875 )SHAPE_REPRESENTATION_RELATIONSHIP( ) );
#5742 = DIRECTION ( 'NONE',  ( 0.000000000000000000, -1.000000000000000000, 0.000000000000000000 ) ) ;
#5743 = CARTESIAN_POINT ( 'NONE',  ( 0.1968503937007874127, -9.987206167435246584, 0.7874015748031496509 ) ) ;
#5744 = EDGE_CURVE ( 'NONE', #6629, #2361, #10408, .T. ) ;
#5745 = ORIENTED_EDGE ( 'NONE', *, *, #4744, .F. ) ;
#5746 = ORIENTED_EDGE ( 'NONE', *, *, #8763, .F. ) ;
#5747 = DIRECTION ( 'NONE',  ( 1.000000000000000000, 0.000000000000000000, 4.649641239344063863E-15 ) ) ;
#5748 = LINE ( 'NONE', #9371, #1313 ) ;
#5749 = ORIENTED_EDGE ( 'NONE', *, *, #1311, .T. ) ;
#5750 = CIRCLE ( 'NONE', #2284, 0.3937007874015751585 ) ;
#5751 = ADVANCED_FACE ( 'NONE', ( #8818 ), #10696, .T. ) ;
#5752 = CIRCLE ( 'NONE', #9726, 0.08858267716535440928 ) ;
#5753 = CARTESIAN_POINT ( 'NONE',  ( -4.273251509737226783, -3.553180463635376096, 0.3937007874015748254 ) ) ;
#5754 = CARTESIAN_POINT ( 'NONE',  ( -3.192102363848772217, 0.000000000000000000, 7.799282663726456732 ) ) ;
#5755 = ORIENTED_EDGE ( 'NONE', *, *, #10974, .F. ) ;
#5756 = ADVANCED_FACE ( 'NONE', ( #11588 ), #2468, .F. ) ;
#5757 = VECTOR ( 'NONE', #1451, 39.37007874015748143 ) ;
#5758 = LINE ( 'NONE', #8546, #10000 ) ;
#5759 = ORIENTED_EDGE ( 'NONE', *, *, #4133, .F. ) ;
#5760 = DIRECTION ( 'NONE',  ( 1.000000000000000000, -0.000000000000000000, -0.000000000000000000 ) ) ;
#5761 = EDGE_CURVE ( 'NONE', #7487, #2725, #8038, .T. ) ;
#5762 = AXIS2_PLACEMENT_3D ( 'NONE', #9158, #10859, #9213 ) ;
#5763 = CARTESIAN_POINT ( 'NONE',  ( -4.273251509737226783, -11.42719621166687105, 0.000000000000000000 ) ) ;
#5764 = DIRECTION ( 'NONE',  ( 0.000000000000000000, 0.000000000000000000, 1.000000000000000000 ) ) ;
#5765 = PLANE ( 'NONE',  #11138 ) ;
#5766 = EDGE_LOOP ( 'NONE', ( #2707, #1069, #3271, #10566 ) ) ;
#5767 = CARTESIAN_POINT ( 'NONE',  ( -4.985320476270190149, 9.448818897637794478, -7.559072353315134052 ) ) ;
#5768 = DIRECTION ( 'NONE',  ( 0.8574929257125448734, 0.5144957554275252365, 0.000000000000000000 ) ) ;
#5769 = AXIS2_PLACEMENT_3D ( 'NONE', #8684, #2453, #10684 ) ;
#5770 = EDGE_CURVE ( 'NONE', #1717, #8263, #5470, .T. ) ;
#5771 = DIRECTION ( 'NONE',  ( -2.921639538487253768E-16, -1.000000000000000000, 0.000000000000000000 ) ) ;
#5772 = DIRECTION ( 'NONE',  ( -0.7165884869596742535, 0.000000000000000000, -0.6974961937938047862 ) ) ;
#5773 = VERTEX_POINT ( 'NONE', #4386 ) ;
#5774 = DIRECTION ( 'NONE',  ( -1.000000000000000000, 0.000000000000000000, 0.000000000000000000 ) ) ;
#5775 = CARTESIAN_POINT ( 'NONE',  ( -4.347829632394716981, -11.77069179321712333, 0.000000000000000000 ) ) ;
#5776 = VERTEX_POINT ( 'NONE', #8212 ) ;
#5777 = ORIENTED_EDGE ( 'NONE', *, *, #9495, .F. ) ;
#5778 = DIRECTION ( 'NONE',  ( -0.000000000000000000, 0.000000000000000000, 1.000000000000000000 ) ) ;
#5779 = CARTESIAN_POINT ( 'NONE',  ( 0.1968503937007881344, -7.034450261923434589, 0.3937007874015748254 ) ) ;
#5780 = EDGE_CURVE ( 'NONE', #4924, #6006, #8935, .T. ) ;
#5781 = ORIENTED_EDGE ( 'NONE', *, *, #645, .F. ) ;
#5782 = DIRECTION ( 'NONE',  ( 0.000000000000000000, 0.000000000000000000, 1.000000000000000000 ) ) ;
#5783 = EDGE_CURVE ( 'NONE', #8781, #1468, #3738, .T. ) ;
#5784 = VECTOR ( 'NONE', #4157, 39.37007874015748143 ) ;
#5785 = CYLINDRICAL_SURFACE ( 'NONE', #8331, 0.08858267716535496439 ) ;
#5786 = ITEM_DEFINED_TRANSFORMATION ( 'NONE', 'NONE', #8893,  #7171 ) ;
#5787 = ORIENTED_EDGE ( 'NONE', *, *, #11761, .F. ) ;
#5788 = ORIENTED_EDGE ( 'NONE', *, *, #3278, .F. ) ;
#5789 = CARTESIAN_POINT ( 'NONE',  ( 2.952755905511811108, -12.41144818017080986, 0.3937007874015748254 ) ) ;
#5790 = DIRECTION ( 'NONE',  ( -1.000000000000000000, -0.000000000000000000, -0.000000000000000000 ) ) ;
#5791 = LINE ( 'NONE', #9411, #7972 ) ;
#5792 = DIRECTION ( 'NONE',  ( 1.000000000000000000, 1.387778780781445676E-16, -0.000000000000000000 ) ) ;
#5793 = ADVANCED_FACE ( 'NONE', ( #6254 ), #7268, .F. ) ;
#5794 = VERTEX_POINT ( 'NONE', #4621 ) ;
#5795 = CLOSED_SHELL ( 'NONE', ( #9395, #5102, #5323, #4089, #4048, #6200, #85, #264 ) ) ;
#5796 = CARTESIAN_POINT ( 'NONE',  ( 3.192102363848781987, 3.937007874015748143, 7.799282663726455844 ) ) ;
#5797 = ORIENTED_EDGE ( 'NONE', *, *, #8602, .F. ) ;
#5798 = DIRECTION ( 'NONE',  ( -0.000000000000000000, -1.000000000000000000, -0.000000000000000000 ) ) ;
#5799 = LINE ( 'NONE', #8535, #7371 ) ;
#5800 = VERTEX_POINT ( 'NONE', #1801 ) ;
#5801 = ORIENTED_EDGE ( 'NONE', *, *, #6098, .F. ) ;
#5802 = CARTESIAN_POINT ( 'NONE',  ( -2.703458040287970654, 3.149606299212599492, -6.550378662618052239 ) ) ;
#5803 = EDGE_CURVE ( 'NONE', #2470, #10386, #5540, .T. ) ;
#5804 = CARTESIAN_POINT ( 'NONE',  ( 2.952755905511811108, 3.336583315892183155, 0.3937007874015748254 ) ) ;
#5805 = EDGE_LOOP ( 'NONE', ( #11402, #10877, #10140, #4393 ) ) ;
#5806 = CARTESIAN_POINT ( 'NONE',  ( 2.778641590709042930, 3.937007874015748143, -7.874015748031498951 ) ) ;
#5807 = CARTESIAN_POINT ( 'NONE',  ( -4.591619688868613380, 9.448818897637794478, -7.952773140716710820 ) ) ;
#5808 = ORIENTED_EDGE ( 'NONE', *, *, #4265, .F. ) ;
#5809 = VECTOR ( 'NONE', #6367, 39.37007874015748143 ) ;
#5810 = CARTESIAN_POINT ( 'NONE',  ( -4.923310919208263137, -2.568928495131439060, 0.3937007874015748254 ) ) ;
#5811 = VERTEX_POINT ( 'NONE', #6501 ) ;
#5812 = CARTESIAN_POINT ( 'NONE',  ( 3.653534954903999488, 0.01986406393673360166, 0.3937007874015748254 ) ) ;
#5813 = CARTESIAN_POINT ( 'NONE',  ( -3.346456692913384323, 7.480314960629921295, 6.420488492166129824 ) ) ;
#5814 = CARTESIAN_POINT ( 'NONE',  ( -4.921259842519685179, -10.75790487308419685, 0.3937007874015748254 ) ) ;
#5815 = DIRECTION ( 'NONE',  ( 0.000000000000000000, 0.000000000000000000, 1.000000000000000000 ) ) ;
#5816 = EDGE_CURVE ( 'NONE', #8747, #11721, #3610, .T. ) ;
#5817 = ORIENTED_EDGE ( 'NONE', *, *, #5458, .T. ) ;
#5818 = VECTOR ( 'NONE', #4274, 39.37007874015748143 ) ;
#5819 = DIRECTION ( 'NONE',  ( 0.000000000000000000, 0.000000000000000000, -1.000000000000000000 ) ) ;
#5820 = ORIENTED_EDGE ( 'NONE', *, *, #9939, .T. ) ;
#5821 =( LENGTH_UNIT ( ) NAMED_UNIT ( * ) SI_UNIT ( $, .METRE. ) );
#5822 = FACE_OUTER_BOUND ( 'NONE', #2698, .T. ) ;
#5823 = ORIENTED_EDGE ( 'NONE', *, *, #10115, .T. ) ;
#5824 = DIRECTION ( 'NONE',  ( -0.000000000000000000, 0.000000000000000000, -1.000000000000000000 ) ) ;
#5825 = ORIENTED_EDGE ( 'NONE', *, *, #2424, .F. ) ;
#5826 = EDGE_CURVE ( 'NONE', #11455, #11352, #4510, .T. ) ;
#5827 = AXIS2_PLACEMENT_3D ( 'NONE', #4852, #8383, #2095 ) ;
#5828 = CARTESIAN_POINT ( 'NONE',  ( 3.838582677165357726, 3.937007874015748143, 6.395228468411551681 ) ) ;
#5829 = EDGE_CURVE ( 'NONE', #2329, #8245, #5480, .T. ) ;
#5830 = DIRECTION ( 'NONE',  ( 0.000000000000000000, 0.000000000000000000, -1.000000000000000000 ) ) ;
#5831 = VERTEX_POINT ( 'NONE', #1680 ) ;
#5832 = CIRCLE ( 'NONE', #5245, 1.181102362204724310 ) ;
#5833 = AXIS2_PLACEMENT_3D ( 'NONE', #8802, #11405, #6080 ) ;
#5834 = EDGE_CURVE ( 'NONE', #1670, #6091, #5347, .T. ) ;
#5835 = VERTEX_POINT ( 'NONE', #8989 ) ;
#5836 = DIRECTION ( 'NONE',  ( 1.000000000000000000, 0.000000000000000000, 0.000000000000000000 ) ) ;
#5837 = CARTESIAN_POINT ( 'NONE',  ( 7.086614173228347191, -0.3937007874015748254, -0.5905511811023614888 ) ) ;
#5838 = VERTEX_POINT ( 'NONE', #725 ) ;
#5839 = AXIS2_PLACEMENT_3D ( 'NONE', #6125, #9737, #8744 ) ;
#5840 = AXIS2_PLACEMENT_3D ( 'NONE', #2079, #4724, #2989 ) ;
#5841 = CARTESIAN_POINT ( 'NONE',  ( 4.519676687187463848, 0.008763934312793467477, 0.000000000000000000 ) ) ;
#5842 = VERTEX_POINT ( 'NONE', #3490 ) ;
#5843 = AXIS2_PLACEMENT_3D ( 'NONE', #7957, #8908, #9674 ) ;
#5844 = EDGE_CURVE ( 'NONE', #6256, #10996, #910, .T. ) ;
#5845 = AXIS2_PLACEMENT_3D ( 'NONE', #3568, #5414, #5490 ) ;
#5846 = STYLED_ITEM ( 'NONE', ( #11778 ), #10096 ) ;
#5847 = AXIS2_PLACEMENT_3D ( 'NONE', #7000, #4054, #8837 ) ;
#5848 = CARTESIAN_POINT ( 'NONE',  ( -2.952755905511811108, -12.41144818017080986, 0.000000000000000000 ) ) ;
#5849 = ORIENTED_EDGE ( 'NONE', *, *, #3125, .F. ) ;
#5850 = ADVANCED_FACE ( 'NONE', ( #4441, #7139 ), #848, .F. ) ;
#5851 = ORIENTED_EDGE ( 'NONE', *, *, #7970, .T. ) ;
#5852 = DIRECTION ( 'NONE',  ( 1.000000000000000000, 0.000000000000000000, 0.000000000000000000 ) ) ;
#5853 = AXIS2_PLACEMENT_3D ( 'NONE', #4050, #333, #4111 ) ;
#5854 = DIRECTION ( 'NONE',  ( 1.000000000000000000, 0.000000000000000000, 0.000000000000000000 ) ) ;
#5855 = DIRECTION ( 'NONE',  ( 0.000000000000000000, 0.000000000000000000, -1.000000000000000000 ) ) ;
#5856 = DIRECTION ( 'NONE',  ( -1.156482317317871478E-16, 0.000000000000000000, -1.000000000000000000 ) ) ;
#5857 = LINE ( 'NONE', #11306, #565 ) ;
#5858 = VECTOR ( 'NONE', #5935, 39.37007874015748143 ) ;
#5859 = AXIS2_PLACEMENT_3D ( 'NONE', #8995, #3567, #27 ) ;
#5860 = ORIENTED_EDGE ( 'NONE', *, *, #6647, .F. ) ;
#5861 = VECTOR ( 'NONE', #6566, 39.37007874015748143 ) ;
#5862 = PLANE ( 'NONE',  #9268 ) ;
#5863 = CARTESIAN_POINT ( 'NONE',  ( -2.952755905511811108, 3.336583315892183155, 0.3937007874015748254 ) ) ;
#5864 = LENGTH_MEASURE_WITH_UNIT ( LENGTH_MEASURE( 0.02539999999999999897 ), #6040 );
#5865 = ORIENTED_EDGE ( 'NONE', *, *, #6739, .T. ) ;
#5866 = CIRCLE ( 'NONE', #298, 0.5905511811023627100 ) ;
#5867 = VECTOR ( 'NONE', #5001, 39.37007874015748143 ) ;
#5868 = EDGE_CURVE ( 'NONE', #1890, #3293, #5293, .T. ) ;
#5869 = VERTEX_POINT ( 'NONE', #11706 ) ;
#5870 = DIRECTION ( 'NONE',  ( 0.000000000000000000, 0.000000000000000000, 1.000000000000000000 ) ) ;
#5871 = ORIENTED_EDGE ( 'NONE', *, *, #9706, .T. ) ;
#5872 = VECTOR ( 'NONE', #6240, 39.37007874015748143 ) ;
#5873 = CARTESIAN_POINT ( 'NONE',  ( -2.952755905511811108, 3.336583315892183155, 0.3937007874015748254 ) ) ;
#5874 = FACE_BOUND ( 'NONE', #8126, .T. ) ;
#5875 = ORIENTED_EDGE ( 'NONE', *, *, #9422, .F. ) ;
#5876 = AXIS2_PLACEMENT_3D ( 'NONE', #4240, #3221, #7007 ) ;
#5877 = LINE ( 'NONE', #9494, #855 ) ;
#5878 = ORIENTED_EDGE ( 'NONE', *, *, #4115, .F. ) ;
#5879 = ORIENTED_EDGE ( 'NONE', *, *, #177, .T. ) ;
#5880 = DIRECTION ( 'NONE',  ( 1.000000000000000000, 0.000000000000000000, -0.000000000000000000 ) ) ;
#5881 = LINE ( 'NONE', #4840, #6068 ) ;
#5882 = VECTOR ( 'NONE', #3960, 39.37007874015748143 ) ;
#5883 = DIRECTION ( 'NONE',  ( -0.000000000000000000, -1.000000000000000000, -0.000000000000000000 ) ) ;
#5884 = DIRECTION ( 'NONE',  ( 1.000000000000000000, 0.000000000000000000, 0.000000000000000000 ) ) ;
#5885 = CARTESIAN_POINT ( 'NONE',  ( 4.273251509737228560, -5.521684400643250612, 0.000000000000000000 ) ) ;
#5886 = ORIENTED_EDGE ( 'NONE', *, *, #1873, .F. ) ;
#5887 = DIRECTION ( 'NONE',  ( 1.000000000000000000, 0.000000000000000000, 0.000000000000000000 ) ) ;
#5888 = VERTEX_POINT ( 'NONE', #10049 ) ;
#5889 = CARTESIAN_POINT ( 'NONE',  ( -3.693202048827113781, -10.44294424316293224, 1.968503937007874072 ) ) ;
#5890 = VERTEX_POINT ( 'NONE', #3557 ) ;
#5891 = DIRECTION ( 'NONE',  ( -1.000000000000000000, 0.000000000000000000, 0.000000000000000000 ) ) ;
#5892 = VERTEX_POINT ( 'NONE', #2767 ) ;
#5893 = AXIS2_PLACEMENT_3D ( 'NONE', #5498, #95, #11010 ) ;
#5894 = EDGE_CURVE ( 'NONE', #5174, #4442, #1258, .T. ) ;
#5895 = EDGE_CURVE ( 'NONE', #5401, #9868, #5479, .T. ) ;
#5896 = DIRECTION ( 'NONE',  ( 0.000000000000000000, 0.000000000000000000, 1.000000000000000000 ) ) ;
#5897 = CARTESIAN_POINT ( 'NONE',  ( 2.073640607983708861, -12.41144818017080809, 0.7874015748031496509 ) ) ;
#5898 = ORIENTED_EDGE ( 'NONE', *, *, #8590, .F. ) ;
#5899 = ORIENTED_EDGE ( 'NONE', *, *, #11533, .T. ) ;
#5900 = CYLINDRICAL_SURFACE ( 'NONE', #7240, 0.1968503937007875793 ) ;
#5901 = DIRECTION ( 'NONE',  ( -2.921639538487252782E-16, -1.000000000000000000, 0.000000000000000000 ) ) ;
#5902 = VERTEX_POINT ( 'NONE', #11108 ) ;
#5903 = DIRECTION ( 'NONE',  ( -0.000000000000000000, -1.000000000000000000, -0.000000000000000000 ) ) ;
#5904 = CARTESIAN_POINT ( 'NONE',  ( -4.921259842519685179, -10.75790487308419685, 0.3937007874015748254 ) ) ;
#5905 = FACE_BOUND ( 'NONE', #6289, .T. ) ;
#5906 = EDGE_CURVE ( 'NONE', #6189, #672, #8565, .T. ) ;
#5907 = EDGE_CURVE ( 'NONE', #5133, #4592, #6622, .T. ) ;
#5908 = DIRECTION ( 'NONE',  ( -0.000000000000000000, -0.000000000000000000, -1.000000000000000000 ) ) ;
#5909 = EDGE_LOOP ( 'NONE', ( #11171, #3063 ) ) ;
#5910 = CARTESIAN_POINT ( 'NONE',  ( -3.192102363848772217, 3.937007874015748143, 7.799282663726456732 ) ) ;
#5911 = ORIENTED_EDGE ( 'NONE', *, *, #10745, .T. ) ;
#5912 = DIRECTION ( 'NONE',  ( 0.000000000000000000, 1.000000000000000000, -0.000000000000000000 ) ) ;
#5913 = DIRECTION ( 'NONE',  ( 0.000000000000000000, -1.000000000000000000, 0.000000000000000000 ) ) ;
#5914 = ORIENTED_EDGE ( 'NONE', *, *, #915, .F. ) ;
#5915 = DIRECTION ( 'NONE',  ( 0.000000000000000000, 0.000000000000000000, -1.000000000000000000 ) ) ;
#5916 = ADVANCED_FACE ( 'NONE', ( #4864 ), #2887, .T. ) ;
#5917 = CARTESIAN_POINT ( 'NONE',  ( 4.921259842519685179, 1.683040008805569476, 0.3937007874015748254 ) ) ;
#5918 = DIMENSIONAL_EXPONENTS ( 1.000000000000000000, 0.000000000000000000, 0.000000000000000000, 0.000000000000000000, 0.000000000000000000, 0.000000000000000000, 0.000000000000000000 ) ;
#5919 = ORIENTED_EDGE ( 'NONE', *, *, #10301, .T. ) ;
#5920 = ADVANCED_FACE ( 'NONE', ( #193 ), #1150, .T. ) ;
#5921 = LINE ( 'NONE', #2303, #1818 ) ;
#5922 = CARTESIAN_POINT ( 'NONE',  ( 4.273251509737226783, -11.42719621166687283, 0.3937007874015748254 ) ) ;
#5923 =( NAMED_UNIT ( * ) PLANE_ANGLE_UNIT ( ) SI_UNIT ( $, .RADIAN. ) );
#5924 = ORIENTED_EDGE ( 'NONE', *, *, #8874, .F. ) ;
#5925 = VECTOR ( 'NONE', #2818, 39.37007874015748143 ) ;
#5926 = VERTEX_POINT ( 'NONE', #5661 ) ;
#5927 = EDGE_LOOP ( 'NONE', ( #5501, #10305, #8460, #9248 ) ) ;
#5928 = LINE ( 'NONE', #9421, #4118 ) ;
#5929 = DIRECTION ( 'NONE',  ( -0.000000000000000000, -0.000000000000000000, 1.000000000000000000 ) ) ;
#5930 = EDGE_CURVE ( 'NONE', #3029, #8635, #141, .T. ) ;
#5931 = CARTESIAN_POINT ( 'NONE',  ( 0.000000000000000000, 0.000000000000000000, 1.574803149606299302 ) ) ;
#5932 = FACE_BOUND ( 'NONE', #10599, .T. ) ;
#5933 = AXIS2_PLACEMENT_3D ( 'NONE', #8189, #9894, #3644 ) ;
#5934 = ADVANCED_FACE ( 'NONE', ( #2947 ), #8338, .F. ) ;
#5935 = DIRECTION ( 'NONE',  ( -0.000000000000000000, 1.000000000000000000, -0.000000000000000000 ) ) ;
#5936 = VERTEX_POINT ( 'NONE', #2164 ) ;
#5937 = CARTESIAN_POINT ( 'NONE',  ( -4.197918901467038388, 9.055118110236220375, 8.233332301718865764 ) ) ;
#5938 = ORIENTED_EDGE ( 'NONE', *, *, #979, .F. ) ;
#5939 = LINE ( 'NONE', #9668, #9655 ) ;
#5940 = LINE ( 'NONE', #8603, #6199 ) ;
#5942 = DIRECTION ( 'NONE',  ( 1.110223024625156146E-15, -1.000000000000000000, 0.000000000000000000 ) ) ;
#5941 = VECTOR ( 'NONE', #4636, 39.37007874015748143 ) ;
#5943 = DIRECTION ( 'NONE',  ( -0.000000000000000000, -1.000000000000000000, -0.000000000000000000 ) ) ;
#5944 = CIRCLE ( 'NONE', #6707, 1.181102362204724310 ) ;
#5945 = ORIENTED_EDGE ( 'NONE', *, *, #3171, .F. ) ;
#5946 = FACE_OUTER_BOUND ( 'NONE', #10683, .T. ) ;
#5947 = ORIENTED_EDGE ( 'NONE', *, *, #3848, .F. ) ;
#5948 = CARTESIAN_POINT ( 'NONE',  ( 0.000000000000000000, -0.3937007874015748254, -8.464566929133857442 ) ) ;
#5949 = EDGE_LOOP ( 'NONE', ( #4224, #8902, #8443, #5377, #8389, #6980 ) ) ;
#5950 = DIRECTION ( 'NONE',  ( 1.000000000000000000, 0.000000000000000000, 0.000000000000000000 ) ) ;
#5951 = ORIENTED_EDGE ( 'NONE', *, *, #3413, .T. ) ;
#5952 = EDGE_CURVE ( 'NONE', #6551, #2440, #3065, .T. ) ;
#5953 = CIRCLE ( 'NONE', #8796, 0.3937007874015751585 ) ;
#5954 = VECTOR ( 'NONE', #9792, 39.37007874015748143 ) ;
#5955 = LINE ( 'NONE', #4367, #5096 ) ;
#5956 = LINE ( 'NONE', #1199, #1198 ) ;
#5957 = ORIENTED_EDGE ( 'NONE', *, *, #8449, .F. ) ;
#5958 = EDGE_LOOP ( 'NONE', ( #5523, #5700, #8204, #11786 ) ) ;
#5959 = DIRECTION ( 'NONE',  ( -0.000000000000000000, -0.000000000000000000, 1.000000000000000000 ) ) ;
#5960 = CARTESIAN_POINT ( 'NONE',  ( 3.299501261425539234, -6.899637156548763528, 0.3937007874015748254 ) ) ;
#5961 = VERTEX_POINT ( 'NONE', #5837 ) ;
#5962 = VECTOR ( 'NONE', #4655, 39.37007874015748143 ) ;
#5963 = DIRECTION ( 'NONE',  ( -0.000000000000000000, -0.000000000000000000, -1.000000000000000000 ) ) ;
#5964 = DIRECTION ( 'NONE',  ( 0.000000000000000000, 0.000000000000000000, 1.000000000000000000 ) ) ;
#5965 = EDGE_CURVE ( 'NONE', #8346, #5961, #3013, .T. ) ;
#5966 = VERTEX_POINT ( 'NONE', #11180 ) ;
#5967 = LINE ( 'NONE', #9574, #6783 ) ;
#5968 = DIRECTION ( 'NONE',  ( 0.000000000000000000, 0.000000000000000000, 1.000000000000000000 ) ) ;
#5969 = EDGE_LOOP ( 'NONE', ( #3732, #8491 ) ) ;
#5970 = CARTESIAN_POINT ( 'NONE',  ( -4.471879931551174359, -0.6432185497264709673, 0.000000000000000000 ) ) ;
#5971 = VERTEX_POINT ( 'NONE', #311 ) ;
#5972 = FACE_OUTER_BOUND ( 'NONE', #11312, .T. ) ;
#5973 = LINE ( 'NONE', #3205, #8139 ) ;
#5974 = ORIENTED_EDGE ( 'NONE', *, *, #4201, .T. ) ;
#5975 = EDGE_CURVE ( 'NONE', #9873, #3240, #10285, .T. ) ;
#5976 = DIRECTION ( 'NONE',  ( -1.526556658859591821E-15, -1.000000000000000000, 0.000000000000000000 ) ) ;
#5977 = CARTESIAN_POINT ( 'NONE',  ( 4.923310919208260472, -5.127983613241675620, 0.3937007874015748254 ) ) ;
#5978 = ORIENTED_EDGE ( 'NONE', *, *, #11317, .F. ) ;
#5979 = VECTOR ( 'NONE', #6790, 39.37007874015748143 ) ;
#5980 = EDGE_CURVE ( 'NONE', #1408, #1019, #7451, .T. ) ;
#5981 = CYLINDRICAL_SURFACE ( 'NONE', #9636, 0.3937007874015751585 ) ;
#5982 = PLANE ( 'NONE',  #8708 ) ;
#5983 = VERTEX_POINT ( 'NONE', #5779 ) ;
#5984 = EDGE_CURVE ( 'NONE', #5133, #1738, #5286, .T. ) ;
#5985 = ORIENTED_EDGE ( 'NONE', *, *, #3278, .T. ) ;
#5986 = DIRECTION ( 'NONE',  ( 1.000000000000000000, 0.000000000000000000, 0.000000000000000000 ) ) ;
#5987 = ADVANCED_FACE ( 'NONE', ( #3854 ), #7684, .F. ) ;
#5988 = AXIS2_PLACEMENT_3D ( 'NONE', #7578, #5724, #2051 ) ;
#5989 = CARTESIAN_POINT ( 'NONE',  ( -2.952755905511811108, 2.155480953687459067, 0.3937007874015748254 ) ) ;
#5990 = DIRECTION ( 'NONE',  ( 0.8574929257125448734, 0.5144957554275252365, 0.000000000000000000 ) ) ;
#5991 = VERTEX_POINT ( 'NONE', #7509 ) ;
#5992 = CARTESIAN_POINT ( 'NONE',  ( 5.179553741579351112, 9.055118110236220375, -7.165371565913558172 ) ) ;
#5993 = CYLINDRICAL_SURFACE ( 'NONE', #8330, 0.3937007874015751585 ) ;
#5994 = EDGE_CURVE ( 'NONE', #8635, #6041, #4927, .T. ) ;
#5995 = DIRECTION ( 'NONE',  ( 0.000000000000000000, 0.000000000000000000, 1.000000000000000000 ) ) ;
#5996 = DIRECTION ( 'NONE',  ( -0.5144957554275262357, -0.8574929257125443183, 0.000000000000000000 ) ) ;
#5997 = CARTESIAN_POINT ( 'NONE',  ( -0.5905511811023621549, -0.3937007874015748254, 9.055118110236220375 ) ) ;
#5998 = VERTEX_POINT ( 'NONE', #9223 ) ;
#5999 = ADVANCED_FACE ( 'NONE', ( #4028 ), #8452, .F. ) ;
#6000 = LINE ( 'NONE', #10381, #10651 ) ;
#6001 = ORIENTED_EDGE ( 'NONE', *, *, #11355, .F. ) ;
#6002 = VECTOR ( 'NONE', #11767, 39.37007874015748143 ) ;
#6003 = CARTESIAN_POINT ( 'NONE',  ( -4.716527080888250900, -1.295201033765735366, 0.3937007874015748254 ) ) ;
#6004 = ORIENTED_EDGE ( 'NONE', *, *, #5770, .F. ) ;
#6005 = DIRECTION ( 'NONE',  ( -1.541976423090495387E-16, -1.000000000000000000, 0.000000000000000000 ) ) ;
#6006 = VERTEX_POINT ( 'NONE', #1025 ) ;
#6007 = VECTOR ( 'NONE', #8872, 39.37007874015748143 ) ;
#6008 = DIRECTION ( 'NONE',  ( -0.000000000000000000, 0.000000000000000000, -1.000000000000000000 ) ) ;
#6009 = VECTOR ( 'NONE', #11289, 39.37007874015748143 ) ;
#6010 = LINE ( 'NONE', #2561, #1027 ) ;
#6011 = ORIENTED_EDGE ( 'NONE', *, *, #4841, .F. ) ;
#6012 = VECTOR ( 'NONE', #9001, 39.37007874015748143 ) ;
#6013 = ORIENTED_EDGE ( 'NONE', *, *, #10113, .T. ) ;
#6014 = EDGE_CURVE ( 'NONE', #5620, #10644, #7577, .T. ) ;
#6015 = FACE_OUTER_BOUND ( 'NONE', #7099, .T. ) ;
#6016 = DIRECTION ( 'NONE',  ( -0.000000000000000000, -0.000000000000000000, 1.000000000000000000 ) ) ;
#6017 = EDGE_LOOP ( 'NONE', ( #6445, #6454, #2265, #2253 ) ) ;
#6018 = DIRECTION ( 'NONE',  ( 0.000000000000000000, 0.000000000000000000, 1.000000000000000000 ) ) ;
#6019 = DIRECTION ( 'NONE',  ( 0.000000000000000000, -1.000000000000000000, 0.000000000000000000 ) ) ;
#6020 = DIRECTION ( 'NONE',  ( 0.9367259886217318421, 0.000000000000000000, 0.3500634545916481155 ) ) ;
#6021 = AXIS2_PLACEMENT_3D ( 'NONE', #1571, #11478, #2297 ) ;
#6022 = VECTOR ( 'NONE', #8758, 39.37007874015748143 ) ;
#6023 = CARTESIAN_POINT ( 'NONE',  ( 6.104413281412985448, -5.127983613241675620, 0.000000000000000000 ) ) ;
#6024 = ORIENTED_EDGE ( 'NONE', *, *, #6864, .T. ) ;
#6025 = CARTESIAN_POINT ( 'NONE',  ( 4.921259842519685179, -10.75790487308419685, 0.000000000000000000 ) ) ;
#6026 = VECTOR ( 'NONE', #4615, 39.37007874015748143 ) ;
#6027 = EDGE_LOOP ( 'NONE', ( #6280, #8700, #11463, #8056 ) ) ;
#6028 = PLANE ( 'NONE',  #8080 ) ;
#6029 = DIRECTION ( 'NONE',  ( -0.000000000000000000, -1.000000000000000000, -0.000000000000000000 ) ) ;
#6030 = VERTEX_POINT ( 'NONE', #6963 ) ;
#6031 = DIRECTION ( 'NONE',  ( 0.000000000000000000, 0.000000000000000000, 1.000000000000000000 ) ) ;
#6032 = VECTOR ( 'NONE', #5321, 39.37007874015748143 ) ;
#6033 = DIRECTION ( 'NONE',  ( -0.000000000000000000, -0.000000000000000000, 1.000000000000000000 ) ) ;
#6034 = ORIENTED_EDGE ( 'NONE', *, *, #6393, .T. ) ;
#6035 = APPLICATION_CONTEXT ( 'automotive_design' ) ;
#6036 = VECTOR ( 'NONE', #9504, 39.37007874015748143 ) ;
#6037 = FACE_OUTER_BOUND ( 'NONE', #4329, .T. ) ;
#6038 = EDGE_CURVE ( 'NONE', #3728, #4248, #1318, .T. ) ;
#6039 = CARTESIAN_POINT ( 'NONE',  ( -3.560428057591566997, -12.24313273809901048, 0.3937007874015748254 ) ) ;
#6040 =( LENGTH_UNIT ( ) NAMED_UNIT ( * ) SI_UNIT ( $, .METRE. ) );
#6041 = VERTEX_POINT ( 'NONE', #5960 ) ;
#6042 = VECTOR ( 'NONE', #6044, 39.37007874015748143 ) ;
#6043 = ORIENTED_EDGE ( 'NONE', *, *, #6217, .T. ) ;
#6044 = DIRECTION ( 'NONE',  ( -0.000000000000000000, -0.000000000000000000, 1.000000000000000000 ) ) ;
#6045 = VECTOR ( 'NONE', #4716, 39.37007874015748143 ) ;
#6046 = VECTOR ( 'NONE', #8656, 39.37007874015748143 ) ;
#6047 = AXIS2_PLACEMENT_3D ( 'NONE', #10787, #5317, #879 ) ;
#6048 = CARTESIAN_POINT ( 'NONE',  ( 3.299501261425539234, -6.505936369147188536, 0.3937007874015748254 ) ) ;
#6049 = DIRECTION ( 'NONE',  ( -1.000000000000000000, -0.000000000000000000, -0.000000000000000000 ) ) ;
#6050 = DIRECTION ( 'NONE',  ( -1.000000000000000000, -0.000000000000000000, -0.000000000000000000 ) ) ;
#6051 = DIRECTION ( 'NONE',  ( 9.358901870209372206E-17, 0.000000000000000000, 1.000000000000000000 ) ) ;
#6052 = CIRCLE ( 'NONE', #9832, 0.3937007874015751585 ) ;
#6053 = EDGE_CURVE ( 'NONE', #13, #7908, #3243, .T. ) ;
#6054 = LINE ( 'NONE', #1484, #5858 ) ;
#6055 = VERTEX_POINT ( 'NONE', #10637 ) ;
#6056 = ADVANCED_FACE ( 'NONE', ( #9741 ), #8621, .T. ) ;
#6057 = CIRCLE ( 'NONE', #3363, 0.1968503937007875793 ) ;
#6058 = VECTOR ( 'NONE', #2186, 39.37007874015748143 ) ;
#6059 = CYLINDRICAL_SURFACE ( 'NONE', #8508, 1.181102362204724976 ) ;
#6060 = LINE ( 'NONE', #4960, #2992 ) ;
#6061 = CARTESIAN_POINT ( 'NONE',  ( 4.273251509737228560, -5.521684400643250612, 0.000000000000000000 ) ) ;
#6062 = VECTOR ( 'NONE', #11351, 39.37007874015748143 ) ;
#6063 = CARTESIAN_POINT ( 'NONE',  ( 2.703458040287970654, 3.149606299212599492, 5.905511811023622215 ) ) ;
#6064 = CARTESIAN_POINT ( 'NONE',  ( -4.591619688868615157, 8.267716535433070391, 7.577239534397965492 ) ) ;
#6065 = ORIENTED_EDGE ( 'NONE', *, *, #6449, .T. ) ;
#6066 = DIRECTION ( 'NONE',  ( 0.000000000000000000, -0.000000000000000000, 1.000000000000000000 ) ) ;
#6067 = DIRECTION ( 'NONE',  ( -0.000000000000000000, -1.000000000000000000, -0.000000000000000000 ) ) ;
#6068 = VECTOR ( 'NONE', #123, 39.37007874015748143 ) ;
#6069 = ORIENTED_EDGE ( 'NONE', *, *, #1629, .F. ) ;
#6070 = CARTESIAN_POINT ( 'NONE',  ( -3.850385348604786984, -1.306301163389676168, 0.000000000000000000 ) ) ;
#6071 = ORIENTED_EDGE ( 'NONE', *, *, #10157, .T. ) ;
#6072 = ORIENTED_EDGE ( 'NONE', *, *, #2514, .F. ) ;
#6073 = EDGE_CURVE ( 'NONE', #794, #9566, #9295, .T. ) ;
#6074 = CIRCLE ( 'NONE', #8343, 0.1968503937007875793 ) ;
#6075 = EDGE_CURVE ( 'NONE', #3146, #2961, #5216, .T. ) ;
#6076 = LINE ( 'NONE', #7017, #9282 ) ;
#6077 = CYLINDRICAL_SURFACE ( 'NONE', #838, 0.08858267716535440928 ) ;
#6078 = EDGE_LOOP ( 'NONE', ( #9043, #5781, #11349, #6083 ) ) ;
#6079 = EDGE_LOOP ( 'NONE', ( #5406, #7083, #6345, #2115 ) ) ;
#6080 = DIRECTION ( 'NONE',  ( 0.000000000000000000, 0.000000000000000000, 1.000000000000000000 ) ) ;
#6081 = AXIS2_PLACEMENT_3D ( 'NONE', #8284, #8351, #10832 ) ;
#6082 = LINE ( 'NONE', #2336, #7008 ) ;
#6083 = ORIENTED_EDGE ( 'NONE', *, *, #5826, .T. ) ;
#6084 = DIRECTION ( 'NONE',  ( -1.000000000000000000, 0.000000000000000000, 0.000000000000000000 ) ) ;
#6085 = DIRECTION ( 'NONE',  ( -1.233581138472396704E-15, 1.000000000000000000, 0.000000000000000000 ) ) ;
#6086 = CARTESIAN_POINT ( 'NONE',  ( -4.197918901467038388, 9.055118110236220375, 8.233332301718865764 ) ) ;
#6087 = EDGE_CURVE ( 'NONE', #9688, #8418, #6082, .T. ) ;
#6088 = CARTESIAN_POINT ( 'NONE',  ( 4.392152166776199351, 7.874015748031496287, 8.233332301718865764 ) ) ;
#6089 = ORIENTED_EDGE ( 'NONE', *, *, #3974, .F. ) ;
#6090 = CYLINDRICAL_SURFACE ( 'NONE', #6400, 0.1968503937007875793 ) ;
#6091 = VERTEX_POINT ( 'NONE', #8685 ) ;
#6092 = LINE ( 'NONE', #7033, #4075 ) ;
#6093 = DIRECTION ( 'NONE',  ( -0.000000000000000000, 1.000000000000000000, 0.000000000000000000 ) ) ;
#6094 = VERTEX_POINT ( 'NONE', #11576 ) ;
#6095 = DIRECTION ( 'NONE',  ( -0.000000000000000000, -0.000000000000000000, 1.000000000000000000 ) ) ;
#6096 = LINE ( 'NONE', #5058, #1704 ) ;
#6097 = VERTEX_POINT ( 'NONE', #3302 ) ;
#6098 = EDGE_CURVE ( 'NONE', #10013, #6953, #654, .T. ) ;
#6099 = CARTESIAN_POINT ( 'NONE',  ( 2.464506571609101471, -6.438859693790625727, 0.7874015748031496509 ) ) ;
#6100 = LINE ( 'NONE', #619, #6814 ) ;
#6101 =( NAMED_UNIT ( * ) SI_UNIT ( $, .STERADIAN. ) SOLID_ANGLE_UNIT ( ) );
#6102 = EDGE_LOOP ( 'NONE', ( #11074, #4630, #10056, #1476, #1554, #4823, #3554, #7980 ) ) ;
#6103 = VERTEX_POINT ( 'NONE', #4321 ) ;
#6104 = CARTESIAN_POINT ( 'NONE',  ( -2.952755905511811108, -11.23034581796608578, 0.000000000000000000 ) ) ;
#6105 = CARTESIAN_POINT ( 'NONE',  ( 0.09842519685039370636, 1.205361022782828035E-17, 1.574803149606299302 ) ) ;
#6106 = DIRECTION ( 'NONE',  ( 0.000000000000000000, 0.000000000000000000, 1.000000000000000000 ) ) ;
#6107 = DIRECTION ( 'NONE',  ( 0.000000000000000000, -0.000000000000000000, -1.000000000000000000 ) ) ;
#6108 = EDGE_CURVE ( 'NONE', #215, #10044, #8521, .T. ) ;
#6109 = FACE_BOUND ( 'NONE', #2619, .T. ) ;
#6110 = LINE ( 'NONE', #3279, #1614 ) ;
#6111 = DIRECTION ( 'NONE',  ( -0.000000000000000000, 0.000000000000000000, -1.000000000000000000 ) ) ;
#6112 = DIRECTION ( 'NONE',  ( -0.000000000000000000, -1.000000000000000000, -0.000000000000000000 ) ) ;
#6113 = DIRECTION ( 'NONE',  ( 1.387778780781444571E-14, 1.000000000000000000, 0.000000000000000000 ) ) ;
#6114 = EDGE_CURVE ( 'NONE', #10532, #8024, #7856, .T. ) ;
#6115 = ORIENTED_EDGE ( 'NONE', *, *, #226, .F. ) ;
#6116 = DIRECTION ( 'NONE',  ( -0.000000000000000000, -1.000000000000000000, -0.000000000000000000 ) ) ;
#6117 = DIRECTION ( 'NONE',  ( 0.000000000000000000, 0.000000000000000000, -1.000000000000000000 ) ) ;
#6118 = EDGE_CURVE ( 'NONE', #11300, #9713, #5038, .T. ) ;
#6119 = DIRECTION ( 'NONE',  ( 0.000000000000000000, 0.000000000000000000, 1.000000000000000000 ) ) ;
#6120 = ORIENTED_EDGE ( 'NONE', *, *, #7174, .T. ) ;
#6121 = ORIENTED_EDGE ( 'NONE', *, *, #4263, .F. ) ;
#6122 = EDGE_CURVE ( 'NONE', #406, #4377, #11545, .T. ) ;
#6123 = CYLINDRICAL_SURFACE ( 'NONE', #867, 0.09842519685039370636 ) ;
#6124 = CIRCLE ( 'NONE', #10852, 1.181102362204723200 ) ;
#6125 = CARTESIAN_POINT ( 'NONE',  ( 3.937007874015811648, 0.000000000000000000, -5.283063347057058046 ) ) ;
#6126 = ORIENTED_EDGE ( 'NONE', *, *, #4026, .T. ) ;
#6127 = EDGE_CURVE ( 'NONE', #9257, #6582, #2454, .T. ) ;
#6128 = ORIENTED_EDGE ( 'NONE', *, *, #4780, .F. ) ;
#6129 = ORIENTED_EDGE ( 'NONE', *, *, #4356, .F. ) ;
#6130 = FACE_OUTER_BOUND ( 'NONE', #3356, .T. ) ;
#6131 = DIRECTION ( 'NONE',  ( 1.000000000000000000, 0.000000000000000000, 0.000000000000000000 ) ) ;
#6132 = ORIENTED_EDGE ( 'NONE', *, *, #11335, .F. ) ;
#6133 = DIRECTION ( 'NONE',  ( -0.000000000000000000, 0.000000000000000000, -1.000000000000000000 ) ) ;
#6134 = CYLINDRICAL_SURFACE ( 'NONE', #5170, 0.1968503937007875793 ) ;
#6135 = ORIENTED_EDGE ( 'NONE', *, *, #3917, .F. ) ;
#6136 = CARTESIAN_POINT ( 'NONE',  ( -4.361834186902581401, -5.521684400643249724, 0.000000000000000000 ) ) ;
#6137 = VECTOR ( 'NONE', #409, 39.37007874015748143 ) ;
#6138 = ORIENTED_EDGE ( 'NONE', *, *, #402, .T. ) ;
#6139 = FACE_OUTER_BOUND ( 'NONE', #11076, .T. ) ;
#6140 = ORIENTED_EDGE ( 'NONE', *, *, #9388, .F. ) ;
#6141 = VECTOR ( 'NONE', #5325, 39.37007874015748143 ) ;
#6142 = EDGE_CURVE ( 'NONE', #8185, #1717, #11406, .T. ) ;
#6143 = DIRECTION ( 'NONE',  ( -3.469446951953614189E-16, 0.000000000000000000, 1.000000000000000000 ) ) ;
#6144 = ORIENTED_EDGE ( 'NONE', *, *, #472, .F. ) ;
#6145 = DIRECTION ( 'NONE',  ( 0.000000000000000000, 0.000000000000000000, 1.000000000000000000 ) ) ;
#6146 = CARTESIAN_POINT ( 'NONE',  ( -4.921259842519680738, -10.44294424316293757, 0.3937007874015748254 ) ) ;
#6147 = VERTEX_POINT ( 'NONE', #420 ) ;
#6148 = EDGE_CURVE ( 'NONE', #9046, #10773, #7801, .T. ) ;
#6149 = LINE ( 'NONE', #3384, #7545 ) ;
#6150 = LINE ( 'NONE', #2472, #2478 ) ;
#6151 = ORIENTED_EDGE ( 'NONE', *, *, #10353, .F. ) ;
#6152 = AXIS2_PLACEMENT_3D ( 'NONE', #8467, #5792, #7468 ) ;
#6153 = CARTESIAN_POINT ( 'NONE',  ( 3.192102363848777102, 3.937007874015748143, -7.799282663726460285 ) ) ;
#6154 = CARTESIAN_POINT ( 'NONE',  ( -4.985320476270190149, 7.874015748031496287, -7.559072353315134052 ) ) ;
#6155 = ORIENTED_EDGE ( 'NONE', *, *, #6324, .T. ) ;
#6156 = ORIENTED_EDGE ( 'NONE', *, *, #397, .F. ) ;
#6157 = CARTESIAN_POINT ( 'NONE',  ( 0.5905511811023621549, -13.59255054237553573, 0.000000000000000000 ) ) ;
#6158 = EDGE_CURVE ( 'NONE', #4442, #688, #8856, .T. ) ;
#6159 = DIRECTION ( 'NONE',  ( -4.163336342344338506E-16, -1.000000000000000000, 0.000000000000000000 ) ) ;
#6160 = CARTESIAN_POINT ( 'NONE',  ( 2.467341395385281633, -10.63979463686372284, 0.3937007874015748254 ) ) ;
#6161 = LINE ( 'NONE', #9771, #1809 ) ;
#6162 = DIRECTION ( 'NONE',  ( 1.000000000000000000, 0.000000000000000000, 0.000000000000000000 ) ) ;
#6163 = DIRECTION ( 'NONE',  ( 1.000000000000000000, 0.000000000000000000, 0.000000000000000000 ) ) ;
#6164 = PLANE ( 'NONE',  #5876 ) ;
#6165 = CARTESIAN_POINT ( 'NONE',  ( 4.184668832571872166, 2.352331347388247451, 0.000000000000000000 ) ) ;
#6166 = ORIENTED_EDGE ( 'NONE', *, *, #2627, .F. ) ;
#6167 = DIRECTION ( 'NONE',  ( -1.000000000000000000, 0.000000000000000000, 0.000000000000000000 ) ) ;
#6168 = CARTESIAN_POINT ( 'NONE',  ( 4.923310919208258696, -6.505936369147187648, 0.000000000000000000 ) ) ;
#6169 = CARTESIAN_POINT ( 'NONE',  ( -4.591619688868616045, 7.480314960629921295, 7.839631514317292549 ) ) ;
#6170 = AXIS2_PLACEMENT_3D ( 'NONE', #10, #9101, #7258 ) ;
#6171 = DIRECTION ( 'NONE',  ( -1.000000000000000000, 0.000000000000000000, 0.000000000000000000 ) ) ;
#6172 = EDGE_CURVE ( 'NONE', #10868, #11452, #9626, .T. ) ;
#6173 = DIRECTION ( 'NONE',  ( 0.000000000000000000, 1.000000000000000000, 0.000000000000000000 ) ) ;
#6174 = DIRECTION ( 'NONE',  ( -0.000000000000000000, -0.000000000000000000, -1.000000000000000000 ) ) ;
#6175 = EDGE_LOOP ( 'NONE', ( #7144, #9749, #842, #2286 ) ) ;
#6176 = CARTESIAN_POINT ( 'NONE',  ( -3.299501261425539234, -6.505936369147188536, 1.968503937007874072 ) ) ;
#6177 = DIRECTION ( 'NONE',  ( 1.000000000000000000, 0.000000000000000000, 0.000000000000000000 ) ) ;
#6178 = EDGE_CURVE ( 'NONE', #3639, #8356, #4900, .T. ) ;
#6179 = CYLINDRICAL_SURFACE ( 'NONE', #11668, 0.1968503937007875793 ) ;
#6180 = CIRCLE ( 'NONE', #1004, 0.08858267716535440928 ) ;
#6181 = DIRECTION ( 'NONE',  ( -0.000000000000000000, -0.000000000000000000, -1.000000000000000000 ) ) ;
#6182 = CARTESIAN_POINT ( 'NONE',  ( -5.905511811023623103, 0.000000000000000000, 0.5905511811023624880 ) ) ;
#6183 = EDGE_CURVE ( 'NONE', #4521, #5794, #8749, .T. ) ;
#6184 = AXIS2_PLACEMENT_3D ( 'NONE', #9639, #8629, #2112 ) ;
#6185 = EDGE_CURVE ( 'NONE', #3981, #10164, #3598, .T. ) ;
#6186 = LINE ( 'NONE', #4381, #64 ) ;
#6187 = EDGE_LOOP ( 'NONE', ( #1675, #8952, #10941, #1955, #3817, #6493, #8854, #10611, #8210, #2907, #9247, #6166, #7542, #9765, #6302, #4896, #5695, #9851, #3447, #11488, #362, #7516, #6491, #4379 ) ) ;
#6188 = DIRECTION ( 'NONE',  ( -1.000000000000000000, 0.000000000000000000, 0.000000000000000000 ) ) ;
#6189 = VERTEX_POINT ( 'NONE', #9793 ) ;
#6190 = CARTESIAN_POINT ( 'NONE',  ( 5.179553741579351112, 7.480314960629921295, -7.559072353315134052 ) ) ;
#6191 = FACE_OUTER_BOUND ( 'NONE', #1596, .T. ) ;
#6192 = ORIENTED_EDGE ( 'NONE', *, *, #1422, .T. ) ;
#6193 = VECTOR ( 'NONE', #8274, 39.37007874015748143 ) ;
#6194 = CARTESIAN_POINT ( 'NONE',  ( -4.921259842519685179, 1.683040008805569476, 0.3937007874015748254 ) ) ;
#6195 = CARTESIAN_POINT ( 'NONE',  ( -4.273251509737226783, -5.521684400643249724, 0.3937007874015748254 ) ) ;
#6196 = ORIENTED_EDGE ( 'NONE', *, *, #8280, .F. ) ;
#6197 = EDGE_CURVE ( 'NONE', #660, #9428, #1610, .T. ) ;
#6198 = DIRECTION ( 'NONE',  ( 1.000000000000000000, 0.000000000000000000, 0.000000000000000000 ) ) ;
#6199 = VECTOR ( 'NONE', #4909, 39.37007874015748143 ) ;
#6200 = ADVANCED_FACE ( 'NONE', ( #714, #9031 ), #8021, .T. ) ;
#6201 = AXIS2_PLACEMENT_3D ( 'NONE', #10628, #8612, #4247 ) ;
#6202 = DIRECTION ( 'NONE',  ( 0.000000000000000000, -0.000000000000000000, 1.000000000000000000 ) ) ;
#6203 = CARTESIAN_POINT ( 'NONE',  ( 23.80049583486374942, 32.64465532082252963, 50.82919967019102359 ) ) ;
#6204 = ORIENTED_EDGE ( 'NONE', *, *, #11272, .T. ) ;
#6205 = VERTEX_POINT ( 'NONE', #4374 ) ;
#6206 = VECTOR ( 'NONE', #7312, 39.37007874015748143 ) ;
#6207 = CARTESIAN_POINT ( 'NONE',  ( -4.591619688868613380, 7.480314960629921295, 8.233332301718867541 ) ) ;
#6208 = DIRECTION ( 'NONE',  ( -0.000000000000000000, -0.000000000000000000, -1.000000000000000000 ) ) ;
#6209 = SURFACE_SIDE_STYLE ('',( #626 ) ) ;
#6210 = DIRECTION ( 'NONE',  ( 0.000000000000000000, -1.000000000000000000, 0.000000000000000000 ) ) ;
#6211 = MECHANICAL_DESIGN_GEOMETRIC_PRESENTATION_REPRESENTATION (  '', ( #8115 ), #9078 ) ;
#6212 = CYLINDRICAL_SURFACE ( 'NONE', #4683, 1.181102362204724310 ) ;
#6213 = AXIS2_PLACEMENT_3D ( 'NONE', #7963, #9612, #3232 ) ;
#6214 = VECTOR ( 'NONE', #4719, 39.37007874015748143 ) ;
#6215 = PLANE ( 'NONE',  #1808 ) ;
#6216 = VERTEX_POINT ( 'NONE', #11629 ) ;
#6217 = EDGE_CURVE ( 'NONE', #10078, #8258, #3477, .T. ) ;
#6218 = PLANE ( 'NONE',  #5466 ) ;
#6219 = CARTESIAN_POINT ( 'NONE',  ( -3.693202048827115558, -2.568928495131439060, 0.7874015748031496509 ) ) ;
#6220 = EDGE_LOOP ( 'NONE', ( #5871, #7325, #9615, #10073, #3818 ) ) ;
#6221 = AXIS2_PLACEMENT_3D ( 'NONE', #4641, #6695, #4586 ) ;
#6222 = CARTESIAN_POINT ( 'NONE',  ( 4.273251509737228560, -5.521684400643250612, 0.3937007874015748254 ) ) ;
#6223 = ORIENTED_EDGE ( 'NONE', *, *, #11762, .T. ) ;
#6224 = CARTESIAN_POINT ( 'NONE',  ( 3.346456692913387876, 7.480314960629921295, 6.420488492166129824 ) ) ;
#6225 = VECTOR ( 'NONE', #10775, 39.37007874015748143 ) ;
#6226 = FACE_OUTER_BOUND ( 'NONE', #2250, .T. ) ;
#6227 = VERTEX_POINT ( 'NONE', #2695 ) ;
#6228 = DIRECTION ( 'NONE',  ( 0.000000000000000000, -1.000000000000000000, 0.000000000000000000 ) ) ;
#6229 = ORIENTED_EDGE ( 'NONE', *, *, #2193, .F. ) ;
#6230 = CIRCLE ( 'NONE', #1059, 0.09842519685039370636 ) ;
#6231 = VECTOR ( 'NONE', #446, 39.37007874015748143 ) ;
#6232 = FACE_OUTER_BOUND ( 'NONE', #4849, .T. ) ;
#6233 = VECTOR ( 'NONE', #5854, 39.37007874015748143 ) ;
#6234 = CARTESIAN_POINT ( 'NONE',  ( 2.952755905511811108, -12.41144818017080986, 0.000000000000000000 ) ) ;
#6235 = CARTESIAN_POINT ( 'NONE',  ( -4.273251509737226783, -5.521684400643249724, 0.000000000000000000 ) ) ;
#6236 = AXIS2_PLACEMENT_3D ( 'NONE', #9900, #2560, #3593 ) ;
#6237 = VECTOR ( 'NONE', #3674, 39.37007874015748143 ) ;
#6238 = VERTEX_POINT ( 'NONE', #2504 ) ;
#6239 = CARTESIAN_POINT ( 'NONE',  ( 4.923310919208261360, 1.368079378884309083, 0.3937007874015748254 ) ) ;
#6240 = DIRECTION ( 'NONE',  ( -1.000000000000000000, -0.000000000000000000, -0.000000000000000000 ) ) ;
#6241 = CARTESIAN_POINT ( 'NONE',  ( -0.1968503937007865523, -7.034450261923434589, 0.3937007874015748254 ) ) ;
#6242 = DIRECTION ( 'NONE',  ( 0.000000000000000000, 0.000000000000000000, 1.000000000000000000 ) ) ;
#6243 = ORIENTED_EDGE ( 'NONE', *, *, #4870, .T. ) ;
#6244 = FACE_BOUND ( 'NONE', #7735, .T. ) ;
#6245 = ORIENTED_EDGE ( 'NONE', *, *, #2073, .T. ) ;
#6246 = CIRCLE ( 'NONE', #5684, 1.181102362204724310 ) ;
#6247 = EDGE_CURVE ( 'NONE', #8627, #2623, #10791, .T. ) ;
#6248 = EDGE_CURVE ( 'NONE', #8683, #6392, #6360, .T. ) ;
#6249 = CARTESIAN_POINT ( 'NONE',  ( 0.1968503937007873017, 0.8331594030294345865, 0.7874015748031496509 ) ) ;
#6250 = EDGE_LOOP ( 'NONE', ( #2839, #11707, #6004, #10931 ) ) ;
#6251 = VECTOR ( 'NONE', #5554, 39.37007874015748143 ) ;
#6252 = ORIENTED_EDGE ( 'NONE', *, *, #7955, .T. ) ;
#6253 = CARTESIAN_POINT ( 'NONE',  ( 4.821444091131316454E-17, -0.3937007874015748254, 8.858267716535433323 ) ) ;
#6254 = FACE_OUTER_BOUND ( 'NONE', #2722, .T. ) ;
#6255 = EDGE_CURVE ( 'NONE', #7540, #2626, #8337, .T. ) ;
#6256 = VERTEX_POINT ( 'NONE', #8078 ) ;
#6257 = CARTESIAN_POINT ( 'NONE',  ( -5.118110236220536180, 1.057752167775901420, 4.714862686950670678 ) ) ;
#6258 = DIRECTION ( 'NONE',  ( -0.000000000000000000, -1.000000000000000000, -0.000000000000000000 ) ) ;
#6259 = EDGE_CURVE ( 'NONE', #5305, #9589, #7074, .T. ) ;
#6260 = VERTEX_POINT ( 'NONE', #10857 ) ;
#6261 = ORIENTED_EDGE ( 'NONE', *, *, #3109, .F. ) ;
#6262 = CARTESIAN_POINT ( 'NONE',  ( 4.923310919208258696, -6.505936369147187648, 0.3937007874015748254 ) ) ;
#6263 = DIRECTION ( 'NONE',  ( 1.000000000000000000, 0.000000000000000000, 0.000000000000000000 ) ) ;
#6264 = DIRECTION ( 'NONE',  ( 1.000000000000000000, 0.000000000000000000, 0.000000000000000000 ) ) ;
#6265 = ORIENTED_EDGE ( 'NONE', *, *, #1113, .F. ) ;
#6266 = EDGE_LOOP ( 'NONE', ( #889, #40, #3689, #8448 ) ) ;
#6267 = DIRECTION ( 'NONE',  ( 1.000000000000000000, 0.000000000000000000, -1.966319083971647814E-16 ) ) ;
#6268 = UNCERTAINTY_MEASURE_WITH_UNIT (LENGTH_MEASURE( 1.000000000000000082E-05 ), #8829, 'distance_accuracy_value', 'NONE');
#6269 = CARTESIAN_POINT ( 'NONE',  ( -3.299501261425538789, -6.899637156548763528, 0.7874015748031496509 ) ) ;
#6270 = EDGE_CURVE ( 'NONE', #1852, #8418, #6246, .T. ) ;
#6271 = DIRECTION ( 'NONE',  ( 1.000000000000000000, 0.000000000000000000, 0.000000000000000000 ) ) ;
#6272 = CARTESIAN_POINT ( 'NONE',  ( 3.740157480314960647, -10.75790487308419685, 0.000000000000000000 ) ) ;
#6273 = FACE_OUTER_BOUND ( 'NONE', #1117, .T. ) ;
#6274 = DIRECTION ( 'NONE',  ( 1.000000000000000000, 0.000000000000000000, 0.000000000000000000 ) ) ;
#6275 = EDGE_CURVE ( 'NONE', #1363, #5401, #5335, .T. ) ;
#6276 = FILL_AREA_STYLE_COLOUR ( '', #286 ) ;
#6277 = ORIENTED_EDGE ( 'NONE', *, *, #288, .F. ) ;
#6278 = LINE ( 'NONE', #10007, #287 ) ;
#6279 = CARTESIAN_POINT ( 'NONE',  ( 3.693202048827113781, -10.44294424316293224, 1.968503937007874072 ) ) ;
#6280 = ORIENTED_EDGE ( 'NONE', *, *, #10512, .F. ) ;
#6281 = EDGE_LOOP ( 'NONE', ( #8123, #9098, #9911, #3806 ) ) ;
#6282 = FACE_OUTER_BOUND ( 'NONE', #5026, .T. ) ;
#6283 = EDGE_CURVE ( 'NONE', #3105, #8529, #7774, .T. ) ;
#6284 = ORIENTED_EDGE ( 'NONE', *, *, #4332, .F. ) ;
#6285 = DIRECTION ( 'NONE',  ( 0.000000000000000000, 0.000000000000000000, 1.000000000000000000 ) ) ;
#6286 = DIRECTION ( 'NONE',  ( 0.000000000000000000, -1.000000000000000000, 0.000000000000000000 ) ) ;
#6287 = CARTESIAN_POINT ( 'NONE',  ( 4.923310919208261360, -2.568928495131438172, 0.3937007874015748254 ) ) ;
#6288 = ADVANCED_FACE ( 'NONE', ( #9962, #4428, #10737 ), #2633, .F. ) ;
#6289 = EDGE_LOOP ( 'NONE', ( #7432, #10194 ) ) ;
#6290 = CARTESIAN_POINT ( 'NONE',  ( 4.273251509737226783, 2.352331347388247451, 0.3937007874015748254 ) ) ;
#6291 = LINE ( 'NONE', #4547, #10570 ) ;
#6293 = CIRCLE ( 'NONE', #4371, 0.08858267716535440928 ) ;
#6292 = DIRECTION ( 'NONE',  ( -0.000000000000000000, -0.000000000000000000, 1.000000000000000000 ) ) ;
#6294 = ORIENTED_EDGE ( 'NONE', *, *, #7711, .F. ) ;
#6295 = CARTESIAN_POINT ( 'NONE',  ( -0.5905511811023620439, 0.000000000000000000, 7.874015748031495399 ) ) ;
#6296 = PLANE ( 'NONE',  #1645 ) ;
#6297 = CARTESIAN_POINT ( 'NONE',  ( 5.019685039370083146, 3.937007874015748143, 6.395228468411550793 ) ) ;
#6298 = DIRECTION ( 'NONE',  ( -0.000000000000000000, -0.000000000000000000, 1.000000000000000000 ) ) ;
#6299 = ORIENTED_EDGE ( 'NONE', *, *, #10618, .F. ) ;
#6300 = CARTESIAN_POINT ( 'NONE',  ( 5.047798132550517458, 0.4913896599150728850, 5.039714908208087429 ) ) ;
#6301 = ADVANCED_FACE ( 'NONE', ( #10803 ), #6296, .F. ) ;
#6302 = ORIENTED_EDGE ( 'NONE', *, *, #8012, .T. ) ;
#6303 = VECTOR ( 'NONE', #8364, 39.37007874015748143 ) ;
#6304 = DIRECTION ( 'NONE',  ( -0.5144957554275262357, -0.8574929257125443183, 0.000000000000000000 ) ) ;
#6305 = ORIENTED_EDGE ( 'NONE', *, *, #4580, .F. ) ;
#6306 = EDGE_CURVE ( 'NONE', #5776, #4392, #897, .T. ) ;
#6307 = ORIENTED_EDGE ( 'NONE', *, *, #3845, .F. ) ;
#6308 = DIRECTION ( 'NONE',  ( 1.000000000000000000, 0.000000000000000000, 0.000000000000000000 ) ) ;
#6309 = DIRECTION ( 'NONE',  ( -0.9367259886217326192, 0.000000000000000000, -0.3500634545916462836 ) ) ;
#6310 = AXIS2_PLACEMENT_3D ( 'NONE', #7525, #7411, #10122 ) ;
#6311 = ORIENTED_EDGE ( 'NONE', *, *, #103, .F. ) ;
#6312 = VECTOR ( 'NONE', #2952, 39.37007874015748143 ) ;
#6313 = ORIENTED_EDGE ( 'NONE', *, *, #8839, .F. ) ;
#6314 = CARTESIAN_POINT ( 'NONE',  ( -2.952755905511811108, 3.336583315892183155, 0.000000000000000000 ) ) ;
#6315 = DIRECTION ( 'NONE',  ( 1.000000000000000000, 0.000000000000000000, 0.000000000000000000 ) ) ;
#6316 = VERTEX_POINT ( 'NONE', #9 ) ;
#6317 = EDGE_CURVE ( 'NONE', #9529, #8036, #7316, .T. ) ;
#6318 = CIRCLE ( 'NONE', #1151, 1.181102362204724310 ) ;
#6319 = CARTESIAN_POINT ( 'NONE',  ( 4.361834186902583177, -5.521684400643250612, 0.3937007874015748254 ) ) ;
#6320 = CARTESIAN_POINT ( 'NONE',  ( 4.921259842519685179, 1.683040008805569476, 0.3937007874015748254 ) ) ;
#6321 = DIRECTION ( 'NONE',  ( 1.000000000000000000, -6.982962677686194135E-15, 6.982962677686266711E-15 ) ) ;
#6322 = ORIENTED_EDGE ( 'NONE', *, *, #7286, .T. ) ;
#6323 =( CONVERSION_BASED_UNIT ( 'INCH', #9875 ) LENGTH_UNIT ( ) NAMED_UNIT ( #1378 ) );
#6324 = EDGE_CURVE ( 'NONE', #3293, #8541, #10035, .T. ) ;
#6325 = VERTEX_POINT ( 'NONE', #10090 ) ;
#6326 = CARTESIAN_POINT ( 'NONE',  ( 3.653534954903999488, -1.306301163389676168, 0.3937007874015748254 ) ) ;
#6327 = CARTESIAN_POINT ( 'NONE',  ( -4.921259842519680738, -10.44294424316293757, 0.3937007874015748254 ) ) ;
#6328 = AXIS2_PLACEMENT_3D ( 'NONE', #7855, #5959, #6908 ) ;
#6329 = CARTESIAN_POINT ( 'NONE',  ( 0.1968503937007882731, -7.034450261923434589, 0.7874015748031496509 ) ) ;
#6330 = DIRECTION ( 'NONE',  ( -1.000000000000000000, 0.000000000000000000, 0.000000000000000000 ) ) ;
#6331 = EDGE_CURVE ( 'NONE', #8279, #1114, #2932, .T. ) ;
#6332 = VECTOR ( 'NONE', #3092, 39.37007874015748143 ) ;
#6333 = CARTESIAN_POINT ( 'NONE',  ( 6.496062992125987812, -0.3937007874015748254, 1.591076550073333536E-15 ) ) ;
#6334 = FACE_OUTER_BOUND ( 'NONE', #5704, .T. ) ;
#6335 = ORIENTED_EDGE ( 'NONE', *, *, #4178, .T. ) ;
#6336 = CARTESIAN_POINT ( 'NONE',  ( 4.923310919208258696, -6.505936369147187648, 0.3937007874015748254 ) ) ;
#6337 = ADVANCED_FACE ( 'NONE', ( #2149 ), #9442, .F. ) ;
#6338 = ORIENTED_EDGE ( 'NONE', *, *, #5306, .F. ) ;
#6339 = DIRECTION ( 'NONE',  ( 1.000000000000000000, 0.000000000000000000, 0.000000000000000000 ) ) ;
#6340 = CARTESIAN_POINT ( 'NONE',  ( -4.921259842519685179, -10.75790487308419685, 0.3937007874015748254 ) ) ;
#6341 = ORIENTED_EDGE ( 'NONE', *, *, #4991, .T. ) ;
#6342 = EDGE_CURVE ( 'NONE', #2322, #5360, #3769, .T. ) ;
#6343 = VERTEX_POINT ( 'NONE', #2038 ) ;
#6344 = LINE ( 'NONE', #5567, #6992 ) ;
#6345 = ORIENTED_EDGE ( 'NONE', *, *, #3428, .T. ) ;
#6346 = LINE ( 'NONE', #7303, #8778 ) ;
#6347 = ORIENTED_EDGE ( 'NONE', *, *, #4559, .T. ) ;
#6348 =( REPRESENTATION_RELATIONSHIP ('NONE','NONE', #4507, #9006 ) REPRESENTATION_RELATIONSHIP_WITH_TRANSFORMATION ( #5670 )SHAPE_REPRESENTATION_RELATIONSHIP( ) );
#6349 = CARTESIAN_POINT ( 'NONE',  ( 3.192102363848781987, 3.937007874015748143, -7.897707860576852035 ) ) ;
#6350 = DIRECTION ( 'NONE',  ( 0.000000000000000000, -1.000000000000000000, 0.000000000000000000 ) ) ;
#6351 = ORIENTED_EDGE ( 'NONE', *, *, #1660, .F. ) ;
#6352 = CIRCLE ( 'NONE', #8822, 0.1968503937007875793 ) ;
#6353 = EDGE_CURVE ( 'NONE', #6590, #10644, #8530, .T. ) ;
#6354 = CARTESIAN_POINT ( 'NONE',  ( -4.923310919208258696, -5.127983613241676508, 0.000000000000000000 ) ) ;
#6355 = EDGE_CURVE ( 'NONE', #6644, #148, #10325, .T. ) ;
#6356 = LINE ( 'NONE', #9957, #2757 ) ;
#6357 = DIRECTION ( 'NONE',  ( -0.000000000000000000, -0.000000000000000000, -1.000000000000000000 ) ) ;
#6358 = EDGE_LOOP ( 'NONE', ( #9161, #8975 ) ) ;
#6359 = LINE ( 'NONE', #8198, #7823 ) ;
#6360 = LINE ( 'NONE', #1667, #1636 ) ;
#6361 = CYLINDRICAL_SURFACE ( 'NONE', #6570, 0.3937007874015751585 ) ;
#6362 = CARTESIAN_POINT ( 'NONE',  ( -3.346456692913384323, 7.480314960629921295, 5.829937311063766892 ) ) ;
#6363 = ORIENTED_EDGE ( 'NONE', *, *, #603, .F. ) ;
#6364 = DIRECTION ( 'NONE',  ( 0.000000000000000000, 0.000000000000000000, 1.000000000000000000 ) ) ;
#6365 = VERTEX_POINT ( 'NONE', #5645 ) ;
#6366 = EDGE_CURVE ( 'NONE', #8556, #11121, #5109, .T. ) ;
#6367 = DIRECTION ( 'NONE',  ( 0.000000000000000000, 0.000000000000000000, 1.000000000000000000 ) ) ;
#6368 = MANIFOLD_SOLID_BREP ( 'Cut-Extrude4[3]', #5795 ) ;
#6369 = EDGE_LOOP ( 'NONE', ( #3488, #6363, #6156, #8980 ) ) ;
#6370 = CIRCLE ( 'NONE', #11099, 0.08858267716535496439 ) ;
#6371 = ORIENTED_EDGE ( 'NONE', *, *, #8456, .F. ) ;
#6372 = CARTESIAN_POINT ( 'NONE',  ( 6.496062992125987812, 3.937007874015748143, -0.3937007874015736042 ) ) ;
#6373 = CARTESIAN_POINT ( 'NONE',  ( -3.299501261425538789, -10.44294424316293224, 0.7874015748031496509 ) ) ;
#6374 = ORIENTED_EDGE ( 'NONE', *, *, #3187, .T. ) ;
#6375 = FACE_OUTER_BOUND ( 'NONE', #8769, .T. ) ;
#6376 = CARTESIAN_POINT ( 'NONE',  ( 2.778641590709047371, 3.937007874015748143, 6.791338582677162172 ) ) ;
#6377 = AXIS2_PLACEMENT_3D ( 'NONE', #8813, #7082, #605 ) ;
#6378 = VECTOR ( 'NONE', #3169, 39.37007874015748143 ) ;
#6379 = PRODUCT_DEFINITION_SHAPE ( 'NONE', 'NONE',  #11800 ) ;
#6380 = CARTESIAN_POINT ( 'NONE',  ( 6.496062992125987812, -0.3937007874015748254, 1.591076550073333536E-15 ) ) ;
#6381 = LINE ( 'NONE', #9354, #5678 ) ;
#6382 = DIRECTION ( 'NONE',  ( -6.982962677686266711E-15, -1.000000000000000000, 1.047444401652944740E-14 ) ) ;
#6383 = VERTEX_POINT ( 'NONE', #7495 ) ;
#6384 =( NAMED_UNIT ( * ) PLANE_ANGLE_UNIT ( ) SI_UNIT ( $, .RADIAN. ) );
#6385 = AXIS2_PLACEMENT_3D ( 'NONE', #4986, #1987, #4752 ) ;
#6386 = ORIENTED_EDGE ( 'NONE', *, *, #9325, .F. ) ;
#6387 = CARTESIAN_POINT ( 'NONE',  ( -2.778641590709038045, 3.937007874015748143, 7.972440944881888036 ) ) ;
#6388 = DIRECTION ( 'NONE',  ( 0.000000000000000000, 0.000000000000000000, -1.000000000000000000 ) ) ;
#6389 = CARTESIAN_POINT ( 'NONE',  ( -7.232166136696951570E-17, -13.00199936127317279, 0.3937007874015748810 ) ) ;
#6390 = CARTESIAN_POINT ( 'NONE',  ( -0.5905511811023621549, -13.59255054237553573, 0.000000000000000000 ) ) ;
#6391 = FACE_OUTER_BOUND ( 'NONE', #7685, .T. ) ;
#6392 = VERTEX_POINT ( 'NONE', #6488 ) ;
#6393 = EDGE_CURVE ( 'NONE', #5181, #10806, #1189, .T. ) ;
#6394 = AXIS2_PLACEMENT_3D ( 'NONE', #5208, #3410, #5891 ) ;
#6395 = EDGE_LOOP ( 'NONE', ( #3233, #10750, #4545, #2306 ) ) ;
#6396 = ORIENTED_EDGE ( 'NONE', *, *, #2545, .T. ) ;
#6397 = CARTESIAN_POINT ( 'NONE',  ( 6.104413281412985448, -3.946881251036950200, 0.000000000000000000 ) ) ;
#6398 = PLANE ( 'NONE',  #1232 ) ;
#6399 = ORIENTED_EDGE ( 'NONE', *, *, #993, .T. ) ;
#6400 = AXIS2_PLACEMENT_3D ( 'NONE', #3379, #1514, #3134 ) ;
#6401 = ORIENTED_EDGE ( 'NONE', *, *, #3845, .T. ) ;
#6402 = CARTESIAN_POINT ( 'NONE',  ( -3.549822394964750050, 3.149606299212599492, 6.729326213142290847 ) ) ;
#6403 = CIRCLE ( 'NONE', #9065, 0.08858267716535440928 ) ;
#6404 = ORIENTED_EDGE ( 'NONE', *, *, #11569, .T. ) ;
#6405 = CIRCLE ( 'NONE', #1597, 1.181102362204724310 ) ;
#6406 = DIRECTION ( 'NONE',  ( 0.000000000000000000, 0.000000000000000000, 1.000000000000000000 ) ) ;
#6407 = ORIENTED_EDGE ( 'NONE', *, *, #11003, .T. ) ;
#6408 = EDGE_CURVE ( 'NONE', #3432, #6994, #1136, .T. ) ;
#6409 = PLANE ( 'NONE',  #7084 ) ;
#6410 = CARTESIAN_POINT ( 'NONE',  ( 0.4737032289015790099, 7.480314960629921295, -0.04859674123851762811 ) ) ;
#6411 = ORIENTED_EDGE ( 'NONE', *, *, #1066, .T. ) ;
#6412 = AXIS2_PLACEMENT_3D ( 'NONE', #8318, #7085, #9209 ) ;
#6413 = EDGE_CURVE ( 'NONE', #7521, #4046, #6669, .T. ) ;
#6414 = VECTOR ( 'NONE', #1831, 39.37007874015748143 ) ;
#6415 = ORIENTED_EDGE ( 'NONE', *, *, #1137, .F. ) ;
#6416 = MECHANICAL_DESIGN_GEOMETRIC_PRESENTATION_REPRESENTATION (  '', ( #5846 ), #7931 ) ;
#6417 = AXIS2_PLACEMENT_3D ( 'NONE', #4656, #6659, #3040 ) ;
#6418 = DIRECTION ( 'NONE',  ( -0.000000000000000000, -0.000000000000000000, 1.000000000000000000 ) ) ;
#6419 = CARTESIAN_POINT ( 'NONE',  ( 4.184668832571873942, -3.553180463635375208, 0.3937007874015748254 ) ) ;
#6420 = VECTOR ( 'NONE', #11436, 39.37007874015748143 ) ;
#6421 = CARTESIAN_POINT ( 'NONE',  ( 3.299501261425538789, -10.44294424316293224, 1.968503937007874072 ) ) ;
#6422 = CARTESIAN_POINT ( 'NONE',  ( -5.118110236220536180, 3.149606299212599492, -5.283063347057058046 ) ) ;
#6423 = ORIENTED_EDGE ( 'NONE', *, *, #288, .T. ) ;
#6424 = FACE_BOUND ( 'NONE', #6887, .T. ) ;
#6425 = DIRECTION ( 'NONE',  ( -0.000000000000000000, -0.000000000000000000, -1.000000000000000000 ) ) ;
#6426 = EDGE_CURVE ( 'NONE', #9192, #9072, #9385, .T. ) ;
#6427 = CARTESIAN_POINT ( 'NONE',  ( 2.952755905511811108, -12.41144818017080986, 0.3937007874015748254 ) ) ;
#6428 = DIRECTION ( 'NONE',  ( 0.000000000000000000, 0.000000000000000000, 1.000000000000000000 ) ) ;
#6430 = ORIENTED_EDGE ( 'NONE', *, *, #7702, .F. ) ;
#6429 = VECTOR ( 'NONE', #6051, 39.37007874015748143 ) ;
#6431 = ORIENTED_EDGE ( 'NONE', *, *, #63, .F. ) ;
#6432 = DIRECTION ( 'NONE',  ( 0.000000000000000000, 0.000000000000000000, 1.000000000000000000 ) ) ;
#6433 = EDGE_LOOP ( 'NONE', ( #3211, #7630 ) ) ;
#6434 = ADVANCED_FACE ( 'NONE', ( #8493 ), #7620, .F. ) ;
#6435 = AXIS2_PLACEMENT_3D ( 'NONE', #4336, #5124, #7869 ) ;
#6436 = VECTOR ( 'NONE', #7731, 39.37007874015748143 ) ;
#6437 = VECTOR ( 'NONE', #10252, 39.37007874015748143 ) ;
#6438 = CYLINDRICAL_SURFACE ( 'NONE', #10172, 0.3937007874015751585 ) ;
#6439 = VERTEX_POINT ( 'NONE', #7883 ) ;
#6440 = ORIENTED_EDGE ( 'NONE', *, *, #2583, .F. ) ;
#6441 = DIRECTION ( 'NONE',  ( 0.000000000000000000, 0.000000000000000000, 1.000000000000000000 ) ) ;
#6442 = VECTOR ( 'NONE', #1093, 39.37007874015748143 ) ;
#6443 = DIRECTION ( 'NONE',  ( 0.000000000000000000, 0.000000000000000000, 1.000000000000000000 ) ) ;
#6444 = ORIENTED_EDGE ( 'NONE', *, *, #6778, .F. ) ;
#6445 = ORIENTED_EDGE ( 'NONE', *, *, #5083, .F. ) ;
#6446 = CYLINDRICAL_SURFACE ( 'NONE', #631, 0.1968503937007875793 ) ;
#6447 = LINE ( 'NONE', #4626, #5436 ) ;
#6448 = VECTOR ( 'NONE', #10143, 39.37007874015748143 ) ;
#6449 = EDGE_CURVE ( 'NONE', #6097, #7111, #8157, .T. ) ;
#6450 = VECTOR ( 'NONE', #4015, 39.37007874015748143 ) ;
#6451 = DIRECTION ( 'NONE',  ( -0.000000000000000000, -1.000000000000000000, -0.000000000000000000 ) ) ;
#6452 = EDGE_LOOP ( 'NONE', ( #7035, #8360, #8058, #937 ) ) ;
#6453 =( NAMED_UNIT ( * ) SI_UNIT ( $, .STERADIAN. ) SOLID_ANGLE_UNIT ( ) );
#6454 = ORIENTED_EDGE ( 'NONE', *, *, #10174, .T. ) ;
#6455 = LINE ( 'NONE', #10881, #72 ) ;
#6456 = CARTESIAN_POINT ( 'NONE',  ( -3.693202048827113781, -6.505936369147188536, 1.968503937007874072 ) ) ;
#6457 = CARTESIAN_POINT ( 'NONE',  ( 2.778641590709042930, 0.000000000000000000, -6.692913385826774864 ) ) ;
#6458 = VECTOR ( 'NONE', #2242, 39.37007874015748143 ) ;
#6459 = LINE ( 'NONE', #207, #11605 ) ;
#6460 = EDGE_CURVE ( 'NONE', #9713, #9014, #572, .T. ) ;
#6461 = VERTEX_POINT ( 'NONE', #6776 ) ;
#6462 = DIRECTION ( 'NONE',  ( -0.000000000000000000, -0.000000000000000000, -1.000000000000000000 ) ) ;
#6463 = ORIENTED_EDGE ( 'NONE', *, *, #9190, .T. ) ;
#6464 = VERTEX_POINT ( 'NONE', #10383 ) ;
#6465 = DIRECTION ( 'NONE',  ( -0.000000000000000000, -0.000000000000000000, -1.000000000000000000 ) ) ;
#6466 = FACE_OUTER_BOUND ( 'NONE', #2824, .T. ) ;
#6467 = ORIENTED_EDGE ( 'NONE', *, *, #4076, .T. ) ;
#6468 = ORIENTED_EDGE ( 'NONE', *, *, #7110, .T. ) ;
#6469 = CARTESIAN_POINT ( 'NONE',  ( -4.923310919208258696, -5.127983613241676508, 0.000000000000000000 ) ) ;
#6470 = PRODUCT_RELATED_PRODUCT_CATEGORY ( 'part', '', ( #1673 ) ) ;
#6471 = EDGE_CURVE ( 'NONE', #8566, #533, #348, .T. ) ;
#6472 = ORIENTED_EDGE ( 'NONE', *, *, #11255, .T. ) ;
#6473 = DIRECTION ( 'NONE',  ( 0.000000000000000000, 0.000000000000000000, 1.000000000000000000 ) ) ;
#6474 = ORIENTED_EDGE ( 'NONE', *, *, #8474, .T. ) ;
#6475 = CYLINDRICAL_SURFACE ( 'NONE', #11623, 0.3937007874015751585 ) ;
#6476 = CARTESIAN_POINT ( 'NONE',  ( 3.693202048827114670, -2.568928495131438172, 0.3937007874015748254 ) ) ;
#6477 = VERTEX_POINT ( 'NONE', #9659 ) ;
#6478 = CARTESIAN_POINT ( 'NONE',  ( -5.905511811023623103, -0.3937007874015748254, 0.5905511811023624880 ) ) ;
#6479 = ORIENTED_EDGE ( 'NONE', *, *, #9482, .T. ) ;
#6480 = CARTESIAN_POINT ( 'NONE',  ( 4.395064010318477482E-15, 3.149606299212599492, 6.692913385826771311 ) ) ;
#6481 = PLANE ( 'NONE',  #5439 ) ;
#6482 = DIRECTION ( 'NONE',  ( -0.000000000000000000, -0.000000000000000000, -1.000000000000000000 ) ) ;
#6483 = CARTESIAN_POINT ( 'NONE',  ( 4.785852954177774343, 9.448818897637794478, -7.952773140716710820 ) ) ;
#6484 = B_SPLINE_CURVE_WITH_KNOTS ( 'NONE', 3,
 ( #5542, #6257, #1742, #4625, #852, #11708, #9226, #8341, #10053, #2708, #5484, #5351, #5407, #4513, #10819, #9981, #2769, #1932 ),
 .UNSPECIFIED., .F., .F.,
 ( 4, 2, 2, 2, 2, 2, 2, 2, 4 ),
 ( 0.000000000000000000, 0.007999604016039897278, 0.01199940602405984158, 0.01399930702806978164, 0.01599920803207972170, 0.02399881204811950969, 0.02599871305212944975, 0.02799861405613938981, 0.03199841606415926992 ),
 .UNSPECIFIED. ) ;
#6485 = EDGE_CURVE ( 'NONE', #1616, #9524, #11554, .T. ) ;
#6486 = EDGE_LOOP ( 'NONE', ( #6846, #8049 ) ) ;
#6487 = CARTESIAN_POINT ( 'NONE',  ( 0.5905511811023621549, -13.59255054237553573, 0.3937007874015748254 ) ) ;
#6488 = CARTESIAN_POINT ( 'NONE',  ( 0.1968503937007870241, 0.8331594030294338094, 0.3937007874015748254 ) ) ;
#6489 = PLANE ( 'NONE',  #3114 ) ;
#6490 = LINE ( 'NONE', #8979, #3548 ) ;
#6491 = ORIENTED_EDGE ( 'NONE', *, *, #7711, .T. ) ;
#6492 = FACE_BOUND ( 'NONE', #986, .T. ) ;
#6493 = ORIENTED_EDGE ( 'NONE', *, *, #6740, .T. ) ;
#6494 = VECTOR ( 'NONE', #3408, 39.37007874015748143 ) ;
#6495 = EDGE_CURVE ( 'NONE', #3520, #5024, #9105, .T. ) ;
#6496 = CARTESIAN_POINT ( 'NONE',  ( -5.137870221958633188, 3.937007874015748143, -7.072130618713249994 ) ) ;
#6497 = ORIENTED_EDGE ( 'NONE', *, *, #10891, .T. ) ;
#6498 = EDGE_CURVE ( 'NONE', #5349, #6610, #2607, .T. ) ;
#6499 = ORIENTED_EDGE ( 'NONE', *, *, #4580, .T. ) ;
#6500 = CARTESIAN_POINT ( 'NONE',  ( -2.952755905511811108, -12.41144818017080986, 0.3937007874015748254 ) ) ;
#6501 = CARTESIAN_POINT ( 'NONE',  ( 4.184668832571872166, 2.352331347388247451, 0.3937007874015748254 ) ) ;
#6502 = DIRECTION ( 'NONE',  ( -0.000000000000000000, -1.000000000000000000, -0.000000000000000000 ) ) ;
#6503 = DIRECTION ( 'NONE',  ( 0.000000000000000000, 0.000000000000000000, 1.000000000000000000 ) ) ;
#6504 = DIRECTION ( 'NONE',  ( -0.000000000000000000, 0.000000000000000000, 1.000000000000000000 ) ) ;
#6505 = EDGE_CURVE ( 'NONE', #10103, #9758, #7996, .T. ) ;
#6506 = DIRECTION ( 'NONE',  ( 0.000000000000000000, 0.000000000000000000, -1.000000000000000000 ) ) ;
#6507 = ORIENTED_EDGE ( 'NONE', *, *, #1066, .F. ) ;
#6508 = AXIS2_PLACEMENT_3D ( 'NONE', #4708, #4883, #3813 ) ;
#6509 = EDGE_CURVE ( 'NONE', #6907, #10103, #11660, .T. ) ;
#6510 = ORIENTED_EDGE ( 'NONE', *, *, #6275, .T. ) ;
#6511 = DIRECTION ( 'NONE',  ( 0.000000000000000000, 0.000000000000000000, -1.000000000000000000 ) ) ;
#6512 = CARTESIAN_POINT ( 'NONE',  ( -5.905511811023618662, 3.937007874015748143, 5.965761340813562796 ) ) ;
#6513 = PLANE ( 'NONE',  #1845 ) ;
#6514 = DIRECTION ( 'NONE',  ( 0.000000000000000000, -0.000000000000000000, -1.000000000000000000 ) ) ;
#6515 = VERTEX_POINT ( 'NONE', #5196 ) ;
#6516 = AXIS2_PLACEMENT_3D ( 'NONE', #7961, #7012, #4968 ) ;
#6517 = VECTOR ( 'NONE', #8855, 39.37007874015748143 ) ;
#6518 = CARTESIAN_POINT ( 'NONE',  ( -0.5905511811023621549, -13.59255054237553573, 0.000000000000000000 ) ) ;
#6519 = ORIENTED_EDGE ( 'NONE', *, *, #10630, .T. ) ;
#6520 = EDGE_LOOP ( 'NONE', ( #8990, #1288, #8880, #4917 ) ) ;
#6521 = CARTESIAN_POINT ( 'NONE',  ( -0.5905511811023621549, -0.3937007874015748254, 9.055118110236220375 ) ) ;
#6522 = CARTESIAN_POINT ( 'NONE',  ( 4.184668832571872166, -11.42719621166687283, 0.3937007874015748254 ) ) ;
#6523 = ORIENTED_EDGE ( 'NONE', *, *, #6550, .F. ) ;
#6524 = EDGE_CURVE ( 'NONE', #3815, #1828, #11493, .T. ) ;
#6525 = ORIENTED_EDGE ( 'NONE', *, *, #1336, .T. ) ;
#6526 = AXIS2_PLACEMENT_3D ( 'NONE', #5753, #5698, #2988 ) ;
#6527 = CARTESIAN_POINT ( 'NONE',  ( -4.921259842519685179, 1.683040008805569476, 0.000000000000000000 ) ) ;
#6528 = ORIENTED_EDGE ( 'NONE', *, *, #10315, .F. ) ;
#6529 = FACE_BOUND ( 'NONE', #1465, .T. ) ;
#6530 = CARTESIAN_POINT ( 'NONE',  ( 4.392152166776199351, 8.267716535433070391, 7.577239534397965492 ) ) ;
#6531 = CARTESIAN_POINT ( 'NONE',  ( 4.785852954177777008, 8.267716535433070391, -7.206675219446472269 ) ) ;
#6532 = ORIENTED_EDGE ( 'NONE', *, *, #6142, .T. ) ;
#6533 = CIRCLE ( 'NONE', #1926, 1.181102362204725420 ) ;
#6534 = DIRECTION ( 'NONE',  ( -0.000000000000000000, 1.000000000000000000, -0.000000000000000000 ) ) ;
#6535 = CARTESIAN_POINT ( 'NONE',  ( -4.923310919208258696, -6.505936369147188536, 0.3937007874015748254 ) ) ;
#6536 = PLANE ( 'NONE',  #6975 ) ;
#6537 = CARTESIAN_POINT ( 'NONE',  ( 2.952755905511811108, -11.23034581796608578, 0.3937007874015748254 ) ) ;
#6538 = DIRECTION ( 'NONE',  ( 0.000000000000000000, 0.000000000000000000, 1.000000000000000000 ) ) ;
#6539 = ORIENTED_EDGE ( 'NONE', *, *, #1806, .F. ) ;
#6540 = CYLINDRICAL_SURFACE ( 'NONE', #8593, 0.1968503937007875793 ) ;
#6541 = DIRECTION ( 'NONE',  ( 0.000000000000000000, 0.000000000000000000, 1.000000000000000000 ) ) ;
#6542 = CARTESIAN_POINT ( 'NONE',  ( 4.273251509737228560, -3.553180463635375208, 0.000000000000000000 ) ) ;
#6543 = CARTESIAN_POINT ( 'NONE',  ( 5.905511811023626656, 3.937007874015748143, 5.965761340813557467 ) ) ;
#6544 = AXIS2_PLACEMENT_3D ( 'NONE', #20, #7329, #9169 ) ;
#6545 = ORIENTED_EDGE ( 'NONE', *, *, #7056, .F. ) ;
#6546 = EDGE_CURVE ( 'NONE', #10576, #7645, #6074, .T. ) ;
#6547 = CARTESIAN_POINT ( 'NONE',  ( 3.346456692913387876, 7.480314960629921295, 6.420488492166129824 ) ) ;
#6548 = MANIFOLD_SOLID_BREP ( 'Cut-Extrude4[1]', #3486 ) ;
#6549 = VERTEX_POINT ( 'NONE', #10615 ) ;
#6550 = EDGE_CURVE ( 'NONE', #7764, #6743, #4288, .T. ) ;
#6551 = VERTEX_POINT ( 'NONE', #8775 ) ;
#6552 = CARTESIAN_POINT ( 'NONE',  ( 4.347829632394716093, -11.77069179321712333, 0.3937007874015748254 ) ) ;
#6553 = DIRECTION ( 'NONE',  ( -0.000000000000000000, -0.000000000000000000, 1.000000000000000000 ) ) ;
#6554 = DIRECTION ( 'NONE',  ( 1.000000000000000000, -2.775557561562892929E-15, 0.000000000000000000 ) ) ;
#6555 = ORIENTED_EDGE ( 'NONE', *, *, #8824, .T. ) ;
#6556 = CARTESIAN_POINT ( 'NONE',  ( 5.179553741579351112, 7.874015748031496287, 7.445930726915714004 ) ) ;
#6557 = ADVANCED_FACE ( 'NONE', ( #871 ), #4528, .F. ) ;
#6558 = CARTESIAN_POINT ( 'NONE',  ( 0.000000000000000000, 3.937007874015748143, -6.889763779527560139 ) ) ;
#6559 = ADVANCED_FACE ( 'NONE', ( #1821 ), #4458, .T. ) ;
#6560 = DIRECTION ( 'NONE',  ( 0.000000000000000000, 0.000000000000000000, 1.000000000000000000 ) ) ;
#6561 = ITEM_DEFINED_TRANSFORMATION ( 'NONE', 'NONE', #10010,  #7171 ) ;
#6562 = ORIENTED_EDGE ( 'NONE', *, *, #7585, .T. ) ;
#6563 = VERTEX_POINT ( 'NONE', #1041 ) ;
#6564 = DIRECTION ( 'NONE',  ( 0.000000000000000000, 0.000000000000000000, -1.000000000000000000 ) ) ;
#6565 = CIRCLE ( 'NONE', #7523, 0.3937007874015751585 ) ;
#6566 = DIRECTION ( 'NONE',  ( -0.000000000000000000, -0.000000000000000000, -1.000000000000000000 ) ) ;
#6567 = DIRECTION ( 'NONE',  ( 0.000000000000000000, 1.000000000000000000, 0.000000000000000000 ) ) ;
#6568 = CARTESIAN_POINT ( 'NONE',  ( 4.471879931551174359, -0.6432185497264709673, 0.3937007874015748254 ) ) ;
#6569 = ADVANCED_FACE ( 'NONE', ( #7347 ), #798, .F. ) ;
#6570 = AXIS2_PLACEMENT_3D ( 'NONE', #715, #10918, #832 ) ;
#6571 = CARTESIAN_POINT ( 'NONE',  ( 4.923310919208261360, -5.127983613241675620, 0.3937007874015748254 ) ) ;
#6572 = ORIENTED_EDGE ( 'NONE', *, *, #9122, .F. ) ;
#6573 = ADVANCED_FACE ( 'NONE', ( #8176 ), #2720, .F. ) ;
#6574 = PLANE ( 'NONE',  #10011 ) ;
#6575 = APPLICATION_CONTEXT ( 'automotive_design' ) ;
#6576 = ORIENTED_EDGE ( 'NONE', *, *, #4857, .T. ) ;
#6577 = ORIENTED_EDGE ( 'NONE', *, *, #6114, .T. ) ;
#6578 = VECTOR ( 'NONE', #7732, 39.37007874015748854 ) ;
#6579 = CARTESIAN_POINT ( 'NONE',  ( -4.921259842519685179, 1.683040008805569476, 0.3937007874015748254 ) ) ;
#6580 = CYLINDRICAL_SURFACE ( 'NONE', #7747, 0.08858267716535496439 ) ;
#6581 = ORIENTED_EDGE ( 'NONE', *, *, #50, .T. ) ;
#6582 = VERTEX_POINT ( 'NONE', #6568 ) ;
#6583 = PRODUCT_DEFINITION_SHAPE ( 'NONE', 'NONE',  #11801 ) ;
#6584 = CARTESIAN_POINT ( 'NONE',  ( 2.410722045565656686E-17, 3.149606299212599492, -7.086614173228347191 ) ) ;
#6585 = VERTEX_POINT ( 'NONE', #11783 ) ;
#6586 = DIRECTION ( 'NONE',  ( -1.000000000000000000, 0.000000000000000000, 0.000000000000000000 ) ) ;
#6587 = CARTESIAN_POINT ( 'NONE',  ( 4.184668832571873942, -3.553180463635375208, 0.000000000000000000 ) ) ;
#6588 = PLANE ( 'NONE',  #647 ) ;
#6589 = VECTOR ( 'NONE', #10934, 39.37007874015748143 ) ;
#6590 = VERTEX_POINT ( 'NONE', #11727 ) ;
#6591 = VECTOR ( 'NONE', #9877, 39.37007874015748143 ) ;
#6592 = EDGE_CURVE ( 'NONE', #1625, #4034, #8113, .T. ) ;
#6593 = CIRCLE ( 'NONE', #4467, 0.1968503937007875793 ) ;
#6594 = CARTESIAN_POINT ( 'NONE',  ( -4.921259842519685179, -10.75790487308419685, 0.000000000000000000 ) ) ;
#6595 = ORIENTED_EDGE ( 'NONE', *, *, #850, .T. ) ;
#6596 = LINE ( 'NONE', #2864, #4134 ) ;
#6597 = VECTOR ( 'NONE', #4008, 39.37007874015748143 ) ;
#6598 = VECTOR ( 'NONE', #9339, 39.37007874015748143 ) ;
#6599 = DIRECTION ( 'NONE',  ( -0.000000000000000000, -0.000000000000000000, 1.000000000000000000 ) ) ;
#6600 = DIRECTION ( 'NONE',  ( 0.000000000000000000, 0.000000000000000000, -1.000000000000000000 ) ) ;
#6601 = CARTESIAN_POINT ( 'NONE',  ( 0.000000000000000000, 3.937007874015748143, -6.692913385826772199 ) ) ;
#6602 = AXIS2_PLACEMENT_3D ( 'NONE', #434, #2175, #6687 ) ;
#6603 = EDGE_LOOP ( 'NONE', ( #10198, #9645 ) ) ;
#6604 = LINE ( 'NONE', #10218, #548 ) ;
#6605 = CARTESIAN_POINT ( 'NONE',  ( 2.858207359010676019, -6.438859693790624839, 0.7874015748031496509 ) ) ;
#6606 = AXIS2_PLACEMENT_3D ( 'NONE', #9153, #127, #953 ) ;
#6607 = FACE_OUTER_BOUND ( 'NONE', #11372, .T. ) ;
#6608 = FACE_OUTER_BOUND ( 'NONE', #849, .T. ) ;
#6609 = PLANE ( 'NONE',  #10367 ) ;
#6610 = VERTEX_POINT ( 'NONE', #3574 ) ;
#6611 = CIRCLE ( 'NONE', #3727, 0.1968503937007875793 ) ;
#6612 = CIRCLE ( 'NONE', #2183, 1.181102362204725420 ) ;
#6613 = DIRECTION ( 'NONE',  ( 0.000000000000000000, -1.000000000000000000, 0.000000000000000000 ) ) ;
#6614 = AXIS2_PLACEMENT_3D ( 'NONE', #3585, #8362, #5856 ) ;
#6615 = LINE ( 'NONE', #841, #9784 ) ;
#6616 = ORIENTED_EDGE ( 'NONE', *, *, #7353, .F. ) ;
#6617 = AXIS2_PLACEMENT_3D ( 'NONE', #9013, #3637, #7107 ) ;
#6618 = VECTOR ( 'NONE', #4164, 39.37007874015748143 ) ;
#6619 = VECTOR ( 'NONE', #10372, 39.37007874015748143 ) ;
#6620 = ORIENTED_EDGE ( 'NONE', *, *, #8945, .F. ) ;
#6621 = CARTESIAN_POINT ( 'NONE',  ( -0.1968503937007875237, 0.8331594030294345865, 0.7874015748031496509 ) ) ;
#6622 = LINE ( 'NONE', #10336, #499 ) ;
#6623 = FACE_OUTER_BOUND ( 'NONE', #7601, .T. ) ;
#6624 = EDGE_CURVE ( 'NONE', #10333, #11704, #3628, .T. ) ;
#6625 = EDGE_CURVE ( 'NONE', #9143, #5831, #7229, .T. ) ;
#6626 = FACE_OUTER_BOUND ( 'NONE', #6395, .T. ) ;
#6627 = VECTOR ( 'NONE', #3753, 39.37007874015748143 ) ;
#6628 = FACE_OUTER_BOUND ( 'NONE', #10371, .T. ) ;
#6629 = VERTEX_POINT ( 'NONE', #1226 ) ;
#6630 = AXIS2_PLACEMENT_3D ( 'NONE', #9735, #7067, #1445 ) ;
#6631 = VECTOR ( 'NONE', #11072, 39.37007874015748143 ) ;
#6632 = LINE ( 'NONE', #7457, #7393 ) ;
#6633 = PRODUCT_CONTEXT ( 'NONE', #8998, 'mechanical' ) ;
#6634 = ORIENTED_EDGE ( 'NONE', *, *, #9670, .T. ) ;
#6635 = VECTOR ( 'NONE', #7158, 39.37007874015748143 ) ;
#6636 = EDGE_CURVE ( 'NONE', #2986, #2361, #5366, .T. ) ;
#6637 = ORIENTED_EDGE ( 'NONE', *, *, #11043, .F. ) ;
#6638 = CARTESIAN_POINT ( 'NONE',  ( -4.273251509737226783, 2.352331347388246119, 0.3937007874015748254 ) ) ;
#6639 = CARTESIAN_POINT ( 'NONE',  ( -4.923310919208258696, -6.505936369147188536, 0.000000000000000000 ) ) ;
#6640 = EDGE_CURVE ( 'NONE', #5122, #2333, #10183, .T. ) ;
#6641 = VECTOR ( 'NONE', #4786, 39.37007874015748143 ) ;
#6642 = DIRECTION ( 'NONE',  ( 1.000000000000000000, 2.775557561562892929E-15, -0.000000000000000000 ) ) ;
#6643 = DIRECTION ( 'NONE',  ( -0.000000000000000000, -0.000000000000000000, 1.000000000000000000 ) ) ;
#6644 = VERTEX_POINT ( 'NONE', #3681 ) ;
#6645 = VERTEX_POINT ( 'NONE', #11066 ) ;
#6646 = VECTOR ( 'NONE', #361, 39.37007874015748143 ) ;
#6647 = EDGE_CURVE ( 'NONE', #7297, #1363, #7207, .T. ) ;
#6648 = CARTESIAN_POINT ( 'NONE',  ( -3.456684561203211992, -1.306301163389676168, 0.000000000000000000 ) ) ;
#6649 = CARTESIAN_POINT ( 'NONE',  ( 4.273251509737228560, -5.521684400643250612, 0.000000000000000000 ) ) ;
#6650 =( LENGTH_UNIT ( ) NAMED_UNIT ( * ) SI_UNIT ( $, .METRE. ) );
#6651 = EDGE_LOOP ( 'NONE', ( #8241, #4257, #1959, #6984 ) ) ;
#6652 = EDGE_CURVE ( 'NONE', #5936, #9114, #9004, .T. ) ;
#6653 = VERTEX_POINT ( 'NONE', #5423 ) ;
#6654 = AXIS2_PLACEMENT_3D ( 'NONE', #6272, #6106, #7103 ) ;
#6655 = DIRECTION ( 'NONE',  ( 4.857225732735059864E-15, 0.000000000000000000, -1.000000000000000000 ) ) ;
#6656 = DIRECTION ( 'NONE',  ( 0.000000000000000000, 0.000000000000000000, 1.000000000000000000 ) ) ;
#6657 = VERTEX_POINT ( 'NONE', #36 ) ;
#6658 = CARTESIAN_POINT ( 'NONE',  ( -4.923310919208262249, -3.946881251036951088, 0.000000000000000000 ) ) ;
#6659 = DIRECTION ( 'NONE',  ( -0.000000000000000000, -1.000000000000000000, -0.000000000000000000 ) ) ;
#6660 = DIRECTION ( 'NONE',  ( -1.000000000000000000, 5.551115123125780730E-16, 0.000000000000000000 ) ) ;
#6661 = CARTESIAN_POINT ( 'NONE',  ( 2.467341395385283409, -12.41144818017080809, 0.7874015748031496509 ) ) ;
#6662 = EDGE_CURVE ( 'NONE', #138, #5773, #9109, .T. ) ;
#6663 = CARTESIAN_POINT ( 'NONE',  ( 0.5905511811023639313, -0.3937007874015748254, -7.874015748031495399 ) ) ;
#6664 = CARTESIAN_POINT ( 'NONE',  ( -3.549822394964751382, 0.000000000000000000, -7.374193064736720871 ) ) ;
#6665 = CARTESIAN_POINT ( 'NONE',  ( 4.923310919208261360, -2.568928495131438172, 0.000000000000000000 ) ) ;
#6666 = VERTEX_POINT ( 'NONE', #927 ) ;
#6667 = EDGE_CURVE ( 'NONE', #9057, #6902, #5499, .T. ) ;
#6668 = CARTESIAN_POINT ( 'NONE',  ( 2.858207359010677351, -2.698702213475663303, 0.3937007874015748254 ) ) ;
#6669 = LINE ( 'NONE', #2093, #2414 ) ;
#6670 = DIRECTION ( 'NONE',  ( 0.000000000000000000, -0.000000000000000000, 1.000000000000000000 ) ) ;
#6671 = ORIENTED_EDGE ( 'NONE', *, *, #2036, .F. ) ;
#6672 = CARTESIAN_POINT ( 'NONE',  ( -3.549822394964751382, 3.149606299212599492, -7.374193064736720871 ) ) ;
#6673 = ORIENTED_EDGE ( 'NONE', *, *, #1419, .T. ) ;
#6674 = DIRECTION ( 'NONE',  ( 0.000000000000000000, 0.000000000000000000, -1.000000000000000000 ) ) ;
#6675 = LINE ( 'NONE', #7796, #265 ) ;
#6676 = VERTEX_POINT ( 'NONE', #9185 ) ;
#6677 = ORIENTED_EDGE ( 'NONE', *, *, #5458, .F. ) ;
#6678 = EDGE_CURVE ( 'NONE', #4067, #2091, #10948, .T. ) ;
#6679 = LINE ( 'NONE', #3908, #5979 ) ;
#6680 = DIRECTION ( 'NONE',  ( -0.000000000000000000, 1.000000000000000000, -0.000000000000000000 ) ) ;
#6681 = CARTESIAN_POINT ( 'NONE',  ( 4.724409448818901680, 3.937007874015748143, 5.965761340813557467 ) ) ;
#6682 = CARTESIAN_POINT ( 'NONE',  ( 3.740157480314960647, -10.75790487308419685, 0.000000000000000000 ) ) ;
#6683 = ORIENTED_EDGE ( 'NONE', *, *, #10263, .F. ) ;
#6684 = DIRECTION ( 'NONE',  ( 0.9367259886217340625, 0.000000000000000000, -0.3500634545916422868 ) ) ;
#6685 = EDGE_LOOP ( 'NONE', ( #5507, #609, #6001, #2021 ) ) ;
#6686 = VERTEX_POINT ( 'NONE', #3757 ) ;
#6687 = DIRECTION ( 'NONE',  ( 0.000000000000000000, 0.000000000000000000, 1.000000000000000000 ) ) ;
#6688 = CARTESIAN_POINT ( 'NONE',  ( -2.952755905511811108, -12.41144818017080986, 0.3937007874015748254 ) ) ;
#6689 = AXIS2_PLACEMENT_3D ( 'NONE', #4596, #1897, #9260 ) ;
#6690 = CARTESIAN_POINT ( 'NONE',  ( 4.921259842519685179, 1.368079378884309083, 0.3937007874015748254 ) ) ;
#6691 = DIRECTION ( 'NONE',  ( -0.000000000000000000, -0.000000000000000000, -1.000000000000000000 ) ) ;
#6692 = EDGE_LOOP ( 'NONE', ( #5101, #9011, #5898, #2268 ) ) ;
#6693 = ORIENTED_EDGE ( 'NONE', *, *, #9391, .T. ) ;
#6694 = VECTOR ( 'NONE', #9767, 39.37007874015748143 ) ;
#6695 = DIRECTION ( 'NONE',  ( 0.000000000000000000, 0.000000000000000000, 1.000000000000000000 ) ) ;
#6696 = ADVANCED_FACE ( 'NONE', ( #7412 ), #6513, .F. ) ;
#6697 = ORIENTED_EDGE ( 'NONE', *, *, #5129, .F. ) ;
#6698 = LINE ( 'NONE', #3819, #3941 ) ;
#6699 = ORIENTED_EDGE ( 'NONE', *, *, #5333, .F. ) ;
#6700 = ADVANCED_BREP_SHAPE_REPRESENTATION ( '', ( #10134, #6548, #10307, #6368, #2300, #7171 ), #2568 ) ;
#6701 = ORIENTED_EDGE ( 'NONE', *, *, #1125, .T. ) ;
#6702 = EDGE_CURVE ( 'NONE', #11452, #7629, #2808, .T. ) ;
#6703 = PLANE ( 'NONE',  #100 ) ;
#6704 = DIRECTION ( 'NONE',  ( 0.000000000000000000, -0.000000000000000000, -1.000000000000000000 ) ) ;
#6705 = EDGE_LOOP ( 'NONE', ( #4859, #1206, #421, #11473 ) ) ;
#6706 = VECTOR ( 'NONE', #3229, 39.37007874015748143 ) ;
#6707 = AXIS2_PLACEMENT_3D ( 'NONE', #2709, #9867, #9982 ) ;
#6708 = FACE_OUTER_BOUND ( 'NONE', #1715, .T. ) ;
#6709 = LINE ( 'NONE', #9264, #9067 ) ;
#6710 = ORIENTED_EDGE ( 'NONE', *, *, #7795, .F. ) ;
#6711 = EDGE_CURVE ( 'NONE', #6316, #4914, #4881, .T. ) ;
#6712 = CIRCLE ( 'NONE', #8406, 0.5905511811023627100 ) ;
#6713 = DIRECTION ( 'NONE',  ( -1.387778780781444571E-14, -1.000000000000000000, -0.000000000000000000 ) ) ;
#6714 = ADVANCED_FACE ( 'NONE', ( #9307 ), #7593, .F. ) ;
#6715 = DIRECTION ( 'NONE',  ( 1.233581138472396704E-15, -1.000000000000000000, 0.000000000000000000 ) ) ;
#6716 = VECTOR ( 'NONE', #3002, 39.37007874015748143 ) ;
#6717 = LINE ( 'NONE', #10319, #8300 ) ;
#6718 = DIRECTION ( 'NONE',  ( 1.000000000000000000, 0.000000000000000000, 0.000000000000000000 ) ) ;
#6719 = CARTESIAN_POINT ( 'NONE',  ( 0.4737032289015790099, 9.448818897637794478, 0.1482536524622696805 ) ) ;
#6720 = ORIENTED_EDGE ( 'NONE', *, *, #10748, .F. ) ;
#6721 = CARTESIAN_POINT ( 'NONE',  ( 4.783372228692591044, 3.149606299212599492, 5.462010897581294877 ) ) ;
#6722 = DIRECTION ( 'NONE',  ( 0.000000000000000000, 0.000000000000000000, 1.000000000000000000 ) ) ;
#6723 = CARTESIAN_POINT ( 'NONE',  ( 2.952755905511811108, -11.23034581796608578, 0.000000000000000000 ) ) ;
#6724 = ORIENTED_EDGE ( 'NONE', *, *, #8380, .F. ) ;
#6725 = DIRECTION ( 'NONE',  ( -0.6974961937938046752, 0.000000000000000000, 0.7165884869596741424 ) ) ;
#6726 = VERTEX_POINT ( 'NONE', #11305 ) ;
#6727 = VECTOR ( 'NONE', #9661, 39.37007874015748143 ) ;
#6728 = ADVANCED_FACE ( 'NONE', ( #3928 ), #9530, .F. ) ;
#6729 = EDGE_CURVE ( 'NONE', #3261, #9181, #2967, .T. ) ;
#6730 = CARTESIAN_POINT ( 'NONE',  ( -4.724409448818897239, 3.937007874015748143, -5.965761340813562796 ) ) ;
#6731 = PLANE ( 'NONE',  #9434 ) ;
#6732 = EDGE_LOOP ( 'NONE', ( #10071, #9413, #10629, #10430 ) ) ;
#6733 = ORIENTED_EDGE ( 'NONE', *, *, #6711, .F. ) ;
#6734 = DIRECTION ( 'NONE',  ( 0.000000000000000000, 0.000000000000000000, 1.000000000000000000 ) ) ;
#6735 = CARTESIAN_POINT ( 'NONE',  ( -3.299501261425538789, -6.899637156548763528, 0.3937007874015748254 ) ) ;
#6736 = EDGE_LOOP ( 'NONE', ( #3700, #537, #4735, #1732 ) ) ;
#6737 = CARTESIAN_POINT ( 'NONE',  ( -2.858207359010676019, -2.698702213475664191, 0.3937007874015748254 ) ) ;
#6739 = EDGE_CURVE ( 'NONE', #8128, #6644, #206, .T. ) ;
#6738 = CIRCLE ( 'NONE', #1172, 0.3937007874015751585 ) ;
#6740 = EDGE_CURVE ( 'NONE', #217, #4034, #10246, .T. ) ;
#6741 = UNCERTAINTY_MEASURE_WITH_UNIT (LENGTH_MEASURE( 1.000000000000000082E-05 ), #7475, 'distance_accuracy_value', 'NONE');
#6742 = CARTESIAN_POINT ( 'NONE',  ( 4.184668832571872166, 2.352331347388247451, 0.3937007874015748254 ) ) ;
#6743 = VERTEX_POINT ( 'NONE', #5734 ) ;
#6744 = EDGE_LOOP ( 'NONE', ( #8253, #142, #2692, #5865 ) ) ;
#6745 = CARTESIAN_POINT ( 'NONE',  ( 3.346456692913387876, 7.480314960629921295, 5.829937311063766892 ) ) ;
#6746 = CARTESIAN_POINT ( 'NONE',  ( -4.591619688868616045, 8.267716535433070391, -7.206675219446472269 ) ) ;
#6747 = CARTESIAN_POINT ( 'NONE',  ( -5.019685039370074264, 3.937007874015748143, 6.395228468411556122 ) ) ;
#6748 = CARTESIAN_POINT ( 'NONE',  ( 2.467341395385283409, -12.41144818017080809, 0.7874015748031496509 ) ) ;
#6749 = ORIENTED_EDGE ( 'NONE', *, *, #9401, .F. ) ;
#6750 = FACE_OUTER_BOUND ( 'NONE', #6896, .T. ) ;
#6751 = VERTEX_POINT ( 'NONE', #8465 ) ;
#6752 = DIRECTION ( 'NONE',  ( 0.000000000000000000, -1.000000000000000000, 0.000000000000000000 ) ) ;
#6753 =( NAMED_UNIT ( * ) PLANE_ANGLE_UNIT ( ) SI_UNIT ( $, .RADIAN. ) );
#6754 = ORIENTED_EDGE ( 'NONE', *, *, #7679, .F. ) ;
#6755 = VERTEX_POINT ( 'NONE', #9361 ) ;
#6756 = CARTESIAN_POINT ( 'NONE',  ( -5.905511811023623103, -0.3937007874015748254, -0.5905511811023639313 ) ) ;
#6757 = CIRCLE ( 'NONE', #5614, 0.1968503937007875793 ) ;
#6758 = PRESENTATION_STYLE_ASSIGNMENT (( #3154 ) ) ;
#6759 = ORIENTED_EDGE ( 'NONE', *, *, #2956, .T. ) ;
#6760 = DIRECTION ( 'NONE',  ( -1.000000000000000000, 0.000000000000000000, 0.000000000000000000 ) ) ;
#6761 = ADVANCED_FACE ( 'NONE', ( #1163 ), #11194, .F. ) ;
#6762 = DIRECTION ( 'NONE',  ( 0.000000000000000000, 0.000000000000000000, 1.000000000000000000 ) ) ;
#6763 = ORIENTED_EDGE ( 'NONE', *, *, #5029, .F. ) ;
#6764 = CARTESIAN_POINT ( 'NONE',  ( -4.591619688868613380, 7.480314960629921295, -7.952773140716710820 ) ) ;
#6765 = EDGE_LOOP ( 'NONE', ( #3287, #10345, #327, #4387 ) ) ;
#6766 = CARTESIAN_POINT ( 'NONE',  ( -2.073640607983706197, -10.63979463686372284, 0.3937007874015748254 ) ) ;
#6767 = CARTESIAN_POINT ( 'NONE',  ( 6.104413281412985448, -3.946881251036950200, 0.3937007874015748254 ) ) ;
#6768 = PLANE ( 'NONE',  #2957 ) ;
#6769 = CARTESIAN_POINT ( 'NONE',  ( 0.000000000000000000, 0.000000000000000000, 0.000000000000000000 ) ) ;
#6770 = CARTESIAN_POINT ( 'NONE',  ( -2.467341395385281633, 1.564929772585096579, 0.7874015748031496509 ) ) ;
#6771 = EDGE_CURVE ( 'NONE', #1905, #9029, #4099, .T. ) ;
#6772 = EDGE_LOOP ( 'NONE', ( #4453, #9242, #5445, #7626 ) ) ;
#6773 = CIRCLE ( 'NONE', #8852, 0.3937007874015751585 ) ;
#6774 = DIRECTION ( 'NONE',  ( 0.000000000000000000, 0.000000000000000000, -1.000000000000000000 ) ) ;
#6775 = ORIENTED_EDGE ( 'NONE', *, *, #10578, .T. ) ;
#6776 = CARTESIAN_POINT ( 'NONE',  ( -4.197918901467038388, 8.267716535433070391, 7.577239534397965492 ) ) ;
#6777 = CARTESIAN_POINT ( 'NONE',  ( -4.923310919208258696, -6.505936369147188536, 0.3937007874015748254 ) ) ;
#6778 = EDGE_CURVE ( 'NONE', #9758, #1590, #7758, .T. ) ;
#6779 = ORIENTED_EDGE ( 'NONE', *, *, #6875, .F. ) ;
#6780 = CARTESIAN_POINT ( 'NONE',  ( 4.370956789862821150E-15, 0.000000000000000000, 7.086614173228344526 ) ) ;
#6781 = VERTEX_POINT ( 'NONE', #11369 ) ;
#6782 = CIRCLE ( 'NONE', #3711, 1.181102362204724310 ) ;
#6783 = VECTOR ( 'NONE', #3247, 39.37007874015748143 ) ;
#6784 = LINE ( 'NONE', #4571, #2579 ) ;
#6785 = CARTESIAN_POINT ( 'NONE',  ( 3.549822394964750494, 3.149606299212599492, -7.374193064736720871 ) ) ;
#6786 = ORIENTED_EDGE ( 'NONE', *, *, #2358, .F. ) ;
#6787 = AXIS2_PLACEMENT_3D ( 'NONE', #11033, #3838, #6188 ) ;
#6788 = EDGE_CURVE ( 'NONE', #5835, #2231, #10297, .T. ) ;
#6789 = ORIENTED_EDGE ( 'NONE', *, *, #5706, .F. ) ;
#6790 = DIRECTION ( 'NONE',  ( -1.000000000000000000, -0.000000000000000000, -0.000000000000000000 ) ) ;
#6791 = DIRECTION ( 'NONE',  ( 0.000000000000000000, 0.000000000000000000, 1.000000000000000000 ) ) ;
#6792 = ORIENTED_EDGE ( 'NONE', *, *, #3777, .T. ) ;
#6793 = DIRECTION ( 'NONE',  ( 1.000000000000000000, 0.000000000000000000, 0.000000000000000000 ) ) ;
#6794 = FACE_OUTER_BOUND ( 'NONE', #6175, .T. ) ;
#6795 = EDGE_CURVE ( 'NONE', #456, #1054, #5791, .T. ) ;
#6796 = CIRCLE ( 'NONE', #1603, 0.1968503937007875793 ) ;
#6797 = CARTESIAN_POINT ( 'NONE',  ( 4.184668832571872166, 2.352331347388247451, 0.000000000000000000 ) ) ;
#6798 = CIRCLE ( 'NONE', #8307, 0.08858267716535440928 ) ;
#6799 = AXIS2_PLACEMENT_3D ( 'NONE', #5624, #2910, #9250 ) ;
#6800 = AXIS2_PLACEMENT_3D ( 'NONE', #1402, #7820, #4042 ) ;
#6801 = AXIS2_PLACEMENT_3D ( 'NONE', #4410, #805, #8183 ) ;
#6802 = CARTESIAN_POINT ( 'NONE',  ( 3.299501261425538789, -10.04924345576135813, 0.7874015748031496509 ) ) ;
#6803 = ORIENTED_EDGE ( 'NONE', *, *, #3184, .T. ) ;
#6804 = DIRECTION ( 'NONE',  ( 0.000000000000000000, -1.000000000000000000, 0.000000000000000000 ) ) ;
#6805 = ORIENTED_EDGE ( 'NONE', *, *, #5681, .F. ) ;
#6806 = CARTESIAN_POINT ( 'NONE',  ( 0.000000000000000000, 0.000000000000000000, 1.574803149606299302 ) ) ;
#6807 = AXIS2_PLACEMENT_3D ( 'NONE', #10613, #10545, #5986 ) ;
#6808 = FACE_OUTER_BOUND ( 'NONE', #717, .T. ) ;
#6809 = EDGE_LOOP ( 'NONE', ( #8361, #5635, #3377, #10797 ) ) ;
#6810 = EDGE_CURVE ( 'NONE', #11243, #10039, #8526, .T. ) ;
#6811 = DIRECTION ( 'NONE',  ( 5.551115123125780730E-16, 1.000000000000000000, -0.000000000000000000 ) ) ;
#6812 = CARTESIAN_POINT ( 'NONE',  ( 4.273251509737226783, 2.352331347388247451, 0.000000000000000000 ) ) ;
#6813 = AXIS2_PLACEMENT_3D ( 'NONE', #355, #8615, #8503 ) ;
#6814 = VECTOR ( 'NONE', #7989, 39.37007874015748143 ) ;
#6815 = ORIENTED_EDGE ( 'NONE', *, *, #5780, .F. ) ;
#6816 = CIRCLE ( 'NONE', #10782, 0.08858267716535496439 ) ;
#6817 = CARTESIAN_POINT ( 'NONE',  ( -4.921259842519680738, -10.44294424316293757, 0.3937007874015748254 ) ) ;
#6818 = DIRECTION ( 'NONE',  ( 0.000000000000000000, -1.000000000000000000, 0.000000000000000000 ) ) ;
#6819 = ORIENTED_EDGE ( 'NONE', *, *, #11034, .T. ) ;
#6820 = CIRCLE ( 'NONE', #2017, 0.1968503937007875793 ) ;
#6821 = VERTEX_POINT ( 'NONE', #11249 ) ;
#6822 = CARTESIAN_POINT ( 'NONE',  ( -0.1968503937007874127, -9.987206167435246584, 0.7874015748031496509 ) ) ;
#6823 = ADVANCED_FACE ( 'NONE', ( #3078 ), #10350, .F. ) ;
#6824 = DIRECTION ( 'NONE',  ( 0.000000000000000000, 0.000000000000000000, 1.000000000000000000 ) ) ;
#6825 = ORIENTED_EDGE ( 'NONE', *, *, #7272, .F. ) ;
#6826 = VECTOR ( 'NONE', #7738, 39.37007874015748854 ) ;
#6827 = DIRECTION ( 'NONE',  ( -1.156482317317871478E-16, 0.000000000000000000, -1.000000000000000000 ) ) ;
#6828 = CARTESIAN_POINT ( 'NONE',  ( 3.560428057591566997, -12.24313273809901048, 0.3937007874015748254 ) ) ;
#6829 = ORIENTED_EDGE ( 'NONE', *, *, #9677, .T. ) ;
#6830 = SURFACE_STYLE_FILL_AREA ( #2256 ) ;
#6831 = VERTEX_POINT ( 'NONE', #1279 ) ;
#6832 = DIMENSIONAL_EXPONENTS ( 1.000000000000000000, 0.000000000000000000, 0.000000000000000000, 0.000000000000000000, 0.000000000000000000, 0.000000000000000000, 0.000000000000000000 ) ;
#6833 = CARTESIAN_POINT ( 'NONE',  ( 2.703458040287971098, 3.149606299212599492, -7.731481024822777215 ) ) ;
#6834 = FACE_OUTER_BOUND ( 'NONE', #49, .T. ) ;
#6835 = AXIS2_PLACEMENT_3D ( 'NONE', #9279, #10274, #8379 ) ;
#6836 = EDGE_CURVE ( 'NONE', #388, #5936, #1405, .T. ) ;
#6837 = EDGE_CURVE ( 'NONE', #7736, #6582, #9980, .T. ) ;
#6838 = CARTESIAN_POINT ( 'NONE',  ( -4.184668832571872166, 2.352331347388246119, 0.3937007874015748254 ) ) ;
#6839 = DIRECTION ( 'NONE',  ( -0.000000000000000000, -0.000000000000000000, -1.000000000000000000 ) ) ;
#6840 = DIRECTION ( 'NONE',  ( -0.000000000000000000, -1.000000000000000000, -0.000000000000000000 ) ) ;
#6841 = ORIENTED_EDGE ( 'NONE', *, *, #5169, .T. ) ;
#6842 = FACE_OUTER_BOUND ( 'NONE', #11654, .T. ) ;
#6843 = ORIENTED_EDGE ( 'NONE', *, *, #8559, .T. ) ;
#6844 = ADVANCED_FACE ( 'NONE', ( #9704 ), #7984, .F. ) ;
#6845 = DIRECTION ( 'NONE',  ( 1.156482317317871478E-16, -1.000000000000000000, 0.000000000000000000 ) ) ;
#6846 = ORIENTED_EDGE ( 'NONE', *, *, #2924, .T. ) ;
#6847 = VERTEX_POINT ( 'NONE', #7925 ) ;
#6848 = LINE ( 'NONE', #6901, #1222 ) ;
#6849 = DIRECTION ( 'NONE',  ( 0.000000000000000000, 0.000000000000000000, 1.000000000000000000 ) ) ;
#6850 = EDGE_CURVE ( 'NONE', #8263, #2636, #11540, .T. ) ;
#6851 = CARTESIAN_POINT ( 'NONE',  ( -0.5905511811023621549, 4.517685678096908575, 0.000000000000000000 ) ) ;
#6852 = ORIENTED_EDGE ( 'NONE', *, *, #5148, .F. ) ;
#6853 = ORIENTED_EDGE ( 'NONE', *, *, #2562, .T. ) ;
#6854 = ORIENTED_EDGE ( 'NONE', *, *, #10830, .T. ) ;
#6855 = DIRECTION ( 'NONE',  ( 1.526556658859591821E-15, 1.000000000000000000, 0.000000000000000000 ) ) ;
#6856 = CARTESIAN_POINT ( 'NONE',  ( 4.519676687187463848, -1.295201033765735366, 0.3937007874015748254 ) ) ;
#6857 = ORIENTED_EDGE ( 'NONE', *, *, #5372, .F. ) ;
#6858 = CARTESIAN_POINT ( 'NONE',  ( 3.693202048827119999, -10.44294424316293224, 0.3937007874015748254 ) ) ;
#6859 = CARTESIAN_POINT ( 'NONE',  ( 4.392152166776200239, 7.874015748031496287, -7.952773140716710820 ) ) ;
#6860 = ORIENTED_EDGE ( 'NONE', *, *, #11286, .F. ) ;
#6861 = LINE ( 'NONE', #7976, #9427 ) ;
#6862 = ORIENTED_EDGE ( 'NONE', *, *, #5834, .F. ) ;
#6863 = EDGE_CURVE ( 'NONE', #1979, #1019, #71, .T. ) ;
#6864 = EDGE_CURVE ( 'NONE', #3815, #10078, #7036, .T. ) ;
#6865 = DIRECTION ( 'NONE',  ( 0.000000000000000000, 0.000000000000000000, -1.000000000000000000 ) ) ;
#6866 = VERTEX_POINT ( 'NONE', #11646 ) ;
#6867 = DIRECTION ( 'NONE',  ( -0.000000000000000000, -0.000000000000000000, -1.000000000000000000 ) ) ;
#6868 = EDGE_LOOP ( 'NONE', ( #9512, #281 ) ) ;
#6869 = CARTESIAN_POINT ( 'NONE',  ( 4.923310919208261360, -3.946881251036950200, 0.000000000000000000 ) ) ;
#6870 = DIRECTION ( 'NONE',  ( 0.000000000000000000, 0.000000000000000000, -1.000000000000000000 ) ) ;
#6871 = ORIENTED_EDGE ( 'NONE', *, *, #5738, .F. ) ;
#6872 = DIRECTION ( 'NONE',  ( 1.156482317317871478E-16, 1.000000000000000000, -0.000000000000000000 ) ) ;
#6873 = CARTESIAN_POINT ( 'NONE',  ( 6.496062992125987812, -0.3937007874015748254, -0.3937007874015736042 ) ) ;
#6874 = ORIENTED_EDGE ( 'NONE', *, *, #338, .F. ) ;
#6875 = EDGE_CURVE ( 'NONE', #8335, #9533, #8095, .T. ) ;
#6876 = CARTESIAN_POINT ( 'NONE',  ( -2.703458040287970654, 0.000000000000000000, 7.086614173228346303 ) ) ;
#6877 = ORIENTED_EDGE ( 'NONE', *, *, #1699, .F. ) ;
#6878 = EDGE_CURVE ( 'NONE', #7135, #6686, #3493, .T. ) ;
#6879 = DIRECTION ( 'NONE',  ( 1.000000000000000000, -0.000000000000000000, 4.649641239344063863E-15 ) ) ;
#6880 =( LENGTH_UNIT ( ) NAMED_UNIT ( * ) SI_UNIT ( $, .METRE. ) );
#6881 = ORIENTED_EDGE ( 'NONE', *, *, #9096, .F. ) ;
#6882 = ORIENTED_EDGE ( 'NONE', *, *, #9941, .F. ) ;
#6883 = LINE ( 'NONE', #2365, #4879 ) ;
#6884 = CARTESIAN_POINT ( 'NONE',  ( 4.785852954177774343, 7.480314960629921295, 8.233332301718867541 ) ) ;
#6885 = LINE ( 'NONE', #1483, #7743 ) ;
#6886 = AXIS2_PLACEMENT_3D ( 'NONE', #5511, #813, #6285 ) ;
#6887 = EDGE_LOOP ( 'NONE', ( #7978, #9372 ) ) ;
#6888 = EDGE_CURVE ( 'NONE', #1371, #562, #5234, .T. ) ;
#6889 = CARTESIAN_POINT ( 'NONE',  ( 3.693202048827116002, 1.368079378884309083, 0.3937007874015748254 ) ) ;
#6890 = CARTESIAN_POINT ( 'NONE',  ( -3.653534954903999488, -1.306301163389676168, 0.3937007874015748254 ) ) ;
#6891 = LINE ( 'NONE', #7781, #2558 ) ;
#6893 = DIRECTION ( 'NONE',  ( -1.000000000000000000, 0.000000000000000000, 0.000000000000000000 ) ) ;
#6892 = VECTOR ( 'NONE', #4763, 39.37007874015748143 ) ;
#6894 = CARTESIAN_POINT ( 'NONE',  ( 4.519676687187463848, -1.295201033765735366, 0.000000000000000000 ) ) ;
#6895 = VECTOR ( 'NONE', #1572, 39.37007874015748143 ) ;
#6896 = EDGE_LOOP ( 'NONE', ( #3475, #5395, #3570, #417, #7086, #6507, #5683, #6338 ) ) ;
#6897 = CYLINDRICAL_SURFACE ( 'NONE', #4762, 0.08858267716535440928 ) ;
#6898 = EDGE_LOOP ( 'NONE', ( #351, #6881, #2677, #10871 ) ) ;
#6899 = CARTESIAN_POINT ( 'NONE',  ( -0.5905511811023621549, 4.517685678096908575, 0.000000000000000000 ) ) ;
#6900 = ORIENTED_EDGE ( 'NONE', *, *, #5980, .F. ) ;
#6901 = CARTESIAN_POINT ( 'NONE',  ( 4.923310919208258696, -6.505936369147187648, 0.3937007874015748254 ) ) ;
#6902 = VERTEX_POINT ( 'NONE', #7091 ) ;
#6903 = VECTOR ( 'NONE', #1545, 39.37007874015748143 ) ;
#6904 = FACE_BOUND ( 'NONE', #3649, .T. ) ;
#6905 = CARTESIAN_POINT ( 'NONE',  ( 5.118110236220536180, 0.000000000000000000, 1.968503937007893390 ) ) ;
#6906 = ORIENTED_EDGE ( 'NONE', *, *, #7337, .F. ) ;
#6907 = VERTEX_POINT ( 'NONE', #7871 ) ;
#6908 = DIRECTION ( 'NONE',  ( 1.000000000000000000, 0.000000000000000000, 0.000000000000000000 ) ) ;
#6909 = DIRECTION ( 'NONE',  ( 0.000000000000000000, 0.000000000000000000, 1.000000000000000000 ) ) ;
#6910 = ORIENTED_EDGE ( 'NONE', *, *, #8165, .T. ) ;
#6911 = VECTOR ( 'NONE', #10076, 39.37007874015748143 ) ;
#6912 = CARTESIAN_POINT ( 'NONE',  ( -2.778641590709038045, 0.000000000000000000, 7.874015748031495399 ) ) ;
#6913 = CARTESIAN_POINT ( 'NONE',  ( 5.905511811023623103, 3.937007874015748143, -5.965761340813563685 ) ) ;
#6914 = ORIENTED_EDGE ( 'NONE', *, *, #5078, .T. ) ;
#6915 = DIRECTION ( 'NONE',  ( -1.000000000000000000, 0.000000000000000000, -0.000000000000000000 ) ) ;
#6916 = EDGE_CURVE ( 'NONE', #6585, #2502, #11590, .T. ) ;
#6917 = FACE_BOUND ( 'NONE', #10081, .T. ) ;
#6918 = ORIENTED_EDGE ( 'NONE', *, *, #7625, .T. ) ;
#6919 = CARTESIAN_POINT ( 'NONE',  ( -2.778641590709042930, 0.000000000000000000, -7.874015748031498063 ) ) ;
#6920 = EDGE_LOOP ( 'NONE', ( #271, #10205 ) ) ;
#6921 = DIRECTION ( 'NONE',  ( -1.000000000000000000, 0.000000000000000000, 0.000000000000000000 ) ) ;
#6922 = DIRECTION ( 'NONE',  ( 0.000000000000000000, 1.000000000000000000, -0.000000000000000000 ) ) ;
#6923 = EDGE_CURVE ( 'NONE', #11208, #6726, #1521, .T. ) ;
#6924 = ORIENTED_EDGE ( 'NONE', *, *, #136, .F. ) ;
#6925 = DIRECTION ( 'NONE',  ( 0.000000000000000000, 0.000000000000000000, -1.000000000000000000 ) ) ;
#6926 = CARTESIAN_POINT ( 'NONE',  ( 4.785852954177781449, 9.055118110236220375, 7.445930726915714004 ) ) ;
#6927 = EDGE_CURVE ( 'NONE', #7395, #3898, #10534, .T. ) ;
#6928 = ORIENTED_EDGE ( 'NONE', *, *, #4056, .T. ) ;
#6929 = EDGE_CURVE ( 'NONE', #5039, #7078, #6149, .T. ) ;
#6930 = CARTESIAN_POINT ( 'NONE',  ( -5.118110236220536180, 3.149606299212599492, 4.638196495462627134 ) ) ;
#6931 = CARTESIAN_POINT ( 'NONE',  ( -2.952755905511811108, -11.23034581796608578, 0.000000000000000000 ) ) ;
#6932 = ORIENTED_EDGE ( 'NONE', *, *, #7392, .F. ) ;
#6933 = VERTEX_POINT ( 'NONE', #3438 ) ;
#6934 = DIRECTION ( 'NONE',  ( -1.000000000000000000, 0.000000000000000000, 0.000000000000000000 ) ) ;
#6935 = EDGE_CURVE ( 'NONE', #6676, #8346, #2471, .T. ) ;
#6936 = DIRECTION ( 'NONE',  ( -1.000000000000000000, -0.000000000000000000, -0.000000000000000000 ) ) ;
#6937 = FACE_OUTER_BOUND ( 'NONE', #7482, .T. ) ;
#6938 = FACE_BOUND ( 'NONE', #8617, .T. ) ;
#6939 = EDGE_CURVE ( 'NONE', #4828, #5269, #1469, .T. ) ;
#6940 = CARTESIAN_POINT ( 'NONE',  ( 4.519676687187463848, 0.008763934312793467477, 0.3937007874015748254 ) ) ;
#6941 = ORIENTED_EDGE ( 'NONE', *, *, #3252, .F. ) ;
#6942 = DIRECTION ( 'NONE',  ( -1.000000000000000000, 0.000000000000000000, -0.000000000000000000 ) ) ;
#6943 = CARTESIAN_POINT ( 'NONE',  ( 3.838582677165354173, 3.937007874015748143, -6.395228468411556122 ) ) ;
#6944 = FILL_AREA_STYLE ('',( #3622 ) ) ;
#6945 = CARTESIAN_POINT ( 'NONE',  ( 3.850385348604786984, -1.306301163389676168, 0.000000000000000000 ) ) ;
#6946 = CARTESIAN_POINT ( 'NONE',  ( 4.921259842519685179, 1.683040008805569476, 0.000000000000000000 ) ) ;
#6947 = ORIENTED_EDGE ( 'NONE', *, *, #10038, .F. ) ;
#6948 = CARTESIAN_POINT ( 'NONE',  ( -3.693202048827115558, -2.175227707729864512, 0.7874015748031496509 ) ) ;
#6949 = DIRECTION ( 'NONE',  ( -1.000000000000000000, -0.000000000000000000, -0.000000000000000000 ) ) ;
#6950 = ORIENTED_EDGE ( 'NONE', *, *, #103, .T. ) ;
#6951 = CARTESIAN_POINT ( 'NONE',  ( 4.322826293486675908, 0.008763934312793491763, 0.000000000000000000 ) ) ;
#6952 = ADVANCED_FACE ( 'NONE', ( #5127 ), #4161, .F. ) ;
#6953 = VERTEX_POINT ( 'NONE', #1397 ) ;
#6954 = EDGE_LOOP ( 'NONE', ( #10701, #1499 ) ) ;
#6955 = ORIENTED_EDGE ( 'NONE', *, *, #7928, .T. ) ;
#6956 = DIRECTION ( 'NONE',  ( 0.000000000000000000, 0.000000000000000000, -1.000000000000000000 ) ) ;
#6957 =( REPRESENTATION_RELATIONSHIP ('NONE','NONE', #4507, #8699 ) REPRESENTATION_RELATIONSHIP_WITH_TRANSFORMATION ( #7519 )SHAPE_REPRESENTATION_RELATIONSHIP( ) );
#6958 = VECTOR ( 'NONE', #8930, 39.37007874015748143 ) ;
#6959 = CARTESIAN_POINT ( 'NONE',  ( 4.821444091131316454E-17, 0.000000000000000000, -8.070866141732281562 ) ) ;
#6960 = ORIENTED_EDGE ( 'NONE', *, *, #5309, .T. ) ;
#6961 = ORIENTED_EDGE ( 'NONE', *, *, #413, .T. ) ;
#6962 = DIRECTION ( 'NONE',  ( 1.000000000000000000, -1.526556658859591821E-15, 0.000000000000000000 ) ) ;
#6963 = CARTESIAN_POINT ( 'NONE',  ( 0.4737032289015790099, 7.874015748031496287, 0.1482536524622696805 ) ) ;
#6964 = VERTEX_POINT ( 'NONE', #3319 ) ;
#6965 = DIRECTION ( 'NONE',  ( 1.000000000000000000, 0.000000000000000000, 0.000000000000000000 ) ) ;
#6966 = CARTESIAN_POINT ( 'NONE',  ( -3.937007874015811648, 0.000000000000000000, -5.283063347057058046 ) ) ;
#6967 = ORIENTED_EDGE ( 'NONE', *, *, #11637, .F. ) ;
#6968 = PLANE ( 'NONE',  #7902 ) ;
#6969 = VECTOR ( 'NONE', #8626, 39.37007874015748143 ) ;
#6970 = AXIS2_PLACEMENT_3D ( 'NONE', #10417, #2415, #2291 ) ;
#6971 = CARTESIAN_POINT ( 'NONE',  ( -3.693202048827115558, -2.568928495131439060, 0.000000000000000000 ) ) ;
#6972 = VERTEX_POINT ( 'NONE', #10600 ) ;
#6973 = DIRECTION ( 'NONE',  ( 1.040834085586068795E-14, 1.000000000000000000, 0.000000000000000000 ) ) ;
#6974 = EDGE_CURVE ( 'NONE', #7111, #2464, #8876, .T. ) ;
#6975 = AXIS2_PLACEMENT_3D ( 'NONE', #5388, #10145, #1007 ) ;
#6976 = VECTOR ( 'NONE', #238, 39.37007874015748143 ) ;
#6977 = EDGE_LOOP ( 'NONE', ( #10057, #4853, #11018, #8171 ) ) ;
#6978 = CARTESIAN_POINT ( 'NONE',  ( -4.273251509737226783, -3.553180463635376096, 0.3937007874015748254 ) ) ;
#6979 = FACE_BOUND ( 'NONE', #4977, .T. ) ;
#6980 = ORIENTED_EDGE ( 'NONE', *, *, #9253, .F. ) ;
#6981 = DIRECTION ( 'NONE',  ( 0.000000000000000000, -1.000000000000000000, 0.000000000000000000 ) ) ;
#6982 = VECTOR ( 'NONE', #6840, 39.37007874015748143 ) ;
#6983 = CARTESIAN_POINT ( 'NONE',  ( 4.392152166776199351, 9.055118110236220375, -7.952773140716710820 ) ) ;
#6984 = ORIENTED_EDGE ( 'NONE', *, *, #10811, .T. ) ;
#6985 = AXIS2_PLACEMENT_3D ( 'NONE', #7055, #5202, #8661 ) ;
#6986 = VECTOR ( 'NONE', #11568, 39.37007874015748143 ) ;
#6987 = DIRECTION ( 'NONE',  ( 0.000000000000000000, 0.000000000000000000, 1.000000000000000000 ) ) ;
#6988 = ADVANCED_FACE ( 'NONE', ( #4339 ), #4389, .F. ) ;
#6989 = CARTESIAN_POINT ( 'NONE',  ( 4.785852954177778784, 9.055118110236220375, -7.165371565913558172 ) ) ;
#6990 = SHAPE_REPRESENTATION_RELATIONSHIP ( 'NONE' , 'NONE' ,  #9006, #3977 ) ;
#6991 = ORIENTED_EDGE ( 'NONE', *, *, #5078, .F. ) ;
#6992 = VECTOR ( 'NONE', #9197, 39.37007874015748143 ) ;
#6993 = EDGE_CURVE ( 'NONE', #4989, #9942, #6773, .T. ) ;
#6994 = VERTEX_POINT ( 'NONE', #6314 ) ;
#6995 = CARTESIAN_POINT ( 'NONE',  ( -2.778641590709038045, 3.915065883440284278, 7.972440944881888036 ) ) ;
#6996 =( GEOMETRIC_REPRESENTATION_CONTEXT ( 3 ) GLOBAL_UNCERTAINTY_ASSIGNED_CONTEXT ( ( #865 ) ) GLOBAL_UNIT_ASSIGNED_CONTEXT ( ( #5189, #6753, #9484 ) ) REPRESENTATION_CONTEXT ( 'NONE', 'WORKASPACE' ) );
#6997 = PRESENTATION_LAYER_ASSIGNMENT (  '', '', ( #3745 ) ) ;
#6998 = VECTOR ( 'NONE', #4531, 39.37007874015748143 ) ;
#6999 = DIRECTION ( 'NONE',  ( -1.000000000000000000, 0.000000000000000000, 0.000000000000000000 ) ) ;
#7000 = CARTESIAN_POINT ( 'NONE',  ( 3.937007874015811648, 3.149606299212599492, -5.283063347057058046 ) ) ;
#7001 = AXIS2_PLACEMENT_3D ( 'NONE', #7756, #10598, #11366 ) ;
#7002 = DIRECTION ( 'NONE',  ( 0.000000000000000000, -1.000000000000000000, 0.000000000000000000 ) ) ;
#7003 = EDGE_CURVE ( 'NONE', #1063, #10593, #2647, .T. ) ;
#7004 = CIRCLE ( 'NONE', #9089, 0.08858267716535440928 ) ;
#7005 = VECTOR ( 'NONE', #5188, 39.37007874015748143 ) ;
#7006 = DIRECTION ( 'NONE',  ( -1.000000000000000000, 0.000000000000000000, 0.000000000000000000 ) ) ;
#7007 = DIRECTION ( 'NONE',  ( 0.000000000000000000, -0.000000000000000000, -1.000000000000000000 ) ) ;
#7008 = VECTOR ( 'NONE', #541, 39.37007874015748143 ) ;
#7009 = CARTESIAN_POINT ( 'NONE',  ( 2.073640607983706197, -10.63979463686372284, 0.3937007874015748254 ) ) ;
#7010 = ORIENTED_EDGE ( 'NONE', *, *, #1541, .F. ) ;
#7011 = CARTESIAN_POINT ( 'NONE',  ( -4.921259842519680738, -10.44294424316293757, 0.000000000000000000 ) ) ;
#7012 = DIRECTION ( 'NONE',  ( -1.000000000000000000, -4.625929269271481969E-16, 0.000000000000000000 ) ) ;
#7013 = AXIS2_PLACEMENT_3D ( 'NONE', #9378, #10211, #7433 ) ;
#7014 = DIRECTION ( 'NONE',  ( -1.000000000000000000, -1.804112415015880956E-15, 0.000000000000000000 ) ) ;
#7015 = ORIENTED_EDGE ( 'NONE', *, *, #8094, .T. ) ;
#7016 = EDGE_CURVE ( 'NONE', #9589, #8859, #5599, .T. ) ;
#7017 = CARTESIAN_POINT ( 'NONE',  ( -5.120161312909050189, -4.537432432139312688, 1.968503937007874072 ) ) ;
#7018 = EDGE_CURVE ( 'NONE', #10705, #9779, #10872, .T. ) ;
#7019 = CARTESIAN_POINT ( 'NONE',  ( -0.1968503937007874127, -9.987206167435246584, 0.7874015748031496509 ) ) ;
#7020 = ORIENTED_EDGE ( 'NONE', *, *, #5450, .T. ) ;
#7021 = CARTESIAN_POINT ( 'NONE',  ( -2.703458040287970654, 3.149606299212599492, 7.086614173228346303 ) ) ;
#7022 = VECTOR ( 'NONE', #981, 39.37007874015748143 ) ;
#7023 = CARTESIAN_POINT ( 'NONE',  ( 3.549822394964751382, 3.149606299212599492, 6.729326213142290847 ) ) ;
#7024 = FACE_OUTER_BOUND ( 'NONE', #8724, .T. ) ;
#7025 = CARTESIAN_POINT ( 'NONE',  ( 4.392152166776199351, 8.267716535433070391, 7.445930726915714004 ) ) ;
#7026 = ORIENTED_EDGE ( 'NONE', *, *, #6771, .F. ) ;
#7027 = FACE_OUTER_BOUND ( 'NONE', #7769, .T. ) ;
#7028 = EDGE_CURVE ( 'NONE', #6866, #3607, #10357, .T. ) ;
#7029 = LINE ( 'NONE', #1736, #3690 ) ;
#7030 = ORIENTED_EDGE ( 'NONE', *, *, #7941, .F. ) ;
#7031 = CARTESIAN_POINT ( 'NONE',  ( 0.07868300030473396323, 0.000000000000000000, 0.000000000000000000 ) ) ;
#7032 = EDGE_LOOP ( 'NONE', ( #9145, #5155, #4969, #7244, #10595 ) ) ;
#7033 = CARTESIAN_POINT ( 'NONE',  ( 3.560428057591566997, 3.168267873820385105, 0.3937007874015748254 ) ) ;
#7034 = DIRECTION ( 'NONE',  ( -0.000000000000000000, 0.000000000000000000, -1.000000000000000000 ) ) ;
#7035 = ORIENTED_EDGE ( 'NONE', *, *, #1823, .F. ) ;
#7036 = LINE ( 'NONE', #2353, #7341 ) ;
#7037 = DIRECTION ( 'NONE',  ( 0.000000000000000000, 0.000000000000000000, -1.000000000000000000 ) ) ;
#7038 = ORIENTED_EDGE ( 'NONE', *, *, #6939, .F. ) ;
#7039 = EDGE_CURVE ( 'NONE', #1950, #9591, #5043, .T. ) ;
#7040 = CARTESIAN_POINT ( 'NONE',  ( 4.078179144149599367, -0.6432185497264709673, 0.000000000000000000 ) ) ;
#7041 = DIRECTION ( 'NONE',  ( 0.000000000000000000, 0.000000000000000000, -1.000000000000000000 ) ) ;
#7042 = EDGE_LOOP ( 'NONE', ( #6577, #2363, #3526, #7537 ) ) ;
#7043 = ORIENTED_EDGE ( 'NONE', *, *, #4921, .F. ) ;
#7044 = CARTESIAN_POINT ( 'NONE',  ( -4.347829632394716093, 2.695826928938495737, 0.000000000000000000 ) ) ;
#7045 = CARTESIAN_POINT ( 'NONE',  ( 3.693202048827114670, -2.568928495131438172, 0.3937007874015748254 ) ) ;
#7046 = DIRECTION ( 'NONE',  ( -1.000000000000000000, -0.000000000000000000, -0.000000000000000000 ) ) ;
#7047 = ORIENTED_EDGE ( 'NONE', *, *, #7581, .T. ) ;
#7048 = DIRECTION ( 'NONE',  ( 0.000000000000000000, 0.000000000000000000, 1.000000000000000000 ) ) ;
#7049 = CARTESIAN_POINT ( 'NONE',  ( 4.716527080888250900, -1.295201033765735366, 0.000000000000000000 ) ) ;
#7050 = EDGE_CURVE ( 'NONE', #8830, #11233, #6484, .T. ) ;
#7051 = VECTOR ( 'NONE', #6774, 39.37007874015748143 ) ;
#7052 = CARTESIAN_POINT ( 'NONE',  ( -0.5905511811023600455, -0.3937007874015748254, -9.055118110236220375 ) ) ;
#7053 = EDGE_CURVE ( 'NONE', #8536, #7217, #8163, .T. ) ;
#7054 = CARTESIAN_POINT ( 'NONE',  ( 0.5905511811023620439, 3.336583315892183599, 0.000000000000000000 ) ) ;
#7055 = CARTESIAN_POINT ( 'NONE',  ( 0.5905511811023643753, -0.3937007874015748254, -9.055118110236220375 ) ) ;
#7056 = EDGE_CURVE ( 'NONE', #723, #3861, #5428, .T. ) ;
#7057 = CARTESIAN_POINT ( 'NONE',  ( 3.693202048827112893, -6.505936369147187648, 0.3937007874015748254 ) ) ;
#7058 = ORIENTED_EDGE ( 'NONE', *, *, #4356, .T. ) ;
#7059 = CARTESIAN_POINT ( 'NONE',  ( -3.456684561203211992, 0.01986406393673360166, 0.3937007874015748254 ) ) ;
#7060 = STYLED_ITEM ( 'NONE', ( #6758 ), #2355 ) ;
#7061 = EDGE_CURVE ( 'NONE', #5538, #7255, #2738, .T. ) ;
#7062 = CARTESIAN_POINT ( 'NONE',  ( -3.549822394964751382, 3.149606299212599492, -7.374193064736720871 ) ) ;
#7063 = CYLINDRICAL_SURFACE ( 'NONE', #9054, 0.5905511811023627100 ) ;
#7064 = ORIENTED_EDGE ( 'NONE', *, *, #1444, .T. ) ;
#7065 = ORIENTED_EDGE ( 'NONE', *, *, #5737, .T. ) ;
#7066 = ADVANCED_FACE ( 'NONE', ( #6375 ), #6446, .F. ) ;
#7067 = DIRECTION ( 'NONE',  ( 0.000000000000000000, -1.000000000000000000, 0.000000000000000000 ) ) ;
#7068 = AXIS2_PLACEMENT_3D ( 'NONE', #2536, #8624, #5612 ) ;
#7069 = CIRCLE ( 'NONE', #8016, 0.08858267716535496439 ) ;
#7070 = FACE_OUTER_BOUND ( 'NONE', #8372, .T. ) ;
#7071 = DIRECTION ( 'NONE',  ( -0.000000000000000000, -0.000000000000000000, -1.000000000000000000 ) ) ;
#7072 = ORIENTED_EDGE ( 'NONE', *, *, #477, .T. ) ;
#7073 = DIRECTION ( 'NONE',  ( 0.000000000000000000, 0.000000000000000000, 1.000000000000000000 ) ) ;
#7074 = LINE ( 'NONE', #5525, #11361 ) ;
#7075 = ADVANCED_FACE ( 'NONE', ( #3559 ), #9115, .F. ) ;
#7076 = DIRECTION ( 'NONE',  ( -0.000000000000000000, 1.000000000000000000, -0.000000000000000000 ) ) ;
#7077 = DIRECTION ( 'NONE',  ( 1.000000000000000000, -0.000000000000000000, -0.000000000000000000 ) ) ;
#7078 = VERTEX_POINT ( 'NONE', #7214 ) ;
#7079 = DIRECTION ( 'NONE',  ( -0.000000000000000000, 1.000000000000000000, -0.000000000000000000 ) ) ;
#7080 = VECTOR ( 'NONE', #9965, 39.37007874015748143 ) ;
#7081 = EDGE_CURVE ( 'NONE', #11739, #8158, #8217, .T. ) ;
#7082 = DIRECTION ( 'NONE',  ( -0.000000000000000000, -1.000000000000000000, -0.000000000000000000 ) ) ;
#7083 = ORIENTED_EDGE ( 'NONE', *, *, #9409, .F. ) ;
#7084 = AXIS2_PLACEMENT_3D ( 'NONE', #3703, #7245, #10724 ) ;
#7085 = DIRECTION ( 'NONE',  ( 1.000000000000000000, -0.000000000000000000, 4.649641239344063863E-15 ) ) ;
#7086 = ORIENTED_EDGE ( 'NONE', *, *, #746, .F. ) ;
#7087 = CARTESIAN_POINT ( 'NONE',  ( -0.1968503937007874127, -9.987206167435246584, 0.7874015748031496509 ) ) ;
#7088 = PLANE ( 'NONE',  #7001 ) ;
#7089 = ORIENTED_EDGE ( 'NONE', *, *, #733, .T. ) ;
#7090 = UNCERTAINTY_MEASURE_WITH_UNIT (LENGTH_MEASURE( 1.000000000000000082E-05 ), #5007, 'distance_accuracy_value', 'NONE');
#7091 = CARTESIAN_POINT ( 'NONE',  ( 2.778641590709042930, 0.000000000000000000, -7.874015748031498951 ) ) ;
#7092 = CARTESIAN_POINT ( 'NONE',  ( -4.347829632394716093, 2.695826928938495737, 0.3937007874015748254 ) ) ;
#7093 = EDGE_CURVE ( 'NONE', #9759, #5376, #3671, .T. ) ;
#7094 = EDGE_LOOP ( 'NONE', ( #5914, #3776 ) ) ;
#7095 = VECTOR ( 'NONE', #4404, 39.37007874015748143 ) ;
#7096 = CARTESIAN_POINT ( 'NONE',  ( 4.273251509737226783, -11.42719621166687283, 0.000000000000000000 ) ) ;
#7097 = CARTESIAN_POINT ( 'NONE',  ( -0.5905511811023600455, -0.3937007874015748254, -9.055118110236220375 ) ) ;
#7098 = SHAPE_DEFINITION_REPRESENTATION ( #3405, #4507 ) ;
#7099 = EDGE_LOOP ( 'NONE', ( #104, #10289, #10070, #10273 ) ) ;
#7100 = ORIENTED_EDGE ( 'NONE', *, *, #7003, .F. ) ;
#7101 = CYLINDRICAL_SURFACE ( 'NONE', #5265, 1.181102362204724310 ) ;
#7102 = CARTESIAN_POINT ( 'NONE',  ( -3.653534954903999488, -1.306301163389676168, 0.3937007874015748254 ) ) ;
#7103 = DIRECTION ( 'NONE',  ( 1.000000000000000000, 0.000000000000000000, 0.000000000000000000 ) ) ;
#7104 = FACE_BOUND ( 'NONE', #9864, .T. ) ;
#7105 = DIRECTION ( 'NONE',  ( -0.000000000000000000, -0.000000000000000000, -1.000000000000000000 ) ) ;
#7106 = CARTESIAN_POINT ( 'NONE',  ( 4.395064010318477482E-15, 0.000000000000000000, 6.692913385826771311 ) ) ;
#7107 = DIRECTION ( 'NONE',  ( 0.000000000000000000, 0.000000000000000000, -1.000000000000000000 ) ) ;
#7108 = ORIENTED_EDGE ( 'NONE', *, *, #6929, .F. ) ;
#7109 = DIRECTION ( 'NONE',  ( 0.000000000000000000, 1.000000000000000000, 0.000000000000000000 ) ) ;
#7110 = EDGE_CURVE ( 'NONE', #5469, #8959, #970, .T. ) ;
#7111 = VERTEX_POINT ( 'NONE', #9351 ) ;
#7112 = DIRECTION ( 'NONE',  ( -1.000000000000000000, -0.000000000000000000, -0.000000000000000000 ) ) ;
#7113 = CARTESIAN_POINT ( 'NONE',  ( 0.5905511811023621549, 4.517685678096908575, 0.000000000000000000 ) ) ;
#7114 = CARTESIAN_POINT ( 'NONE',  ( 0.4737032289015790099, 7.874015748031496287, -0.04859674123851762811 ) ) ;
#7115 = ADVANCED_FACE ( 'NONE', ( #10407 ), #8455, .F. ) ;
#7116 = AXIS2_PLACEMENT_3D ( 'NONE', #423, #3370, #10463 ) ;
#7117 = DIRECTION ( 'NONE',  ( 1.387778780781445676E-16, -1.000000000000000000, -0.000000000000000000 ) ) ;
#7118 = ADVANCED_FACE ( 'NONE', ( #6626 ), #2890, .F. ) ;
#7119 = DIRECTION ( 'NONE',  ( 1.000000000000000000, 0.000000000000000000, 0.000000000000000000 ) ) ;
#7120 = CARTESIAN_POINT ( 'NONE',  ( 3.740157480314960647, -10.75790487308419685, 0.3937007874015748254 ) ) ;
#7121 = EDGE_CURVE ( 'NONE', #2361, #6629, #824, .T. ) ;
#7122 = EDGE_LOOP ( 'NONE', ( #8482, #10359, #9419, #11086 ) ) ;
#7123 = DIRECTION ( 'NONE',  ( 1.000000000000000000, 0.000000000000000000, -0.000000000000000000 ) ) ;
#7124 = CARTESIAN_POINT ( 'NONE',  ( -4.519676687187463848, -1.295201033765735366, 0.3937007874015748254 ) ) ;
#7125 = AXIS2_PLACEMENT_3D ( 'NONE', #2820, #3842, #10092 ) ;
#7126 = LINE ( 'NONE', #6427, #2512 ) ;
#7127 = CIRCLE ( 'NONE', #11105, 1.181102362204724976 ) ;
#7128 = DIRECTION ( 'NONE',  ( -1.966319083971647814E-16, 0.000000000000000000, -1.000000000000000000 ) ) ;
#7129 = ORIENTED_EDGE ( 'NONE', *, *, #4891, .F. ) ;
#7130 = CARTESIAN_POINT ( 'NONE',  ( 5.060245347230028834, 0.5903331041148062175, 5.003511408923506210 ) ) ;
#7131 = ORIENTED_EDGE ( 'NONE', *, *, #6306, .F. ) ;
#7132 = AXIS2_PLACEMENT_3D ( 'NONE', #5536, #9165, #73 ) ;
#7133 = EDGE_CURVE ( 'NONE', #10773, #11619, #10287, .T. ) ;
#7134 = DIRECTION ( 'NONE',  ( -0.000000000000000000, -0.000000000000000000, -1.000000000000000000 ) ) ;
#7135 = VERTEX_POINT ( 'NONE', #9402 ) ;
#7136 = ADVANCED_FACE ( 'NONE', ( #5663 ), #7513, .F. ) ;
#7137 = ORIENTED_EDGE ( 'NONE', *, *, #9163, .T. ) ;
#7138 = DIRECTION ( 'NONE',  ( 1.000000000000000000, 0.000000000000000000, 0.000000000000000000 ) ) ;
#7139 = FACE_OUTER_BOUND ( 'NONE', #7617, .T. ) ;
#7140 = VERTEX_POINT ( 'NONE', #5726 ) ;
#7141 = AXIS2_PLACEMENT_3D ( 'NONE', #2178, #8577, #5855 ) ;
#7142 = CARTESIAN_POINT ( 'NONE',  ( 4.785852954177777008, 9.448818897637794478, -7.559072353315135828 ) ) ;
#7143 = LINE ( 'NONE', #2591, #11042 ) ;
#7144 = ORIENTED_EDGE ( 'NONE', *, *, #5590, .T. ) ;
#7145 = VERTEX_POINT ( 'NONE', #10236 ) ;
#7146 = DIRECTION ( 'NONE',  ( -1.804112415015880956E-15, 1.000000000000000000, -0.000000000000000000 ) ) ;
#7147 = EDGE_CURVE ( 'NONE', #3067, #7736, #2053, .T. ) ;
#7148 = VECTOR ( 'NONE', #2396, 39.37007874015748143 ) ;
#7149 = CIRCLE ( 'NONE', #81, 1.181102362204724310 ) ;
#7150 = LINE ( 'NONE', #8828, #5271 ) ;
#7151 = DIRECTION ( 'NONE',  ( -6.982962677686266711E-15, -1.000000000000000000, 1.047444401652944740E-14 ) ) ;
#7152 = ORIENTED_EDGE ( 'NONE', *, *, #603, .T. ) ;
#7153 = LINE ( 'NONE', #10772, #4103 ) ;
#7154 = EDGE_CURVE ( 'NONE', #2792, #6464, #9298, .T. ) ;
#7155 = ORIENTED_EDGE ( 'NONE', *, *, #5272, .F. ) ;
#7156 = DIRECTION ( 'NONE',  ( 0.000000000000000000, 1.000000000000000000, 0.000000000000000000 ) ) ;
#7157 = VECTOR ( 'NONE', #1911, 39.37007874015748143 ) ;
#7158 = DIRECTION ( 'NONE',  ( -0.000000000000000000, -0.000000000000000000, -1.000000000000000000 ) ) ;
#7159 = CARTESIAN_POINT ( 'NONE',  ( -2.858207359010676019, -6.438859693790624839, 0.7874015748031496509 ) ) ;
#7160 = CARTESIAN_POINT ( 'NONE',  ( 2.467341395385283409, -12.41144818017080809, 0.7874015748031496509 ) ) ;
#7161 = CARTESIAN_POINT ( 'NONE',  ( -5.019685039370087587, 3.915065883440284278, -8.302883640152867173 ) ) ;
#7162 = CARTESIAN_POINT ( 'NONE',  ( 4.273251509737226783, -11.42719621166687283, 0.000000000000000000 ) ) ;
#7163 = AXIS2_PLACEMENT_3D ( 'NONE', #3291, #11453, #11396 ) ;
#7164 = ORIENTED_EDGE ( 'NONE', *, *, #1806, .T. ) ;
#7165 = AXIS2_PLACEMENT_3D ( 'NONE', #10982, #6538, #2815 ) ;
#7166 = DIRECTION ( 'NONE',  ( 0.000000000000000000, 0.000000000000000000, -1.000000000000000000 ) ) ;
#7167 = VERTEX_POINT ( 'NONE', #6737 ) ;
#7168 = CARTESIAN_POINT ( 'NONE',  ( -2.464506571609101471, -2.698702213475664191, 0.7874015748031496509 ) ) ;
#7169 = DIRECTION ( 'NONE',  ( 0.000000000000000000, -0.000000000000000000, 1.000000000000000000 ) ) ;
#7170 = ORIENTED_EDGE ( 'NONE', *, *, #11119, .T. ) ;
#7171 = AXIS2_PLACEMENT_3D ( 'NONE', #8472, #11136, #1112 ) ;
#7172 = CIRCLE ( 'NONE', #11154, 0.1968503937007874127 ) ;
#7173 = VECTOR ( 'NONE', #4535, 39.37007874015748143 ) ;
#7174 = EDGE_CURVE ( 'NONE', #4894, #5811, #8513, .T. ) ;
#7175 = VERTEX_POINT ( 'NONE', #1095 ) ;
#7176 = CARTESIAN_POINT ( 'NONE',  ( -4.921259842519685179, -10.75790487308419685, 0.3937007874015748254 ) ) ;
#7177 = ORIENTED_EDGE ( 'NONE', *, *, #4056, .F. ) ;
#7178 = PLANE ( 'NONE',  #8196 ) ;
#7179 = CIRCLE ( 'NONE', #6807, 1.181102362204724976 ) ;
#7180 =( REPRESENTATION_RELATIONSHIP ('NONE','NONE', #4507, #9006 ) REPRESENTATION_RELATIONSHIP_WITH_TRANSFORMATION ( #11117 )SHAPE_REPRESENTATION_RELATIONSHIP( ) );
#7181 = DIRECTION ( 'NONE',  ( 0.000000000000000000, 0.000000000000000000, 1.000000000000000000 ) ) ;
#7182 = ORIENTED_EDGE ( 'NONE', *, *, #5737, .F. ) ;
#7183 = DIRECTION ( 'NONE',  ( -1.000000000000000000, -4.625929269271485914E-16, 0.000000000000000000 ) ) ;
#7184 = PRODUCT_DEFINITION_CONTEXT ( 'detailed design', #2340, 'design' ) ;
#7185 = ORIENTED_EDGE ( 'NONE', *, *, #7390, .T. ) ;
#7186 = AXIS2_PLACEMENT_3D ( 'NONE', #9249, #5563, #9193 ) ;
#7187 = ADVANCED_FACE ( 'NONE', ( #11111 ), #3800, .F. ) ;
#7188 = ADVANCED_FACE ( 'NONE', ( #10341, #5905, #4811, #11054, #313, #250, #11184, #2167, #3015 ), #2109, .F. ) ;
#7189 = CYLINDRICAL_SURFACE ( 'NONE', #6236, 1.181102362204723200 ) ;
#7190 = VECTOR ( 'NONE', #3572, 39.37007874015748143 ) ;
#7191 = CARTESIAN_POINT ( 'NONE',  ( -4.591619688868615157, 8.267716535433070391, 7.577239534397965492 ) ) ;
#7192 = CARTESIAN_POINT ( 'NONE',  ( 2.467341395385281633, 1.564929772585096579, 0.7874015748031496509 ) ) ;
#7193 = AXIS2_PLACEMENT_3D ( 'NONE', #1182, #2204, #1299 ) ;
#7194 = ORIENTED_EDGE ( 'NONE', *, *, #1107, .F. ) ;
#7195 = CARTESIAN_POINT ( 'NONE',  ( -6.104413281412983672, -5.127983613241676508, 0.000000000000000000 ) ) ;
#7196 = DIRECTION ( 'NONE',  ( 0.000000000000000000, -0.000000000000000000, 1.000000000000000000 ) ) ;
#7197 = DIRECTION ( 'NONE',  ( 1.000000000000000000, 0.000000000000000000, 0.000000000000000000 ) ) ;
#7198 = CARTESIAN_POINT ( 'NONE',  ( 4.273251509737228560, -5.521684400643250612, 0.000000000000000000 ) ) ;
#7199 = ORIENTED_EDGE ( 'NONE', *, *, #8607, .F. ) ;
#7200 = CARTESIAN_POINT ( 'NONE',  ( 5.021143262577534294, 0.2110726635286837849, 5.107410302159821391 ) ) ;
#7201 = ORIENTED_EDGE ( 'NONE', *, *, #5761, .T. ) ;
#7202 = VECTOR ( 'NONE', #4256, 39.37007874015748143 ) ;
#7203 = ADVANCED_FACE ( 'NONE', ( #4868 ), #3976, .F. ) ;
#7204 = ADVANCED_FACE ( 'NONE', ( #3069 ), #1270, .F. ) ;
#7205 = CARTESIAN_POINT ( 'NONE',  ( 4.322826293486675908, 0.008763934312793491763, 0.3937007874015748254 ) ) ;
#7206 = ORIENTED_EDGE ( 'NONE', *, *, #1076, .F. ) ;
#7207 = CIRCLE ( 'NONE', #5893, 0.1968503937007874127 ) ;
#7208 = ADVANCED_FACE ( 'NONE', ( #4205 ), #6968, .F. ) ;
#7209 = EDGE_LOOP ( 'NONE', ( #3942, #528, #6294, #807 ) ) ;
#7210 = CARTESIAN_POINT ( 'NONE',  ( 0.000000000000000000, -0.3937007874015748254, 8.070866141732281562 ) ) ;
#7211 = CARTESIAN_POINT ( 'NONE',  ( 0.000000000000000000, 0.000000000000000000, 0.000000000000000000 ) ) ;
#7212 = EDGE_LOOP ( 'NONE', ( #9799, #10529, #11672, #4269 ) ) ;
#7213 = ORIENTED_EDGE ( 'NONE', *, *, #8329, .T. ) ;
#7214 = CARTESIAN_POINT ( 'NONE',  ( -3.693202048827119999, -10.44294424316293224, 0.000000000000000000 ) ) ;
#7215 = EDGE_CURVE ( 'NONE', #4047, #9415, #9695, .T. ) ;
#7216 = FACE_OUTER_BOUND ( 'NONE', #6809, .T. ) ;
#7217 = VERTEX_POINT ( 'NONE', #7805 ) ;
#7218 = ADVANCED_FACE ( 'NONE', ( #7027 ), #11526, .F. ) ;
#7219 = LINE ( 'NONE', #9925, #7582 ) ;
#7220 = CARTESIAN_POINT ( 'NONE',  ( -3.560428057591566997, -12.24313273809901048, 0.000000000000000000 ) ) ;
#7221 = DIRECTION ( 'NONE',  ( -6.982962677686266711E-15, -1.000000000000000000, 1.047444401652944740E-14 ) ) ;
#7222 = ORIENTED_EDGE ( 'NONE', *, *, #3995, .T. ) ;
#7223 =( LENGTH_UNIT ( ) NAMED_UNIT ( * ) SI_UNIT ( $, .METRE. ) );
#7224 = ORIENTED_EDGE ( 'NONE', *, *, #204, .F. ) ;
#7225 = CARTESIAN_POINT ( 'NONE',  ( -4.347829632394716981, -11.77069179321712333, 0.3937007874015748254 ) ) ;
#7226 = UNCERTAINTY_MEASURE_WITH_UNIT (LENGTH_MEASURE( 1.000000000000000082E-05 ), #735, 'distance_accuracy_value', 'NONE');
#7227 = CARTESIAN_POINT ( 'NONE',  ( -0.5905511811023621549, -12.41144818017080986, 0.000000000000000000 ) ) ;
#7228 = CARTESIAN_POINT ( 'NONE',  ( 3.740157480314960647, 1.683040008805569476, 0.000000000000000000 ) ) ;
#7229 = LINE ( 'NONE', #10062, #11373 ) ;
#7230 = EDGE_CURVE ( 'NONE', #2440, #10743, #8863, .T. ) ;
#7231 = PLANE ( 'NONE',  #380 ) ;
#7232 = CARTESIAN_POINT ( 'NONE',  ( 0.5905511811023639313, 0.000000000000000000, -7.874015748031495399 ) ) ;
#7233 = ORIENTED_EDGE ( 'NONE', *, *, #6974, .F. ) ;
#7234 = ADVANCED_FACE ( 'NONE', ( #1385 ), #11467, .F. ) ;
#7235 =( NAMED_UNIT ( * ) PLANE_ANGLE_UNIT ( ) SI_UNIT ( $, .RADIAN. ) );
#7236 = DIRECTION ( 'NONE',  ( -0.000000000000000000, -1.000000000000000000, -0.000000000000000000 ) ) ;
#7237 = CARTESIAN_POINT ( 'NONE',  ( 0.1968503937007874127, -2.119596502482376632, 0.7874015748031496509 ) ) ;
#7238 = VERTEX_POINT ( 'NONE', #3308 ) ;
#7239 = ORIENTED_EDGE ( 'NONE', *, *, #2491, .T. ) ;
#7240 = AXIS2_PLACEMENT_3D ( 'NONE', #247, #10335, #1204 ) ;
#7241 = DIRECTION ( 'NONE',  ( 0.000000000000000000, -0.000000000000000000, -1.000000000000000000 ) ) ;
#7242 = ORIENTED_EDGE ( 'NONE', *, *, #11261, .F. ) ;
#7243 = DIRECTION ( 'NONE',  ( 0.000000000000000000, -0.000000000000000000, -1.000000000000000000 ) ) ;
#7244 = ORIENTED_EDGE ( 'NONE', *, *, #2893, .T. ) ;
#7245 = DIRECTION ( 'NONE',  ( 1.000000000000000000, 0.000000000000000000, 0.000000000000000000 ) ) ;
#7246 = EDGE_LOOP ( 'NONE', ( #6138, #10129, #7692, #8962 ) ) ;
#7247 = LINE ( 'NONE', #2554, #10375 ) ;
#7248 = VERTEX_POINT ( 'NONE', #5168 ) ;
#7249 = EDGE_CURVE ( 'NONE', #11694, #22, #10641, .T. ) ;
#7250 =( REPRESENTATION_RELATIONSHIP ('NONE','NONE', #4507, #9006 ) REPRESENTATION_RELATIONSHIP_WITH_TRANSFORMATION ( #8459 )SHAPE_REPRESENTATION_RELATIONSHIP( ) );
#7251 = LINE ( 'NONE', #1906, #7403 ) ;
#7252 = CARTESIAN_POINT ( 'NONE',  ( -2.778641590709042930, 3.937007874015748143, -7.874015748031498063 ) ) ;
#7254 = VECTOR ( 'NONE', #129, 39.37007874015748143 ) ;
#7253 = DIRECTION ( 'NONE',  ( 0.8574929257125448734, -0.5144957554275252365, -0.000000000000000000 ) ) ;
#7255 = VERTEX_POINT ( 'NONE', #11412 ) ;
#7256 = CARTESIAN_POINT ( 'NONE',  ( -4.273251509737226783, -3.553180463635376096, 0.3937007874015748254 ) ) ;
#7257 = DIRECTION ( 'NONE',  ( -1.000000000000000000, 0.000000000000000000, 0.000000000000000000 ) ) ;
#7258 = DIRECTION ( 'NONE',  ( 1.156482317317871478E-16, 0.000000000000000000, -1.000000000000000000 ) ) ;
#7259 = LINE ( 'NONE', #6362, #7080 ) ;
#7260 = ORIENTED_EDGE ( 'NONE', *, *, #3563, .F. ) ;
#7261 = FACE_BOUND ( 'NONE', #2584, .T. ) ;
#7262 = EDGE_LOOP ( 'NONE', ( #1257, #8414, #2765, #5503 ) ) ;
#7263 = VECTOR ( 'NONE', #11207, 39.37007874015748143 ) ;
#7264 = LINE ( 'NONE', #10865, #9228 ) ;
#7265 = ORIENTED_EDGE ( 'NONE', *, *, #4276, .T. ) ;
#7266 = ORIENTED_EDGE ( 'NONE', *, *, #10174, .F. ) ;
#7267 = CARTESIAN_POINT ( 'NONE',  ( 5.137870221958633188, 3.937007874015748143, -7.072130618713250882 ) ) ;
#7268 = PLANE ( 'NONE',  #5274 ) ;
#7269 = AXIS2_PLACEMENT_3D ( 'NONE', #1455, #10640, #656 ) ;
#7270 = ORIENTED_EDGE ( 'NONE', *, *, #9388, .T. ) ;
#7271 = CIRCLE ( 'NONE', #3829, 0.3937007874015751585 ) ;
#7272 = EDGE_CURVE ( 'NONE', #9739, #11393, #2173, .T. ) ;
#7273 = ORIENTED_EDGE ( 'NONE', *, *, #10156, .T. ) ;
#7274 = DIRECTION ( 'NONE',  ( -0.000000000000000000, -0.000000000000000000, -1.000000000000000000 ) ) ;
#7275 = LINE ( 'NONE', #7092, #5171 ) ;
#7276 = VECTOR ( 'NONE', #10221, 39.37007874015748143 ) ;
#7277 = CARTESIAN_POINT ( 'NONE',  ( -0.1968503937007875237, 0.8331594030294345865, 0.7874015748031496509 ) ) ;
#7278 = DIRECTION ( 'NONE',  ( -0.8574929257125443183, 0.5144957554275262357, -0.000000000000000000 ) ) ;
#7279 = DIRECTION ( 'NONE',  ( 1.000000000000000000, -6.982962677686194135E-15, 6.982962677686266711E-15 ) ) ;
#7280 = ORIENTED_EDGE ( 'NONE', *, *, #11617, .T. ) ;
#7281 = EDGE_CURVE ( 'NONE', #1759, #3083, #2460, .T. ) ;
#7282 =( LENGTH_UNIT ( ) NAMED_UNIT ( * ) SI_UNIT ( $, .METRE. ) );
#7283 = ORIENTED_EDGE ( 'NONE', *, *, #11476, .T. ) ;
#7284 = DIRECTION ( 'NONE',  ( -0.000000000000000000, -0.000000000000000000, -1.000000000000000000 ) ) ;
#7285 = CARTESIAN_POINT ( 'NONE',  ( 3.346456692913387876, 7.480314960629921295, 5.829937311063766892 ) ) ;
#7286 = EDGE_CURVE ( 'NONE', #3068, #7487, #5116, .T. ) ;
#7287 = PLANE ( 'NONE',  #1899 ) ;
#7288 = DIRECTION ( 'NONE',  ( -0.000000000000000000, -1.000000000000000000, -0.000000000000000000 ) ) ;
#7289 = VECTOR ( 'NONE', #887, 39.37007874015748143 ) ;
#7290 = CARTESIAN_POINT ( 'NONE',  ( -2.858207359010676019, -6.438859693790624839, 0.3937007874015748254 ) ) ;
#7291 = ORIENTED_EDGE ( 'NONE', *, *, #315, .T. ) ;
#7292 = EDGE_CURVE ( 'NONE', #6383, #11466, #2408, .T. ) ;
#7293 = ORIENTED_EDGE ( 'NONE', *, *, #2074, .T. ) ;
#7294 = EDGE_LOOP ( 'NONE', ( #10483, #8814, #2137, #759 ) ) ;
#7295 = DIRECTION ( 'NONE',  ( 0.000000000000000000, 0.000000000000000000, 1.000000000000000000 ) ) ;
#7296 = DIRECTION ( 'NONE',  ( 0.000000000000000000, 1.000000000000000000, 0.000000000000000000 ) ) ;
#7297 = VERTEX_POINT ( 'NONE', #426 ) ;
#7298 = ADVANCED_FACE ( 'NONE', ( #8810 ), #4151, .F. ) ;
#7299 = ORIENTED_EDGE ( 'NONE', *, *, #5634, .F. ) ;
#7300 = LINE ( 'NONE', #10898, #2576 ) ;
#7301 = EDGE_LOOP ( 'NONE', ( #273, #5627, #11251, #5720 ) ) ;
#7302 = EDGE_CURVE ( 'NONE', #4772, #4533, #602, .T. ) ;
#7303 = CARTESIAN_POINT ( 'NONE',  ( 5.179553741579351112, 9.448818897637794478, -7.559072353315134052 ) ) ;
#7304 = ORIENTED_EDGE ( 'NONE', *, *, #5476, .T. ) ;
#7305 = CARTESIAN_POINT ( 'NONE',  ( -4.273251509737226783, 2.352331347388246119, 0.3937007874015748254 ) ) ;
#7306 = CARTESIAN_POINT ( 'NONE',  ( 4.921259842519685179, -10.75790487308419685, 0.3937007874015748254 ) ) ;
#7307 = ORIENTED_EDGE ( 'NONE', *, *, #2146, .T. ) ;
#7308 = AXIS2_PLACEMENT_3D ( 'NONE', #4760, #202, #6564 ) ;
#7309 = DIRECTION ( 'NONE',  ( 1.000000000000000000, 0.000000000000000000, 0.000000000000000000 ) ) ;
#7310 = CARTESIAN_POINT ( 'NONE',  ( 3.653534954903999488, 0.01986406393673360166, 0.000000000000000000 ) ) ;
#7311 = CARTESIAN_POINT ( 'NONE',  ( -3.192102363848777991, 3.915065883440284278, 7.897707860576848482 ) ) ;
#7312 = DIRECTION ( 'NONE',  ( -1.000000000000000000, 0.000000000000000000, 0.000000000000000000 ) ) ;
#7313 = ORIENTED_EDGE ( 'NONE', *, *, #4485, .T. ) ;
#7314 = EDGE_CURVE ( 'NONE', #711, #9566, #7912, .T. ) ;
#7315 = CARTESIAN_POINT ( 'NONE',  ( -2.703458040287970654, 3.149606299212599492, -7.731481024822777215 ) ) ;
#7316 = LINE ( 'NONE', #10916, #1087 ) ;
#7317 = CARTESIAN_POINT ( 'NONE',  ( 3.192102363848781987, 3.937007874015748143, -7.897707860576852035 ) ) ;
#7318 = DIRECTION ( 'NONE',  ( -1.000000000000000000, 0.000000000000000000, 0.000000000000000000 ) ) ;
#7319 = ORIENTED_EDGE ( 'NONE', *, *, #10166, .F. ) ;
#7320 = EDGE_LOOP ( 'NONE', ( #6411, #7841, #9842, #4549 ) ) ;
#7321 = FACE_BOUND ( 'NONE', #5909, .T. ) ;
#7322 = ORIENTED_EDGE ( 'NONE', *, *, #733, .F. ) ;
#7323 = AXIS2_PLACEMENT_3D ( 'NONE', #1983, #5662, #9297 ) ;
#7324 = DIRECTION ( 'NONE',  ( -0.000000000000000000, -0.000000000000000000, -1.000000000000000000 ) ) ;
#7325 = ORIENTED_EDGE ( 'NONE', *, *, #8028, .F. ) ;
#7326 = VECTOR ( 'NONE', #5393, 39.37007874015748143 ) ;
#7327 = ORIENTED_EDGE ( 'NONE', *, *, #5546, .T. ) ;
#7328 = EDGE_CURVE ( 'NONE', #8630, #3704, #5221, .T. ) ;
#7329 = DIRECTION ( 'NONE',  ( -0.000000000000000000, -1.000000000000000000, -0.000000000000000000 ) ) ;
#7330 = DIRECTION ( 'NONE',  ( 0.000000000000000000, 0.000000000000000000, 1.000000000000000000 ) ) ;
#7331 = ORIENTED_EDGE ( 'NONE', *, *, #1551, .F. ) ;
#7332 = CARTESIAN_POINT ( 'NONE',  ( -0.5905511811023600455, -0.3937007874015748254, -9.055118110236220375 ) ) ;
#7333 = LINE ( 'NONE', #7456, #7914 ) ;
#7334 = AXIS2_PLACEMENT_3D ( 'NONE', #7446, #1978, #7505 ) ;
#7335 = VECTOR ( 'NONE', #10558, 39.37007874015748143 ) ;
#7336 = PRODUCT_DEFINITION_SHAPE ( 'NONE', 'NONE',  #11793 ) ;
#7337 = EDGE_CURVE ( 'NONE', #9390, #3728, #6861, .T. ) ;
#7338 = LINE ( 'NONE', #10175, #3176 ) ;
#7339 = PRODUCT_CONTEXT ( 'NONE', #6035, 'mechanical' ) ;
#7340 = EDGE_LOOP ( 'NONE', ( #1345, #1665, #5823, #2853, #2416, #4121, #2348, #6532, #636, #3307, #3037, #10653, #7265, #3586, #6347, #907, #11791, #2165, #5820, #7571, #5080, #9785, #6701, #3688, #3219, #9860, #9261, #3924, #7047, #6854, #8586, #11481 ) ) ;
#7341 = VECTOR ( 'NONE', #9583, 39.37007874015748143 ) ;
#7342 = ORIENTED_EDGE ( 'NONE', *, *, #2055, .F. ) ;
#7343 = LINE ( 'NONE', #10944, #1988 ) ;
#7344 = DIRECTION ( 'NONE',  ( -1.000000000000000000, -0.000000000000000000, -0.000000000000000000 ) ) ;
#7345 = VECTOR ( 'NONE', #3752, 39.37007874015748143 ) ;
#7346 = CARTESIAN_POINT ( 'NONE',  ( 5.179553741579351112, 9.055118110236220375, -7.165371565913558172 ) ) ;
#7347 = FACE_OUTER_BOUND ( 'NONE', #7462, .T. ) ;
#7348 = DIRECTION ( 'NONE',  ( -0.000000000000000000, -1.000000000000000000, -0.000000000000000000 ) ) ;
#7349 = ORIENTED_EDGE ( 'NONE', *, *, #627, .F. ) ;
#7350 = VECTOR ( 'NONE', #1560, 39.37007874015748143 ) ;
#7351 = CARTESIAN_POINT ( 'NONE',  ( -4.591619688868615157, 8.267716535433070391, 7.577239534397965492 ) ) ;
#7352 = ORIENTED_EDGE ( 'NONE', *, *, #3802, .T. ) ;
#7353 = EDGE_CURVE ( 'NONE', #8845, #1114, #5967, .T. ) ;
#7354 = EDGE_LOOP ( 'NONE', ( #4031, #7010, #4769, #8704 ) ) ;
#7355 = DIRECTION ( 'NONE',  ( 1.000000000000000000, 0.000000000000000000, 0.000000000000000000 ) ) ;
#7356 = CARTESIAN_POINT ( 'NONE',  ( -3.693202048827115558, -2.568928495131439060, 0.7874015748031496509 ) ) ;
#7357 = ORIENTED_EDGE ( 'NONE', *, *, #9847, .T. ) ;
#7358 = AXIS2_PLACEMENT_3D ( 'NONE', #10528, #9641, #667 ) ;
#7359 = ORIENTED_EDGE ( 'NONE', *, *, #7286, .F. ) ;
#7360 = EDGE_CURVE ( 'NONE', #4144, #9538, #10525, .T. ) ;
#7361 = FACE_OUTER_BOUND ( 'NONE', #5093, .T. ) ;
#7362 = ORIENTED_EDGE ( 'NONE', *, *, #117, .T. ) ;
#7363 = CIRCLE ( 'NONE', #3144, 0.1968503937007873017 ) ;
#7364 = CARTESIAN_POINT ( 'NONE',  ( -4.724409448818893686, 3.937007874015748143, 5.965761340813562796 ) ) ;
#7365 = ORIENTED_EDGE ( 'NONE', *, *, #11698, .F. ) ;
#7366 = LINE ( 'NONE', #1771, #7478 ) ;
#7367 = ORIENTED_EDGE ( 'NONE', *, *, #7230, .T. ) ;
#7368 = LINE ( 'NONE', #280, #8302 ) ;
#7369 = EDGE_LOOP ( 'NONE', ( #1912, #929, #7587, #6399 ) ) ;
#7370 = EDGE_CURVE ( 'NONE', #7703, #1950, #1310, .T. ) ;
#7371 = VECTOR ( 'NONE', #270, 39.37007874015748143 ) ;
#7372 = EDGE_CURVE ( 'NONE', #5181, #7501, #9798, .T. ) ;
#7373 = CIRCLE ( 'NONE', #10197, 0.1968503937007873017 ) ;
#7374 = VECTOR ( 'NONE', #7105, 39.37007874015748143 ) ;
#7375 = CARTESIAN_POINT ( 'NONE',  ( -5.016213874479761969, 0.000000000000000000, 5.118110236220468678 ) ) ;
#7376 = CARTESIAN_POINT ( 'NONE',  ( -4.273251509737226783, 2.352331347388246119, 0.000000000000000000 ) ) ;
#7377 = VECTOR ( 'NONE', #8772, 39.37007874015748143 ) ;
#7378 = CARTESIAN_POINT ( 'NONE',  ( 2.073640607983706197, 1.564929772585096579, 0.7874015748031496509 ) ) ;
#7379 = CARTESIAN_POINT ( 'NONE',  ( -0.5905511811023621549, -13.59255054237553573, 0.000000000000000000 ) ) ;
#7380 = ORIENTED_EDGE ( 'NONE', *, *, #3081, .F. ) ;
#7381 = DIRECTION ( 'NONE',  ( -0.000000000000000000, -0.000000000000000000, 1.000000000000000000 ) ) ;
#7382 =( NAMED_UNIT ( * ) PLANE_ANGLE_UNIT ( ) SI_UNIT ( $, .RADIAN. ) );
#7383 = DIRECTION ( 'NONE',  ( -2.891205793294678326E-16, -1.000000000000000000, 0.000000000000000000 ) ) ;
#7384 = PLANE ( 'NONE',  #7847 ) ;
#7385 = VECTOR ( 'NONE', #519, 39.37007874015748143 ) ;
#7387 = ORIENTED_EDGE ( 'NONE', *, *, #2531, .T. ) ;
#7386 = AXIS2_PLACEMENT_3D ( 'NONE', #6649, #4589, #7535 ) ;
#7388 = CARTESIAN_POINT ( 'NONE',  ( -0.5905511811023621549, 4.517685678096908575, 0.3937007874015748254 ) ) ;
#7389 = VERTEX_POINT ( 'NONE', #4378 ) ;
#7390 = EDGE_CURVE ( 'NONE', #5184, #10465, #5339, .T. ) ;
#7391 = VECTOR ( 'NONE', #967, 39.37007874015748143 ) ;
#7392 = EDGE_CURVE ( 'NONE', #2322, #4624, #5468, .T. ) ;
#7393 = VECTOR ( 'NONE', #11058, 39.37007874015748143 ) ;
#7394 = DIRECTION ( 'NONE',  ( 0.000000000000000000, 0.000000000000000000, 1.000000000000000000 ) ) ;
#7395 = VERTEX_POINT ( 'NONE', #7388 ) ;
#7396 = ORIENTED_EDGE ( 'NONE', *, *, #5482, .F. ) ;
#7397 = DIRECTION ( 'NONE',  ( 0.000000000000000000, -0.000000000000000000, 1.000000000000000000 ) ) ;
#7398 = AXIS2_PLACEMENT_3D ( 'NONE', #1854, #956, #770 ) ;
#7399 = CARTESIAN_POINT ( 'NONE',  ( -6.104413281412983672, -5.127983613241676508, 0.000000000000000000 ) ) ;
#7400 = ORIENTED_EDGE ( 'NONE', *, *, #3095, .T. ) ;
#7401 = DIRECTION ( 'NONE',  ( -1.000000000000000000, 0.000000000000000000, -0.000000000000000000 ) ) ;
#7402 = CARTESIAN_POINT ( 'NONE',  ( -5.905511811023623103, 0.000000000000000000, -0.5905511811023639313 ) ) ;
#7403 = VECTOR ( 'NONE', #8254, 39.37007874015748143 ) ;
#7404 = ADVANCED_FACE ( 'NONE', ( #6492, #6244, #8025, #10040, #8981, #4433, #1858, #10921, #3725, #2699, #959, #10095, #3543, #836, #8150, #69, #9036, #11759, #10991, #1919, #8927, #3602, #7261, #7321, #718 ), #11635, .T. ) ;
#7405 = AXIS2_PLACEMENT_3D ( 'NONE', #2902, #5613, #9063 ) ;
#7406 = LINE ( 'NONE', #1937, #2214 ) ;
#7407 = EDGE_LOOP ( 'NONE', ( #11649, #5055, #8967, #3225 ) ) ;
#7408 = VERTEX_POINT ( 'NONE', #1788 ) ;
#7409 = CARTESIAN_POINT ( 'NONE',  ( 4.923310919208258696, -6.505936369147187648, 0.000000000000000000 ) ) ;
#7410 = LINE ( 'NONE', #11008, #6627 ) ;
#7411 = DIRECTION ( 'NONE',  ( -0.000000000000000000, 1.000000000000000000, 0.000000000000000000 ) ) ;
#7412 = FACE_OUTER_BOUND ( 'NONE', #7246, .T. ) ;
#7413 = DIRECTION ( 'NONE',  ( 1.000000000000000000, 0.000000000000000000, 0.000000000000000000 ) ) ;
#7414 = ORIENTED_EDGE ( 'NONE', *, *, #7110, .F. ) ;
#7415 = FACE_OUTER_BOUND ( 'NONE', #9649, .T. ) ;
#7416 = ORIENTED_EDGE ( 'NONE', *, *, #7465, .F. ) ;
#7417 = CARTESIAN_POINT ( 'NONE',  ( 2.778641590709046483, 3.937007874015748143, 7.972440944881887148 ) ) ;
#7418 =( CONVERSION_BASED_UNIT ( 'INCH', #106 ) LENGTH_UNIT ( ) NAMED_UNIT ( #6832 ) );
#7419 = VERTEX_POINT ( 'NONE', #9104 ) ;
#7420 = ORIENTED_EDGE ( 'NONE', *, *, #11762, .F. ) ;
#7421 = CARTESIAN_POINT ( 'NONE',  ( 5.118110236220536180, 3.149606299212599492, 4.638196495462627134 ) ) ;
#7422 = ORIENTED_EDGE ( 'NONE', *, *, #8861, .T. ) ;
#7423 = CARTESIAN_POINT ( 'NONE',  ( -2.952755905511811108, 2.155480953687459067, 0.000000000000000000 ) ) ;
#7424 = ORIENTED_EDGE ( 'NONE', *, *, #11622, .T. ) ;
#7425 = LINE ( 'NONE', #3882, #960 ) ;
#7426 = EDGE_CURVE ( 'NONE', #5360, #1179, #4555, .T. ) ;
#7427 = CYLINDRICAL_SURFACE ( 'NONE', #10939, 0.1968503937007875793 ) ;
#7428 = ORIENTED_EDGE ( 'NONE', *, *, #549, .T. ) ;
#7429 = ADVANCED_FACE ( 'NONE', ( #3660 ), #4674, .F. ) ;
#7430 = ADVANCED_FACE ( 'NONE', ( #7675 ), #4798, .F. ) ;
#7431 = LINE ( 'NONE', #1904, #1991 ) ;
#7432 = ORIENTED_EDGE ( 'NONE', *, *, #657, .T. ) ;
#7433 = DIRECTION ( 'NONE',  ( 0.000000000000000000, -0.000000000000000000, -1.000000000000000000 ) ) ;
#7434 = DIRECTION ( 'NONE',  ( -0.000000000000000000, -0.000000000000000000, 1.000000000000000000 ) ) ;
#7435 = CARTESIAN_POINT ( 'NONE',  ( -4.273251509737226783, -11.42719621166687105, 0.000000000000000000 ) ) ;
#7436 = LINE ( 'NONE', #5709, #8877 ) ;
#7437 = EDGE_CURVE ( 'NONE', #7629, #2612, #4018, .T. ) ;
#7438 = ORIENTED_EDGE ( 'NONE', *, *, #11331, .T. ) ;
#7439 = DIRECTION ( 'NONE',  ( 1.000000000000000000, 0.000000000000000000, 0.000000000000000000 ) ) ;
#7440 = CARTESIAN_POINT ( 'NONE',  ( 2.073640607983708861, -12.41144818017080809, 0.3937007874015748254 ) ) ;
#7441 = DIRECTION ( 'NONE',  ( -0.000000000000000000, -1.000000000000000000, -0.000000000000000000 ) ) ;
#7442 = EDGE_CURVE ( 'NONE', #5353, #5888, #266, .T. ) ;
#7443 = FACE_OUTER_BOUND ( 'NONE', #11259, .T. ) ;
#7444 = ORIENTED_EDGE ( 'NONE', *, *, #7517, .T. ) ;
#7445 = VECTOR ( 'NONE', #10626, 39.37007874015748143 ) ;
#7446 = CARTESIAN_POINT ( 'NONE',  ( 4.519676687187463848, 0.008763934312793467477, 0.000000000000000000 ) ) ;
#7447 = ORIENTED_EDGE ( 'NONE', *, *, #3766, .F. ) ;
#7448 = ADVANCED_FACE ( 'NONE', ( #3112 ), #132, .F. ) ;
#7449 = VERTEX_POINT ( 'NONE', #3844 ) ;
#7450 = DIRECTION ( 'NONE',  ( 1.000000000000000000, 0.000000000000000000, 0.000000000000000000 ) ) ;
#7451 = LINE ( 'NONE', #10167, #6646 ) ;
#7452 = DIRECTION ( 'NONE',  ( -7.862016376373061085E-15, 0.000000000000000000, -1.000000000000000000 ) ) ;
#7453 = ADVANCED_FACE ( 'NONE', ( #3790, #7443 ), #6609, .F. ) ;
#7454 = CARTESIAN_POINT ( 'NONE',  ( -3.192102363848771773, 3.937007874015748143, -7.799282663726462062 ) ) ;
#7455 = CIRCLE ( 'NONE', #174, 1.181102362204724310 ) ;
#7456 = CARTESIAN_POINT ( 'NONE',  ( -0.1968503937007874127, -9.987206167435246584, 0.3937007874015748254 ) ) ;
#7457 = CARTESIAN_POINT ( 'NONE',  ( -3.693202048827113781, -6.505936369147188536, 0.3937007874015748254 ) ) ;
#7458 = APPLICATION_PROTOCOL_DEFINITION ( 'draft international standard', 'automotive_design', 1998, #2891 ) ;
#7459 = ORIENTED_EDGE ( 'NONE', *, *, #6471, .T. ) ;
#7460 = AXIS2_PLACEMENT_3D ( 'NONE', #7102, #9934, #4401 ) ;
#7461 = VECTOR ( 'NONE', #4941, 39.37007874015748143 ) ;
#7462 = EDGE_LOOP ( 'NONE', ( #5013, #3213, #4905, #10021 ) ) ;
#7463 = LINE ( 'NONE', #6387, #10746 ) ;
#7464 = FACE_OUTER_BOUND ( 'NONE', #6772, .T. ) ;
#7465 = EDGE_CURVE ( 'NONE', #11047, #6055, #5587, .T. ) ;
#7466 = CARTESIAN_POINT ( 'NONE',  ( 4.785852954177777008, 8.267716535433070391, -7.165371565913558172 ) ) ;
#7467 = DIRECTION ( 'NONE',  ( -0.000000000000000000, -1.000000000000000000, -0.000000000000000000 ) ) ;
#7468 = DIRECTION ( 'NONE',  ( -1.387778780781445676E-16, 1.000000000000000000, 0.000000000000000000 ) ) ;
#7469 = ORIENTED_EDGE ( 'NONE', *, *, #11476, .F. ) ;
#7470 = AXIS2_PLACEMENT_3D ( 'NONE', #5337, #6428, #2635 ) ;
#7471 = CARTESIAN_POINT ( 'NONE',  ( -2.467341395385280300, -12.41144818017080986, 0.7874015748031496509 ) ) ;
#7472 = ORIENTED_EDGE ( 'NONE', *, *, #8380, .T. ) ;
#7473 = EDGE_LOOP ( 'NONE', ( #7030, #5878, #5379, #2735, #9490, #7359, #5036, #3355 ) ) ;
#7474 = CARTESIAN_POINT ( 'NONE',  ( 0.5905511811023621549, -13.59255054237553573, 0.000000000000000000 ) ) ;
#7475 =( CONVERSION_BASED_UNIT ( 'INCH', #9366 ) LENGTH_UNIT ( ) NAMED_UNIT ( #3458 ) );
#7476 = EDGE_LOOP ( 'NONE', ( #10041, #4808, #2480, #10722 ) ) ;
#7477 = VERTEX_POINT ( 'NONE', #8326 ) ;
#7478 = VECTOR ( 'NONE', #10903, 39.37007874015748143 ) ;
#7479 = CARTESIAN_POINT ( 'NONE',  ( -3.192102363848778435, 3.937007874015748143, 7.897707860576848482 ) ) ;
#7480 = ORIENTED_EDGE ( 'NONE', *, *, #9187, .F. ) ;
#7481 = CARTESIAN_POINT ( 'NONE',  ( 4.392152166776199351, 9.055118110236220375, 8.233332301718865764 ) ) ;
#7482 = EDGE_LOOP ( 'NONE', ( #10770, #9681, #11181, #7602 ) ) ;
#7483 = CARTESIAN_POINT ( 'NONE',  ( 4.923310919208258696, -6.505936369147187648, 0.3937007874015748254 ) ) ;
#7484 = DIRECTION ( 'NONE',  ( -0.000000000000000000, -1.000000000000000000, -0.000000000000000000 ) ) ;
#7485 = VERTEX_POINT ( 'NONE', #10387 ) ;
#7486 = CARTESIAN_POINT ( 'NONE',  ( -2.467341395385281633, 1.564929772585096579, 0.7874015748031496509 ) ) ;
#7487 = VERTEX_POINT ( 'NONE', #9389 ) ;
#7488 = CARTESIAN_POINT ( 'NONE',  ( 4.785852954177777008, 9.448818897637794478, 7.839631514317292549 ) ) ;
#7489 = EDGE_CURVE ( 'NONE', #5888, #11514, #1017, .T. ) ;
#7490 = CARTESIAN_POINT ( 'NONE',  ( 0.000000000000000000, 0.000000000000000000, 0.000000000000000000 ) ) ;
#7491 = CARTESIAN_POINT ( 'NONE',  ( 0.000000000000000000, 0.000000000000000000, 0.000000000000000000 ) ) ;
#7492 = DIRECTION ( 'NONE',  ( -0.000000000000000000, 0.000000000000000000, -1.000000000000000000 ) ) ;
#7493 = ORIENTED_EDGE ( 'NONE', *, *, #10224, .T. ) ;
#7494 = DIRECTION ( 'NONE',  ( 1.000000000000000000, 0.000000000000000000, 0.000000000000000000 ) ) ;
#7495 = CARTESIAN_POINT ( 'NONE',  ( -4.197918901467038388, 7.874015748031496287, 8.233332301718867541 ) ) ;
#7496 = EDGE_CURVE ( 'NONE', #10694, #6549, #1191, .T. ) ;
#7497 = DIRECTION ( 'NONE',  ( 0.000000000000000000, 0.000000000000000000, 1.000000000000000000 ) ) ;
#7498 = DIRECTION ( 'NONE',  ( 1.000000000000000000, 0.000000000000000000, 0.000000000000000000 ) ) ;
#7499 = CARTESIAN_POINT ( 'NONE',  ( 3.346456692913387876, 3.937007874015748143, 6.420488492166129824 ) ) ;
#7500 = AXIS2_PLACEMENT_3D ( 'NONE', #10232, #5778, #7450 ) ;
#7501 = VERTEX_POINT ( 'NONE', #1085 ) ;
#7502 = EDGE_CURVE ( 'NONE', #2292, #2986, #10744, .T. ) ;
#7503 = DIRECTION ( 'NONE',  ( -0.000000000000000000, -0.000000000000000000, -1.000000000000000000 ) ) ;
#7504 = ADVANCED_FACE ( 'NONE', ( #2936 ), #4741, .F. ) ;
#7505 = DIRECTION ( 'NONE',  ( 1.000000000000000000, 0.000000000000000000, 0.000000000000000000 ) ) ;
#7506 = ORIENTED_EDGE ( 'NONE', *, *, #6485, .F. ) ;
#7507 = ORIENTED_EDGE ( 'NONE', *, *, #10181, .T. ) ;
#7508 = DIRECTION ( 'NONE',  ( 0.000000000000000000, 0.000000000000000000, 1.000000000000000000 ) ) ;
#7509 = CARTESIAN_POINT ( 'NONE',  ( -2.858207359010676019, -6.438859693790624839, 0.3937007874015748254 ) ) ;
#7510 = AXIS2_PLACEMENT_3D ( 'NONE', #4085, #600, #6133 ) ;
#7511 = CARTESIAN_POINT ( 'NONE',  ( -4.716527080888250900, -1.295201033765735366, 0.000000000000000000 ) ) ;
#7512 = ORIENTED_EDGE ( 'NONE', *, *, #10156, .F. ) ;
#7513 = PLANE ( 'NONE',  #11310 ) ;
#7514 = PLANE ( 'NONE',  #3906 ) ;
#7515 = EDGE_CURVE ( 'NONE', #449, #2658, #11320, .T. ) ;
#7516 = ORIENTED_EDGE ( 'NONE', *, *, #10618, .T. ) ;
#7517 = EDGE_CURVE ( 'NONE', #5467, #9606, #7149, .T. ) ;
#7518 = DIRECTION ( 'NONE',  ( -0.000000000000000000, 1.000000000000000000, 0.000000000000000000 ) ) ;
#7519 = ITEM_DEFINED_TRANSFORMATION ( 'NONE', 'NONE', #4871,  #7171 ) ;
#7520 = ORIENTED_EDGE ( 'NONE', *, *, #136, .T. ) ;
#7521 = VERTEX_POINT ( 'NONE', #7563 ) ;
#7522 = DIRECTION ( 'NONE',  ( 0.000000000000000000, 0.000000000000000000, 1.000000000000000000 ) ) ;
#7523 = AXIS2_PLACEMENT_3D ( 'NONE', #4509, #8159, #10105 ) ;
#7524 = CARTESIAN_POINT ( 'NONE',  ( -4.591619688868616045, 8.267716535433070391, -7.165371565913558172 ) ) ;
#7525 = CARTESIAN_POINT ( 'NONE',  ( -3.838582677165354173, 3.915065883440284278, -6.395228468411555234 ) ) ;
#7526 = DIRECTION ( 'NONE',  ( -0.000000000000000000, -1.000000000000000000, -0.000000000000000000 ) ) ;
#7527 = LINE ( 'NONE', #6571, #1527 ) ;
#7528 = ORIENTED_EDGE ( 'NONE', *, *, #10738, .F. ) ;
#7529 = EDGE_CURVE ( 'NONE', #3432, #8185, #6405, .T. ) ;
#7530 = DIRECTION ( 'NONE',  ( 1.000000000000000000, 0.000000000000000000, 0.000000000000000000 ) ) ;
#7531 = ORIENTED_EDGE ( 'NONE', *, *, #11569, .F. ) ;
#7532 = ORIENTED_EDGE ( 'NONE', *, *, #170, .F. ) ;
#7533 = EDGE_CURVE ( 'NONE', #2042, #412, #8290, .T. ) ;
#7534 = AXIS2_PLACEMENT_3D ( 'NONE', #7690, #1209, #3199 ) ;
#7535 = DIRECTION ( 'NONE',  ( 1.000000000000000000, 0.000000000000000000, 0.000000000000000000 ) ) ;
#7536 = DIRECTION ( 'NONE',  ( -1.000000000000000000, 0.000000000000000000, 0.000000000000000000 ) ) ;
#7537 = ORIENTED_EDGE ( 'NONE', *, *, #2295, .T. ) ;
#7538 = ORIENTED_EDGE ( 'NONE', *, *, #11061, .F. ) ;
#7539 = DIRECTION ( 'NONE',  ( 0.000000000000000000, 0.000000000000000000, 1.000000000000000000 ) ) ;
#7540 = VERTEX_POINT ( 'NONE', #3056 ) ;
#7541 = CARTESIAN_POINT ( 'NONE',  ( -4.273251509737226783, 2.352331347388246119, 0.000000000000000000 ) ) ;
#7542 = ORIENTED_EDGE ( 'NONE', *, *, #1838, .T. ) ;
#7543 = DIRECTION ( 'NONE',  ( 2.891205793294678326E-16, 1.000000000000000000, -0.000000000000000000 ) ) ;
#7544 = PLANE ( 'NONE',  #7932 ) ;
#7545 = VECTOR ( 'NONE', #5976, 39.37007874015748143 ) ;
#7546 = ORIENTED_EDGE ( 'NONE', *, *, #10337, .T. ) ;
#7547 = VECTOR ( 'NONE', #32, 39.37007874015748143 ) ;
#7548 = AXIS2_PLACEMENT_3D ( 'NONE', #1464, #10474, #7918 ) ;
#7549 = CARTESIAN_POINT ( 'NONE',  ( 4.184668832571873942, -5.521684400643250612, 0.000000000000000000 ) ) ;
#7550 = ADVANCED_FACE ( 'NONE', ( #8557 ), #352, .T. ) ;
#7551 = CARTESIAN_POINT ( 'NONE',  ( 5.137870221958637629, 3.937007874015748143, 7.072130618713243777 ) ) ;
#7552 = VECTOR ( 'NONE', #5212, 39.37007874015748143 ) ;
#7553 = AXIS2_PLACEMENT_3D ( 'NONE', #10742, #6364, #9967 ) ;
#7554 = DIRECTION ( 'NONE',  ( -4.649641239344063863E-15, 0.000000000000000000, -1.000000000000000000 ) ) ;
#7555 = LINE ( 'NONE', #9380, #8657 ) ;
#7556 = CARTESIAN_POINT ( 'NONE',  ( -4.985320476270190149, 9.448818897637794478, -7.559072353315134052 ) ) ;
#7557 = ORIENTED_EDGE ( 'NONE', *, *, #5611, .T. ) ;
#7558 = FACE_BOUND ( 'NONE', #1141, .T. ) ;
#7559 = CARTESIAN_POINT ( 'NONE',  ( -4.273251509737226783, -11.42719621166687105, 0.000000000000000000 ) ) ;
#7560 = AXIS2_PLACEMENT_3D ( 'NONE', #5885, #11390, #1302 ) ;
#7561 = PLANE ( 'NONE',  #8650 ) ;
#7562 = CARTESIAN_POINT ( 'NONE',  ( 0.3937007874015750475, -13.00199936127317279, 1.968503937007874072 ) ) ;
#7563 = CARTESIAN_POINT ( 'NONE',  ( 3.560428057591566997, -12.24313273809901048, 0.3937007874015748254 ) ) ;
#7564 = ORIENTED_EDGE ( 'NONE', *, *, #630, .T. ) ;
#7565 = PRODUCT_RELATED_PRODUCT_CATEGORY ( 'part', '', ( #3803 ) ) ;
#7566 = COLOUR_RGB ( '',0.7921568627450980005, 0.8196078431372548767, 0.9333333333333333481 ) ;
#7567 = VECTOR ( 'NONE', #2919, 39.37007874015748143 ) ;
#7568 = DIRECTION ( 'NONE',  ( -0.000000000000000000, 1.000000000000000000, 0.000000000000000000 ) ) ;
#7569 = CIRCLE ( 'NONE', #9823, 1.181102362204725420 ) ;
#7570 = DIRECTION ( 'NONE',  ( 1.000000000000000000, 0.000000000000000000, -0.000000000000000000 ) ) ;
#7571 = ORIENTED_EDGE ( 'NONE', *, *, #8693, .T. ) ;
#7572 = CIRCLE ( 'NONE', #10391, 0.3937007874015751030 ) ;
#7573 = VECTOR ( 'NONE', #8780, 39.37007874015748143 ) ;
#7574 = VECTOR ( 'NONE', #7709, 39.37007874015748143 ) ;
#7575 = ORIENTED_EDGE ( 'NONE', *, *, #6247, .F. ) ;
#7576 = CARTESIAN_POINT ( 'NONE',  ( -4.921259842519685179, 1.683040008805569476, 0.3937007874015748254 ) ) ;
#7577 = LINE ( 'NONE', #4687, #5103 ) ;
#7578 = CARTESIAN_POINT ( 'NONE',  ( -3.937007874015811648, 0.000000000000000000, 4.638196495462627134 ) ) ;
#7579 = DIRECTION ( 'NONE',  ( -0.8574929257125448734, 0.5144957554275252365, 0.000000000000000000 ) ) ;
#7580 = AXIS2_PLACEMENT_3D ( 'NONE', #4994, #11421, #2350 ) ;
#7581 = EDGE_CURVE ( 'NONE', #1307, #10475, #6848, .T. ) ;
#7582 = VECTOR ( 'NONE', #8941, 39.37007874015748143 ) ;
#7583 = AXIS2_PLACEMENT_3D ( 'NONE', #5863, #566, #4227 ) ;
#7584 = ADVANCED_FACE ( 'NONE', ( #5098 ), #10450, .T. ) ;
#7585 = EDGE_CURVE ( 'NONE', #7217, #4421, #1986, .T. ) ;
#7586 = DIRECTION ( 'NONE',  ( 1.000000000000000000, 0.000000000000000000, 0.000000000000000000 ) ) ;
#7587 = ORIENTED_EDGE ( 'NONE', *, *, #9233, .T. ) ;
#7588 = VECTOR ( 'NONE', #8804, 39.37007874015748143 ) ;
#7589 = ORIENTED_EDGE ( 'NONE', *, *, #10099, .F. ) ;
#7590 = CARTESIAN_POINT ( 'NONE',  ( 4.921259842519685179, -10.75790487308419685, 0.3937007874015748254 ) ) ;
#7591 = DIRECTION ( 'NONE',  ( 0.000000000000000000, 0.000000000000000000, 1.000000000000000000 ) ) ;
#7592 = EDGE_CURVE ( 'NONE', #10952, #116, #1212, .T. ) ;
#7593 = CYLINDRICAL_SURFACE ( 'NONE', #2423, 1.181102362204725420 ) ;
#7594 = CYLINDRICAL_SURFACE ( 'NONE', #389, 1.181102362204725420 ) ;
#7595 = EDGE_CURVE ( 'NONE', #5184, #11208, #8678, .T. ) ;
#7596 = ORIENTED_EDGE ( 'NONE', *, *, #6678, .F. ) ;
#7597 = MECHANICAL_DESIGN_GEOMETRIC_PRESENTATION_REPRESENTATION (  '', ( #4330 ), #9300 ) ;
#7598 = PLANE ( 'NONE',  #3358 ) ;
#7599 = ORIENTED_EDGE ( 'NONE', *, *, #429, .T. ) ;
#7600 = CARTESIAN_POINT ( 'NONE',  ( -4.591619688868614269, 9.055118110236220375, 7.445930726915714004 ) ) ;
#7601 = EDGE_LOOP ( 'NONE', ( #7739, #3915, #11364, #8671 ) ) ;
#7602 = ORIENTED_EDGE ( 'NONE', *, *, #6408, .T. ) ;
#7603 = VECTOR ( 'NONE', #2062, 39.37007874015748143 ) ;
#7604 = FACE_OUTER_BOUND ( 'NONE', #7212, .T. ) ;
#7605 = ADVANCED_FACE ( 'NONE', ( #10567 ), #7063, .T. ) ;
#7606 = LINE ( 'NONE', #7481, #10658 ) ;
#7607 = ORIENTED_EDGE ( 'NONE', *, *, #182, .F. ) ;
#7608 = PLANE ( 'NONE',  #11056 ) ;
#7609 = CARTESIAN_POINT ( 'NONE',  ( 4.392152166776199351, 9.055118110236220375, 7.445930726915714004 ) ) ;
#7610 = EDGE_CURVE ( 'NONE', #6551, #3244, #10189, .T. ) ;
#7611 = VERTEX_POINT ( 'NONE', #4189 ) ;
#7612 = DIRECTION ( 'NONE',  ( -0.000000000000000000, -0.000000000000000000, -1.000000000000000000 ) ) ;
#7613 = CARTESIAN_POINT ( 'NONE',  ( 2.073640607983706641, 3.336583315892183155, 0.7874015748031496509 ) ) ;
#7614 = CARTESIAN_POINT ( 'NONE',  ( 4.078179144149599367, -0.6432185497264709673, 0.000000000000000000 ) ) ;
#7615 = DIRECTION ( 'NONE',  ( -0.000000000000000000, -0.000000000000000000, 1.000000000000000000 ) ) ;
#7616 = PLANE ( 'NONE',  #2954 ) ;
#7617 = EDGE_LOOP ( 'NONE', ( #11313, #9461, #5390, #7652 ) ) ;
#7618 = PLANE ( 'NONE',  #3994 ) ;
#7619 = EDGE_LOOP ( 'NONE', ( #11417, #4810, #5493, #11477 ) ) ;
#7620 = CYLINDRICAL_SURFACE ( 'NONE', #134, 0.3937007874015751585 ) ;
#7621 = ORIENTED_EDGE ( 'NONE', *, *, #8392, .T. ) ;
#7622 = DIRECTION ( 'NONE',  ( 0.000000000000000000, 0.000000000000000000, 1.000000000000000000 ) ) ;
#7623 = ORIENTED_EDGE ( 'NONE', *, *, #2442, .T. ) ;
#7624 = CARTESIAN_POINT ( 'NONE',  ( -3.653534954903999488, 0.01986406393673360166, 0.3937007874015748254 ) ) ;
#7625 = EDGE_CURVE ( 'NONE', #1939, #5107, #641, .T. ) ;
#7626 = ORIENTED_EDGE ( 'NONE', *, *, #9889, .T. ) ;
#7627 = CARTESIAN_POINT ( 'NONE',  ( 3.693202048827119999, -10.44294424316293224, 0.000000000000000000 ) ) ;
#7628 = CARTESIAN_POINT ( 'NONE',  ( -3.937007874015811648, 3.149606299212599492, 4.638196495462627134 ) ) ;
#7629 = VERTEX_POINT ( 'NONE', #4970 ) ;
#7630 = ORIENTED_EDGE ( 'NONE', *, *, #3984, .F. ) ;
#7631 = CARTESIAN_POINT ( 'NONE',  ( 4.519676687187463848, 0.008763934312793467477, 0.3937007874015748254 ) ) ;
#7632 = DIRECTION ( 'NONE',  ( -0.000000000000000000, 1.000000000000000000, -0.000000000000000000 ) ) ;
#7633 = CARTESIAN_POINT ( 'NONE',  ( -2.858207359010676019, -6.438859693790624839, 0.7874015748031496509 ) ) ;
#7634 = DIRECTION ( 'NONE',  ( -0.000000000000000000, -0.000000000000000000, 1.000000000000000000 ) ) ;
#7635 = VECTOR ( 'NONE', #527, 39.37007874015748143 ) ;
#7636 = CARTESIAN_POINT ( 'NONE',  ( 3.346456692913386100, 3.937007874015748143, -5.829937311063766892 ) ) ;
#7637 = EDGE_LOOP ( 'NONE', ( #2125, #2162 ) ) ;
#7638 = ADVANCED_FACE ( 'NONE', ( #4306 ), #11506, .F. ) ;
#7639 = ORIENTED_EDGE ( 'NONE', *, *, #4076, .F. ) ;
#7640 = LINE ( 'NONE', #374, #3663 ) ;
#7641 = DIRECTION ( 'NONE',  ( 1.000000000000000000, 0.000000000000000000, 0.000000000000000000 ) ) ;
#7642 = CIRCLE ( 'NONE', #10279, 0.08858267716535440928 ) ;
#7643 = DIRECTION ( 'NONE',  ( 1.000000000000000000, -0.000000000000000000, -0.000000000000000000 ) ) ;
#7644 = CARTESIAN_POINT ( 'NONE',  ( -2.952755905511811108, 3.336583315892183155, 0.3937007874015748254 ) ) ;
#7645 = VERTEX_POINT ( 'NONE', #6070 ) ;
#7646 = AXIS2_PLACEMENT_3D ( 'NONE', #8833, #1583, #6271 ) ;
#7647 = LINE ( 'NONE', #1285, #10410 ) ;
#7648 = EDGE_CURVE ( 'NONE', #3981, #8496, #3912, .T. ) ;
#7649 = LINE ( 'NONE', #6039, #11725 ) ;
#7650 = ORIENTED_EDGE ( 'NONE', *, *, #7121, .F. ) ;
#7651 = ADVANCED_FACE ( 'NONE', ( #7790, #8672 ), #7843, .T. ) ;
#7652 = ORIENTED_EDGE ( 'NONE', *, *, #4538, .T. ) ;
#7653 = DIRECTION ( 'NONE',  ( -0.000000000000000000, -0.000000000000000000, -1.000000000000000000 ) ) ;
#7654 = CARTESIAN_POINT ( 'NONE',  ( -0.5905511811023621549, 4.517685678096908575, 0.3937007874015748254 ) ) ;
#7655 = AXIS2_PLACEMENT_3D ( 'NONE', #9337, #1139, #4795 ) ;
#7656 = CIRCLE ( 'NONE', #10486, 1.181102362204724310 ) ;
#7657 = LINE ( 'NONE', #1957, #11444 ) ;
#7658 = FACE_BOUND ( 'NONE', #863, .T. ) ;
#7659 = EDGE_LOOP ( 'NONE', ( #1681, #4565, #7242, #10568 ) ) ;
#7660 = CARTESIAN_POINT ( 'NONE',  ( -4.923310919208263137, -2.568928495131439060, 0.000000000000000000 ) ) ;
#7661 = EDGE_CURVE ( 'NONE', #2185, #237, #7728, .T. ) ;
#7662 = ORIENTED_EDGE ( 'NONE', *, *, #9684, .T. ) ;
#7663 = LINE ( 'NONE', #5937, #9637 ) ;
#7664 = DIRECTION ( 'NONE',  ( -0.000000000000000000, -1.000000000000000000, -0.000000000000000000 ) ) ;
#7665 = AXIS2_PLACEMENT_3D ( 'NONE', #7483, #4901, #2918 ) ;
#7666 = EDGE_CURVE ( 'NONE', #561, #8099, #9435, .T. ) ;
#7667 = CARTESIAN_POINT ( 'NONE',  ( -4.921259842519680738, -10.44294424316293757, 0.3937007874015748254 ) ) ;
#7668 = DIRECTION ( 'NONE',  ( -4.649641239344063863E-15, 0.000000000000000000, 1.000000000000000000 ) ) ;
#7669 = DIRECTION ( 'NONE',  ( -1.000000000000000000, -3.559243557031707296E-15, -0.000000000000000000 ) ) ;
#7670 = ORIENTED_EDGE ( 'NONE', *, *, #7056, .T. ) ;
#7671 = DIRECTION ( 'NONE',  ( 1.000000000000000000, 0.000000000000000000, 0.000000000000000000 ) ) ;
#7672 = LENGTH_MEASURE_WITH_UNIT ( LENGTH_MEASURE( 0.02539999999999999897 ), #8834 );
#7673 = DIRECTION ( 'NONE',  ( 0.000000000000000000, 0.000000000000000000, 1.000000000000000000 ) ) ;
#7674 = ORIENTED_EDGE ( 'NONE', *, *, #3046, .T. ) ;
#7675 = FACE_OUTER_BOUND ( 'NONE', #5242, .T. ) ;
#7676 = ORIENTED_EDGE ( 'NONE', *, *, #5907, .F. ) ;
#7677 = VECTOR ( 'NONE', #8053, 39.37007874015748143 ) ;
#7678 = CARTESIAN_POINT ( 'NONE',  ( 3.653534954903999488, -1.306301163389676168, 0.3937007874015748254 ) ) ;
#7679 = EDGE_CURVE ( 'NONE', #9522, #8435, #588, .T. ) ;
#7680 = CARTESIAN_POINT ( 'NONE',  ( -3.549822394964751382, 3.149606299212599492, 6.729326213142290847 ) ) ;
#7681 = ORIENTED_EDGE ( 'NONE', *, *, #326, .T. ) ;
#7682 = EDGE_LOOP ( 'NONE', ( #11434, #1549 ) ) ;
#7683 = DIRECTION ( 'NONE',  ( 0.000000000000000000, 1.000000000000000000, -0.000000000000000000 ) ) ;
#7684 = PLANE ( 'NONE',  #2987 ) ;
#7685 = EDGE_LOOP ( 'NONE', ( #11650, #5745, #7950, #10997 ) ) ;
#7686 = CARTESIAN_POINT ( 'NONE',  ( 4.785852954177777008, 9.448818897637794478, -7.559072353315135828 ) ) ;
#7687 = CARTESIAN_POINT ( 'NONE',  ( 3.684478356748024819, -0.6432185497264709673, 0.000000000000000000 ) ) ;
#7688 = ORIENTED_EDGE ( 'NONE', *, *, #9409, .T. ) ;
#7689 = EDGE_CURVE ( 'NONE', #710, #9232, #1436, .T. ) ;
#7690 = CARTESIAN_POINT ( 'NONE',  ( 4.273251509737228560, -3.553180463635375208, 0.3937007874015748254 ) ) ;
#7691 = ORIENTED_EDGE ( 'NONE', *, *, #9479, .T. ) ;
#7692 = ORIENTED_EDGE ( 'NONE', *, *, #10337, .F. ) ;
#7693 = CARTESIAN_POINT ( 'NONE',  ( 4.921259842519685179, 1.368079378884309083, 0.3937007874015748254 ) ) ;
#7694 = CARTESIAN_POINT ( 'NONE',  ( 3.346456692913386100, 3.937007874015748143, -7.011039673268492756 ) ) ;
#7695 = DIRECTION ( 'NONE',  ( 0.000000000000000000, 0.000000000000000000, -1.000000000000000000 ) ) ;
#7696 = CARTESIAN_POINT ( 'NONE',  ( 4.921259842519685179, 1.368079378884309083, 0.000000000000000000 ) ) ;
#7697 = VERTEX_POINT ( 'NONE', #1497 ) ;
#7698 = FACE_OUTER_BOUND ( 'NONE', #7032, .T. ) ;
#7699 = ORIENTED_EDGE ( 'NONE', *, *, #7999, .F. ) ;
#7700 = CARTESIAN_POINT ( 'NONE',  ( 3.937007874015811648, 0.000000000000000000, 4.638196495462627134 ) ) ;
#7701 = SHAPE_REPRESENTATION_RELATIONSHIP ( 'NONE' , 'NONE' ,  #2973, #2687 ) ;
#7702 = EDGE_CURVE ( 'NONE', #8151, #11677, #5154, .T. ) ;
#7703 = VERTEX_POINT ( 'NONE', #5382 ) ;
#7704 = ORIENTED_EDGE ( 'NONE', *, *, #1541, .T. ) ;
#7705 = CARTESIAN_POINT ( 'NONE',  ( 4.361834186902583177, -5.521684400643250612, 0.000000000000000000 ) ) ;
#7706 = CIRCLE ( 'NONE', #10163, 0.08858267716535440928 ) ;
#7707 = LENGTH_MEASURE_WITH_UNIT ( LENGTH_MEASURE( 0.02539999999999999897 ), #8774 );
#7708 = DIRECTION ( 'NONE',  ( -1.000000000000000000, 0.000000000000000000, 4.047688110612550544E-16 ) ) ;
#7709 = DIRECTION ( 'NONE',  ( -0.000000000000000000, -0.000000000000000000, -1.000000000000000000 ) ) ;
#7710 = ORIENTED_EDGE ( 'NONE', *, *, #10390, .F. ) ;
#7711 = EDGE_CURVE ( 'NONE', #7720, #8293, #10848, .T. ) ;
#7712 = VECTOR ( 'NONE', #720, 39.37007874015748143 ) ;
#7713 = AXIS2_PLACEMENT_3D ( 'NONE', #4242, #7156, #10503 ) ;
#7714 = EDGE_LOOP ( 'NONE', ( #3604, #112, #3074, #10148 ) ) ;
#7715 = CARTESIAN_POINT ( 'NONE',  ( 2.952755905511811108, -11.23034581796608578, 0.3937007874015748254 ) ) ;
#7716 = FACE_OUTER_BOUND ( 'NONE', #3519, .T. ) ;
#7717 = CARTESIAN_POINT ( 'NONE',  ( 4.361834186902580512, 2.352331347388247451, 0.3937007874015748254 ) ) ;
#7718 = CARTESIAN_POINT ( 'NONE',  ( -7.086614173228347191, 0.000000000000000000, -0.5905511811023614888 ) ) ;
#7719 = LINE ( 'NONE', #11330, #4109 ) ;
#7720 = VERTEX_POINT ( 'NONE', #9783 ) ;
#7721 = AXIS2_PLACEMENT_3D ( 'NONE', #559, #3262, #8937 ) ;
#7722 = LINE ( 'NONE', #11333, #11052 ) ;
#7723 = EDGE_CURVE ( 'NONE', #11013, #7111, #760, .T. ) ;
#7724 = CIRCLE ( 'NONE', #2170, 0.1968503937007875793 ) ;
#7725 = LINE ( 'NONE', #6899, #2476 ) ;
#7726 = ORIENTED_EDGE ( 'NONE', *, *, #10091, .F. ) ;
#7727 = EDGE_LOOP ( 'NONE', ( #2731, #11024, #1523, #5100 ) ) ;
#7728 = LINE ( 'NONE', #11338, #6036 ) ;
#7729 = EDGE_CURVE ( 'NONE', #10462, #99, #7247, .T. ) ;
#7730 = AXIS2_PLACEMENT_3D ( 'NONE', #8691, #8860, #4087 ) ;
#7731 = DIRECTION ( 'NONE',  ( -0.000000000000000000, 1.000000000000000000, -0.000000000000000000 ) ) ;
#7732 = DIRECTION ( 'NONE',  ( -0.9367259886217343956, -0.000000000000000000, -0.3500634545916412876 ) ) ;
#7733 = ORIENTED_EDGE ( 'NONE', *, *, #2097, .F. ) ;
#7734 = VECTOR ( 'NONE', #2345, 39.37007874015748143 ) ;
#7735 = EDGE_LOOP ( 'NONE', ( #11103, #7531 ) ) ;
#7736 = VERTEX_POINT ( 'NONE', #9022 ) ;
#7737 = FACE_OUTER_BOUND ( 'NONE', #6220, .T. ) ;
#7738 = DIRECTION ( 'NONE',  ( 0.9367259886217340625, 0.000000000000000000, -0.3500634545916422868 ) ) ;
#7739 = ORIENTED_EDGE ( 'NONE', *, *, #746, .T. ) ;
#7740 = EDGE_CURVE ( 'NONE', #4399, #8541, #817, .T. ) ;
#7741 = PLANE ( 'NONE',  #2330 ) ;
#7742 = FILL_AREA_STYLE_COLOUR ( '', #8207 ) ;
#7743 = VECTOR ( 'NONE', #10495, 39.37007874015748143 ) ;
#7744 = CARTESIAN_POINT ( 'NONE',  ( 0.000000000000000000, 0.000000000000000000, -8.464566929133857442 ) ) ;
#7745 = EDGE_CURVE ( 'NONE', #1019, #1979, #7363, .T. ) ;
#7746 = VECTOR ( 'NONE', #9138, 39.37007874015748143 ) ;
#7747 = AXIS2_PLACEMENT_3D ( 'NONE', #2127, #213, #330 ) ;
#7748 = CIRCLE ( 'NONE', #6221, 1.181102362204724310 ) ;
#7749 = VECTOR ( 'NONE', #341, 39.37007874015748143 ) ;
#7750 = LINE ( 'NONE', #10344, #10785 ) ;
#7751 = EDGE_LOOP ( 'NONE', ( #5214, #8237, #8632, #11265 ) ) ;
#7752 = LINE ( 'NONE', #11363, #9252 ) ;
#7753 = ORIENTED_EDGE ( 'NONE', *, *, #5576, .T. ) ;
#7754 = CARTESIAN_POINT ( 'NONE',  ( 2.952755905511811108, -11.23034581796608578, 0.3937007874015748254 ) ) ;
#7755 = AXIS2_PLACEMENT_3D ( 'NONE', #3332, #1531, #2430 ) ;
#7756 = CARTESIAN_POINT ( 'NONE',  ( 0.000000000000000000, 8.267716535433070391, 0.000000000000000000 ) ) ;
#7757 = ORIENTED_EDGE ( 'NONE', *, *, #8140, .T. ) ;
#7758 = LINE ( 'NONE', #9475, #11563 ) ;
#7759 = DIRECTION ( 'NONE',  ( -0.000000000000000000, 0.000000000000000000, -1.000000000000000000 ) ) ;
#7760 = LINE ( 'NONE', #9584, #4021 ) ;
#7761 = VECTOR ( 'NONE', #11512, 39.37007874015748143 ) ;
#7762 = AXIS2_PLACEMENT_3D ( 'NONE', #4281, #3618, #6202 ) ;
#7763 = EDGE_CURVE ( 'NONE', #6316, #6847, #4292, .T. ) ;
#7764 = VERTEX_POINT ( 'NONE', #10904 ) ;
#7765 = VECTOR ( 'NONE', #9112, 39.37007874015748143 ) ;
#7766 = FACE_BOUND ( 'NONE', #11426, .T. ) ;
#7767 = DIRECTION ( 'NONE',  ( 0.000000000000000000, 0.000000000000000000, 1.000000000000000000 ) ) ;
#7768 =( LENGTH_UNIT ( ) NAMED_UNIT ( * ) SI_UNIT ( $, .METRE. ) );
#7769 = EDGE_LOOP ( 'NONE', ( #7958, #6144, #1630, #1564 ) ) ;
#7770 = AXIS2_PLACEMENT_3D ( 'NONE', #3471, #10082, #7309 ) ;
#7771 = AXIS2_PLACEMENT_3D ( 'NONE', #4697, #8344, #1874 ) ;
#7772 = ORIENTED_EDGE ( 'NONE', *, *, #2908, .F. ) ;
#7773 = DIRECTION ( 'NONE',  ( -2.139492287038062346E-15, 0.000000000000000000, -1.000000000000000000 ) ) ;
#7774 = CIRCLE ( 'NONE', #2597, 0.1968503937007875793 ) ;
#7775 = CYLINDRICAL_SURFACE ( 'NONE', #9734, 0.5905511811023627100 ) ;
#7776 = DIRECTION ( 'NONE',  ( -1.000000000000000000, 0.000000000000000000, 0.000000000000000000 ) ) ;
#7777 = VERTEX_POINT ( 'NONE', #9953 ) ;
#7778 = EDGE_LOOP ( 'NONE', ( #912, #8554 ) ) ;
#7779 = LINE ( 'NONE', #9549, #8312 ) ;
#7780 = DIRECTION ( 'NONE',  ( 0.000000000000000000, 1.000000000000000000, 0.000000000000000000 ) ) ;
#7781 = CARTESIAN_POINT ( 'NONE',  ( 4.361834186902580512, 2.352331347388247451, 0.000000000000000000 ) ) ;
#7782 = DIRECTION ( 'NONE',  ( -1.000000000000000000, 0.000000000000000000, -4.649641239344063863E-15 ) ) ;
#7783 = DIRECTION ( 'NONE',  ( -0.000000000000000000, -0.000000000000000000, -1.000000000000000000 ) ) ;
#7784 = ADVANCED_FACE ( 'NONE', ( #1773 ), #4600, .F. ) ;
#7785 = ORIENTED_EDGE ( 'NONE', *, *, #5062, .T. ) ;
#7786 = DIRECTION ( 'NONE',  ( 0.000000000000000000, -1.000000000000000000, 0.000000000000000000 ) ) ;
#7787 = ORIENTED_EDGE ( 'NONE', *, *, #10786, .T. ) ;
#7788 = CARTESIAN_POINT ( 'NONE',  ( -3.299501261425538789, -10.04924345576135813, 0.7874015748031496509 ) ) ;
#7789 = VERTEX_POINT ( 'NONE', #11746 ) ;
#7790 = FACE_BOUND ( 'NONE', #7094, .T. ) ;
#7791 = VERTEX_POINT ( 'NONE', #9898 ) ;
#7792 = EDGE_CURVE ( 'NONE', #11079, #1063, #8690, .T. ) ;
#7793 = ORIENTED_EDGE ( 'NONE', *, *, #3060, .F. ) ;
#7794 = CARTESIAN_POINT ( 'NONE',  ( -4.347829632394716981, -11.77069179321712333, 0.000000000000000000 ) ) ;
#7795 = EDGE_CURVE ( 'NONE', #6610, #660, #5653, .T. ) ;
#7796 = CARTESIAN_POINT ( 'NONE',  ( 4.921259842519685179, -10.75790487308419685, 0.3937007874015748254 ) ) ;
#7797 = ORIENTED_EDGE ( 'NONE', *, *, #11606, .T. ) ;
#7798 = EDGE_CURVE ( 'NONE', #5459, #302, #8914, .T. ) ;
#7799 = ORIENTED_EDGE ( 'NONE', *, *, #490, .T. ) ;
#7800 = CARTESIAN_POINT ( 'NONE',  ( -4.716527080888250900, 0.008763934312793491763, 0.3937007874015748254 ) ) ;
#7801 = LINE ( 'NONE', #3368, #9092 ) ;
#7802 = EDGE_LOOP ( 'NONE', ( #1048, #3740 ) ) ;
#7803 = DIRECTION ( 'NONE',  ( -0.000000000000000000, -0.000000000000000000, -1.000000000000000000 ) ) ;
#7804 = DIRECTION ( 'NONE',  ( 0.000000000000000000, 0.000000000000000000, 1.000000000000000000 ) ) ;
#7805 = CARTESIAN_POINT ( 'NONE',  ( 5.907562887712197508, -4.537432432139313576, 0.000000000000000000 ) ) ;
#7806 = EDGE_CURVE ( 'NONE', #5327, #6094, #3529, .T. ) ;
#7807 = EDGE_CURVE ( 'NONE', #9656, #2282, #1719, .T. ) ;
#7808 = CARTESIAN_POINT ( 'NONE',  ( -4.197918901467038388, 8.267716535433070391, -7.165371565913558172 ) ) ;
#7809 = EDGE_LOOP ( 'NONE', ( #5010, #6243 ) ) ;
#7810 = CYLINDRICAL_SURFACE ( 'NONE', #1031, 1.181102362204725420 ) ;
#7811 = ADVANCED_FACE ( 'NONE', ( #944 ), #55, .T. ) ;
#7812 = VERTEX_POINT ( 'NONE', #3468 ) ;
#7813 = DIRECTION ( 'NONE',  ( 1.000000000000000000, -1.387778780781447155E-16, 0.000000000000000000 ) ) ;
#7814 = DIRECTION ( 'NONE',  ( 0.000000000000000000, 0.000000000000000000, 1.000000000000000000 ) ) ;
#7815 = ORIENTED_EDGE ( 'NONE', *, *, #5239, .F. ) ;
#7816 = DIRECTION ( 'NONE',  ( 1.000000000000000000, 0.000000000000000000, 0.000000000000000000 ) ) ;
#7817 = CYLINDRICAL_SURFACE ( 'NONE', #8401, 0.1968503937007875793 ) ;
#7818 = DIMENSIONAL_EXPONENTS ( 1.000000000000000000, 0.000000000000000000, 0.000000000000000000, 0.000000000000000000, 0.000000000000000000, 0.000000000000000000, 0.000000000000000000 ) ;
#7819 = ORIENTED_EDGE ( 'NONE', *, *, #2152, .F. ) ;
#7820 = DIRECTION ( 'NONE',  ( 0.000000000000000000, 0.000000000000000000, 1.000000000000000000 ) ) ;
#7821 = CARTESIAN_POINT ( 'NONE',  ( -3.346456692913386100, 7.480314960629921295, -6.420488492166129824 ) ) ;
#7822 = ORIENTED_EDGE ( 'NONE', *, *, #9620, .F. ) ;
#7823 = VECTOR ( 'NONE', #8, 39.37007874015748143 ) ;
#7824 = EDGE_CURVE ( 'NONE', #9888, #6147, #2958, .T. ) ;
#7825 = ORIENTED_EDGE ( 'NONE', *, *, #2983, .F. ) ;
#7826 = DIRECTION ( 'NONE',  ( 1.000000000000000000, 0.000000000000000000, -1.966319083971647814E-16 ) ) ;
#7827 = CARTESIAN_POINT ( 'NONE',  ( -4.322826293486675908, 0.008763934312793467477, 0.3937007874015748254 ) ) ;
#7828 = CARTESIAN_POINT ( 'NONE',  ( -5.513862100310625181, -4.537432432139312688, 1.968503937007874072 ) ) ;
#7829 = AXIS2_PLACEMENT_3D ( 'NONE', #10845, #2682, #10674 ) ;
#7830 = CARTESIAN_POINT ( 'NONE',  ( 3.693202048827113781, -6.505936369147188536, 1.968503937007874072 ) ) ;
#7831 = ORIENTED_EDGE ( 'NONE', *, *, #6810, .T. ) ;
#7832 = CARTESIAN_POINT ( 'NONE',  ( -2.703458040287970654, 3.149606299212599492, -7.731481024822777215 ) ) ;
#7833 = CYLINDRICAL_SURFACE ( 'NONE', #8912, 1.181102362204724310 ) ;
#7834 = DIRECTION ( 'NONE',  ( -0.000000000000000000, 1.000000000000000000, -0.000000000000000000 ) ) ;
#7836 = LINE ( 'NONE', #6945, #7335 ) ;
#7835 = CIRCLE ( 'NONE', #2858, 0.08858267716535496439 ) ;
#7837 = PLANE ( 'NONE',  #7926 ) ;
#7838 = CIRCLE ( 'NONE', #10293, 0.09842519685039370636 ) ;
#7839 = VERTEX_POINT ( 'NONE', #10796 ) ;
#7840 = FACE_BOUND ( 'NONE', #8884, .T. ) ;
#7841 = ORIENTED_EDGE ( 'NONE', *, *, #9312, .F. ) ;
#7842 = CARTESIAN_POINT ( 'NONE',  ( 4.923310919208261360, -2.568928495131438172, 0.3937007874015748254 ) ) ;
#7843 = PLANE ( 'NONE',  #7163 ) ;
#7844 = ORIENTED_EDGE ( 'NONE', *, *, #8972, .F. ) ;
#7845 = EDGE_LOOP ( 'NONE', ( #5548, #3186, #7089, #8133 ) ) ;
#7846 = EDGE_LOOP ( 'NONE', ( #3423, #10235, #386, #8161 ) ) ;
#7847 = AXIS2_PLACEMENT_3D ( 'NONE', #3479, #7128, #9910 ) ;
#7848 = EDGE_CURVE ( 'NONE', #6030, #1408, #845, .T. ) ;
#7849 = EDGE_CURVE ( 'NONE', #835, #4680, #1798, .T. ) ;
#7850 = DIRECTION ( 'NONE',  ( 1.000000000000000000, 0.000000000000000000, 0.000000000000000000 ) ) ;
#7851 = CARTESIAN_POINT ( 'NONE',  ( 4.923310919208261360, -5.127983613241675620, 0.000000000000000000 ) ) ;
#7852 = ORIENTED_EDGE ( 'NONE', *, *, #1491, .F. ) ;
#7853 = EDGE_CURVE ( 'NONE', #11352, #8556, #8966, .T. ) ;
#7854 = ORIENTED_EDGE ( 'NONE', *, *, #7053, .F. ) ;
#7855 = CARTESIAN_POINT ( 'NONE',  ( -4.078179144149599367, -0.6432185497264709673, 0.000000000000000000 ) ) ;
#7856 = LINE ( 'NONE', #5164, #1825 ) ;
#7857 = ORIENTED_EDGE ( 'NONE', *, *, #6795, .T. ) ;
#7858 = AXIS2_PLACEMENT_3D ( 'NONE', #7305, #758, #10795 ) ;
#7859 = CARTESIAN_POINT ( 'NONE',  ( -4.591619688868616045, 9.448818897637794478, 7.839631514317292549 ) ) ;
#7860 = DIRECTION ( 'NONE',  ( -0.000000000000000000, -1.000000000000000000, -0.000000000000000000 ) ) ;
#7861 = DIRECTION ( 'NONE',  ( 1.000000000000000000, -1.541976423090495387E-16, 0.000000000000000000 ) ) ;
#7862 = EDGE_CURVE ( 'NONE', #1952, #3608, #5253, .T. ) ;
#7863 = ADVANCED_FACE ( 'NONE', ( #8426 ), #5571, .T. ) ;
#7864 = CARTESIAN_POINT ( 'NONE',  ( -2.467341395385281633, 3.336583315892183155, 0.7874015748031496509 ) ) ;
#7865 = EDGE_LOOP ( 'NONE', ( #3113, #10291, #11060, #5721 ) ) ;
#7866 = DIRECTION ( 'NONE',  ( 0.000000000000000000, 0.000000000000000000, 1.000000000000000000 ) ) ;
#7867 = ORIENTED_EDGE ( 'NONE', *, *, #6283, .F. ) ;
#7868 = PLANE ( 'NONE',  #3498 ) ;
#7869 = DIRECTION ( 'NONE',  ( -1.000000000000000000, 0.000000000000000000, 0.000000000000000000 ) ) ;
#7870 = ORIENTED_EDGE ( 'NONE', *, *, #9520, .T. ) ;
#7871 = CARTESIAN_POINT ( 'NONE',  ( 6.104413281412985448, -3.946881251036950200, 0.000000000000000000 ) ) ;
#7872 = EDGE_CURVE ( 'NONE', #2639, #11619, #3831, .T. ) ;
#7873 = CARTESIAN_POINT ( 'NONE',  ( 0.006488179178569830098, 3.915065883440284278, -6.889763779527559251 ) ) ;
#7874 = AXIS2_PLACEMENT_3D ( 'NONE', #8403, #8523, #5732 ) ;
#7875 = ORIENTED_EDGE ( 'NONE', *, *, #8516, .F. ) ;
#7876 = ORIENTED_EDGE ( 'NONE', *, *, #5994, .F. ) ;
#7877 = DIRECTION ( 'NONE',  ( -1.000000000000000000, 0.000000000000000000, 0.000000000000000000 ) ) ;
#7878 = LINE ( 'NONE', #3328, #6058 ) ;
#7879 = ORIENTED_EDGE ( 'NONE', *, *, #7093, .F. ) ;
#7880 = ORIENTED_EDGE ( 'NONE', *, *, #9317, .F. ) ;
#7881 = DIRECTION ( 'NONE',  ( -0.000000000000000000, -1.000000000000000000, -0.000000000000000000 ) ) ;
#7882 = FILL_AREA_STYLE_COLOUR ( '', #9151 ) ;
#7883 = CARTESIAN_POINT ( 'NONE',  ( -4.184668832571872166, -3.553180463635376096, 0.3937007874015748254 ) ) ;
#7884 = ADVANCED_FACE ( 'NONE', ( #11210 ), #7544, .F. ) ;
#7885 = DIRECTION ( 'NONE',  ( -0.000000000000000000, -1.000000000000000000, -0.000000000000000000 ) ) ;
#7886 = PLANE ( 'NONE',  #4885 ) ;
#7887 = ADVANCED_FACE ( 'NONE', ( #5699 ), #11083, .F. ) ;
#7888 = LINE ( 'NONE', #10370, #3931 ) ;
#7889 = DIRECTION ( 'NONE',  ( -1.000000000000000000, -0.000000000000000000, -0.000000000000000000 ) ) ;
#7890 = DIRECTION ( 'NONE',  ( 1.000000000000000000, 0.000000000000000000, 0.000000000000000000 ) ) ;
#7891 = FACE_OUTER_BOUND ( 'NONE', #2787, .T. ) ;
#7892 = DIRECTION ( 'NONE',  ( -0.000000000000000000, 0.000000000000000000, -1.000000000000000000 ) ) ;
#7893 = ORIENTED_EDGE ( 'NONE', *, *, #1648, .T. ) ;
#7894 = FACE_BOUND ( 'NONE', #6920, .T. ) ;
#7895 = LINE ( 'NONE', #7062, #949 ) ;
#7896 = CARTESIAN_POINT ( 'NONE',  ( 3.653534954903999488, 0.01986406393673360166, 0.000000000000000000 ) ) ;
#7897 = ORIENTED_EDGE ( 'NONE', *, *, #5031, .F. ) ;
#7898 = ORIENTED_EDGE ( 'NONE', *, *, #2100, .T. ) ;
#7899 = VECTOR ( 'NONE', #6839, 39.37007874015748143 ) ;
#7900 = EDGE_CURVE ( 'NONE', #8475, #11323, #6709, .T. ) ;
#7901 = FACE_OUTER_BOUND ( 'NONE', #354, .T. ) ;
#7902 = AXIS2_PLACEMENT_3D ( 'NONE', #493, #11580, #6020 ) ;
#7903 = CARTESIAN_POINT ( 'NONE',  ( -2.703458040287970654, 0.000000000000000000, 7.086614173228346303 ) ) ;
#7904 = EDGE_LOOP ( 'NONE', ( #7650, #696 ) ) ;
#7905 = VERTEX_POINT ( 'NONE', #10139 ) ;
#7906 = DIRECTION ( 'NONE',  ( 1.000000000000000000, 0.000000000000000000, 0.000000000000000000 ) ) ;
#7907 = DIRECTION ( 'NONE',  ( -0.000000000000000000, -0.000000000000000000, 1.000000000000000000 ) ) ;
#7908 = VERTEX_POINT ( 'NONE', #2136 ) ;
#7909 = DIRECTION ( 'NONE',  ( -0.000000000000000000, -0.000000000000000000, 1.000000000000000000 ) ) ;
#7910 = CARTESIAN_POINT ( 'NONE',  ( 0.5905511811023621549, 4.517685678096908575, 0.000000000000000000 ) ) ;
#7911 = EDGE_CURVE ( 'NONE', #9979, #9148, #5064, .T. ) ;
#7912 = LINE ( 'NONE', #6136, #7350 ) ;
#7913 = VECTOR ( 'NONE', #5650, 39.37007874015748143 ) ;
#7914 = VECTOR ( 'NONE', #914, 39.37007874015748143 ) ;
#7915 = CIRCLE ( 'NONE', #10937, 0.08858267716535440928 ) ;
#7916 = CYLINDRICAL_SURFACE ( 'NONE', #2726, 1.181102362204724310 ) ;
#7917 = ORIENTED_EDGE ( 'NONE', *, *, #1481, .F. ) ;
#7918 = DIRECTION ( 'NONE',  ( 0.000000000000000000, 0.000000000000000000, -1.000000000000000000 ) ) ;
#7919 = AXIS2_PLACEMENT_3D ( 'NONE', #8374, #3714, #1964 ) ;
#7920 = ORIENTED_EDGE ( 'NONE', *, *, #10130, .F. ) ;
#7921 = DIRECTION ( 'NONE',  ( 1.000000000000000000, 0.000000000000000000, 0.000000000000000000 ) ) ;
#7922 = DIRECTION ( 'NONE',  ( 0.5144957554275262357, -0.8574929257125443183, 0.000000000000000000 ) ) ;
#7923 = ORIENTED_EDGE ( 'NONE', *, *, #1935, .T. ) ;
#7924 = EDGE_CURVE ( 'NONE', #5564, #2169, #9323, .T. ) ;
#7925 = CARTESIAN_POINT ( 'NONE',  ( -4.252043450305089678, 3.937007874015748143, 7.501597746311240655 ) ) ;
#7926 = AXIS2_PLACEMENT_3D ( 'NONE', #8787, #2490, #7892 ) ;
#7927 = DIRECTION ( 'NONE',  ( -1.000000000000000000, -0.000000000000000000, -0.000000000000000000 ) ) ;
#7928 = EDGE_CURVE ( 'NONE', #9942, #10705, #1958, .T. ) ;
#7929 = ORIENTED_EDGE ( 'NONE', *, *, #3005, .F. ) ;
#7930 = ADVANCED_FACE ( 'NONE', ( #10260 ), #10077, .F. ) ;
#7931 =( GEOMETRIC_REPRESENTATION_CONTEXT ( 3 ) GLOBAL_UNCERTAINTY_ASSIGNED_CONTEXT ( ( #367 ) ) GLOBAL_UNIT_ASSIGNED_CONTEXT ( ( #6323, #6384, #3222 ) ) REPRESENTATION_CONTEXT ( 'NONE', 'WORKASPACE' ) );
#7932 = AXIS2_PLACEMENT_3D ( 'NONE', #6476, #3883, #1068 ) ;
#7933 = DIRECTION ( 'NONE',  ( 0.6974961937938047862, 0.000000000000000000, 0.7165884869596741424 ) ) ;
#7934 = PLANE ( 'NONE',  #11543 ) ;
#7935 = VERTEX_POINT ( 'NONE', #8543 ) ;
#7936 = VECTOR ( 'NONE', #9825, 39.37007874015748143 ) ;
#7937 = EDGE_CURVE ( 'NONE', #9254, #10952, #8368, .T. ) ;
#7938 = ORIENTED_EDGE ( 'NONE', *, *, #9847, .F. ) ;
#7939 = DIRECTION ( 'NONE',  ( 1.000000000000000000, 0.000000000000000000, 0.000000000000000000 ) ) ;
#7940 = AXIS2_PLACEMENT_3D ( 'NONE', #385, #11776, #9762 ) ;
#7941 = EDGE_CURVE ( 'NONE', #11733, #8635, #1902, .T. ) ;
#7942 = VECTOR ( 'NONE', #1649, 39.37007874015748143 ) ;
#7943 = VECTOR ( 'NONE', #5252, 39.37007874015748143 ) ;
#7944 = PLANE ( 'NONE',  #4009 ) ;
#7945 = DIRECTION ( 'NONE',  ( -0.000000000000000000, -1.000000000000000000, -0.000000000000000000 ) ) ;
#7946 = CARTESIAN_POINT ( 'NONE',  ( 4.361834186902580512, -11.42719621166687283, 0.000000000000000000 ) ) ;
#7947 = DIRECTION ( 'NONE',  ( 1.000000000000000000, 0.000000000000000000, 0.000000000000000000 ) ) ;
#7948 = CIRCLE ( 'NONE', #10226, 0.1968503937007875793 ) ;
#7949 = DIRECTION ( 'NONE',  ( -0.000000000000000000, 0.000000000000000000, 1.000000000000000000 ) ) ;
#7950 = ORIENTED_EDGE ( 'NONE', *, *, #1125, .F. ) ;
#7951 = VECTOR ( 'NONE', #4999, 39.37007874015748143 ) ;
#7952 = AXIS2_PLACEMENT_3D ( 'NONE', #3937, #11201, #9132 ) ;
#7953 = CARTESIAN_POINT ( 'NONE',  ( 4.716527080888250900, -1.295201033765735366, 0.3937007874015748254 ) ) ;
#7954 = FACE_OUTER_BOUND ( 'NONE', #8042, .T. ) ;
#7955 = EDGE_CURVE ( 'NONE', #8522, #8209, #9426, .T. ) ;
#7956 = AXIS2_PLACEMENT_3D ( 'NONE', #6856, #1452, #5110 ) ;
#7957 = CARTESIAN_POINT ( 'NONE',  ( 3.346456692913386100, 7.480314960629921295, -6.420488492166129824 ) ) ;
#7958 = ORIENTED_EDGE ( 'NONE', *, *, #11100, .F. ) ;
#7959 = EDGE_CURVE ( 'NONE', #5902, #11516, #8480, .T. ) ;
#7960 = DIRECTION ( 'NONE',  ( 0.000000000000000000, 0.000000000000000000, 1.000000000000000000 ) ) ;
#7961 = CARTESIAN_POINT ( 'NONE',  ( -2.073640607983705308, -12.41144818017080986, 0.7874015748031496509 ) ) ;
#7962 = AXIS2_PLACEMENT_3D ( 'NONE', #5812, #9432, #1243 ) ;
#7963 = CARTESIAN_POINT ( 'NONE',  ( -2.703458040287970654, 0.000000000000000000, -6.550378662618052239 ) ) ;
#7964 = ORIENTED_EDGE ( 'NONE', *, *, #6393, .F. ) ;
#7965 = ORIENTED_EDGE ( 'NONE', *, *, #11012, .F. ) ;
#7966 = CARTESIAN_POINT ( 'NONE',  ( -4.985320476270190149, 9.448818897637794478, -7.165371565913558172 ) ) ;
#7967 = DIRECTION ( 'NONE',  ( 1.407290340396085359E-16, 0.000000000000000000, 1.000000000000000000 ) ) ;
#7968 = CARTESIAN_POINT ( 'NONE',  ( -0.4709337523242653201, 7.480314960629921295, 0.1482536524622696250 ) ) ;
#7969 = ORIENTED_EDGE ( 'NONE', *, *, #7595, .F. ) ;
#7970 = EDGE_CURVE ( 'NONE', #369, #794, #7368, .T. ) ;
#7971 = CARTESIAN_POINT ( 'NONE',  ( 4.273251509737226783, 2.352331347388247451, 0.000000000000000000 ) ) ;
#7972 = VECTOR ( 'NONE', #6872, 39.37007874015748143 ) ;
#7973 = DIRECTION ( 'NONE',  ( 1.000000000000000000, 0.000000000000000000, 0.000000000000000000 ) ) ;
#7974 = DIRECTION ( 'NONE',  ( -0.000000000000000000, -1.000000000000000000, -0.000000000000000000 ) ) ;
#7975 = DIRECTION ( 'NONE',  ( -0.000000000000000000, 0.000000000000000000, 1.000000000000000000 ) ) ;
#7976 = CARTESIAN_POINT ( 'NONE',  ( -4.923310919208263137, -2.568928495131439060, 0.000000000000000000 ) ) ;
#7977 = LINE ( 'NONE', #10749, #1968 ) ;
#7978 = ORIENTED_EDGE ( 'NONE', *, *, #4500, .F. ) ;
#7979 = DIRECTION ( 'NONE',  ( -1.000000000000000000, 0.000000000000000000, 0.000000000000000000 ) ) ;
#7980 = ORIENTED_EDGE ( 'NONE', *, *, #1035, .T. ) ;
#7981 = DIRECTION ( 'NONE',  ( -0.000000000000000000, 1.000000000000000000, 0.000000000000000000 ) ) ;
#7982 = CARTESIAN_POINT ( 'NONE',  ( -2.952755905511811108, 3.336583315892183155, 0.3937007874015748254 ) ) ;
#7983 = ORIENTED_EDGE ( 'NONE', *, *, #7937, .F. ) ;
#7984 = PLANE ( 'NONE',  #7721 ) ;
#7985 = CARTESIAN_POINT ( 'NONE',  ( 3.346456692913387876, 7.480314960629921295, 6.420488492166129824 ) ) ;
#7986 = EDGE_LOOP ( 'NONE', ( #9624, #3188, #10311, #5919 ) ) ;
#7987 = LINE ( 'NONE', #9760, #2399 ) ;
#7988 = ADVANCED_FACE ( 'NONE', ( #2805 ), #7427, .F. ) ;
#7989 = DIRECTION ( 'NONE',  ( -0.000000000000000000, -0.000000000000000000, -1.000000000000000000 ) ) ;
#7990 =( NAMED_UNIT ( * ) PLANE_ANGLE_UNIT ( ) SI_UNIT ( $, .RADIAN. ) );
#7991 = ORIENTED_EDGE ( 'NONE', *, *, #4780, .T. ) ;
#7992 = EDGE_LOOP ( 'NONE', ( #8327, #7043 ) ) ;
#7993 = ADVANCED_FACE ( 'NONE', ( #167 ), #6588, .F. ) ;
#7994 = DIRECTION ( 'NONE',  ( 1.000000000000000000, 0.000000000000000000, 0.000000000000000000 ) ) ;
#7995 = DIRECTION ( 'NONE',  ( -0.000000000000000000, -1.000000000000000000, -0.000000000000000000 ) ) ;
#7996 = LINE ( 'NONE', #5137, #11748 ) ;
#7997 = DIRECTION ( 'NONE',  ( 0.000000000000000000, -1.000000000000000000, 0.000000000000000000 ) ) ;
#7998 = CARTESIAN_POINT ( 'NONE',  ( 2.952755905511811108, 2.155480953687459067, 0.3937007874015748254 ) ) ;
#7999 = EDGE_CURVE ( 'NONE', #7145, #5926, #6612, .T. ) ;
#8000 = VECTOR ( 'NONE', #7112, 39.37007874015748143 ) ;
#8001 = CYLINDRICAL_SURFACE ( 'NONE', #663, 1.181102362204724310 ) ;
#8002 = EDGE_CURVE ( 'NONE', #4782, #8781, #6796, .T. ) ;
#8003 = VERTEX_POINT ( 'NONE', #1293 ) ;
#8004 = DIRECTION ( 'NONE',  ( -0.000000000000000000, -0.000000000000000000, -1.000000000000000000 ) ) ;
#8005 = DIRECTION ( 'NONE',  ( 0.000000000000000000, 1.000000000000000000, 0.000000000000000000 ) ) ;
#8006 = CARTESIAN_POINT ( 'NONE',  ( -3.693202048827116002, 0.9743785914827342021, 0.7874015748031496509 ) ) ;
#8007 = EDGE_LOOP ( 'NONE', ( #5594, #1181, #9895, #11246 ) ) ;
#8008 = DIRECTION ( 'NONE',  ( 1.000000000000000000, 0.000000000000000000, 0.000000000000000000 ) ) ;
#8009 = VECTOR ( 'NONE', #8540, 39.37007874015748143 ) ;
#8010 = FACE_OUTER_BOUND ( 'NONE', #5593, .T. ) ;
#8011 = DIRECTION ( 'NONE',  ( -0.000000000000000000, -0.000000000000000000, 1.000000000000000000 ) ) ;
#8012 = EDGE_CURVE ( 'NONE', #8520, #4497, #518, .T. ) ;
#8013 = ADVANCED_FACE ( 'NONE', ( #454 ), #10436, .F. ) ;
#8014 = DIRECTION ( 'NONE',  ( -1.000000000000000000, -0.000000000000000000, -0.000000000000000000 ) ) ;
#8015 = AXIS2_PLACEMENT_3D ( 'NONE', #625, #4287, #8051 ) ;
#8016 = AXIS2_PLACEMENT_3D ( 'NONE', #6195, #4514, #4391 ) ;
#8017 = CARTESIAN_POINT ( 'NONE',  ( 2.952755905511811108, 3.336583315892183155, 0.3937007874015748254 ) ) ;
#8018 = DIRECTION ( 'NONE',  ( 0.000000000000000000, 0.000000000000000000, -1.000000000000000000 ) ) ;
#8019 = EDGE_LOOP ( 'NONE', ( #8875, #881 ) ) ;
#8020 = CARTESIAN_POINT ( 'NONE',  ( -4.923310919208263137, -2.568928495131439060, 0.3937007874015748254 ) ) ;
#8021 = PLANE ( 'NONE',  #7398 ) ;
#8022 = DIRECTION ( 'NONE',  ( -0.000000000000000000, -0.000000000000000000, -1.000000000000000000 ) ) ;
#8023 = CARTESIAN_POINT ( 'NONE',  ( -4.921259842519685179, 1.368079378884309083, 0.3937007874015748254 ) ) ;
#8024 = VERTEX_POINT ( 'NONE', #9662 ) ;
#8025 = FACE_BOUND ( 'NONE', #11185, .T. ) ;
#8026 = ORIENTED_EDGE ( 'NONE', *, *, #8721, .F. ) ;
#8027 = AXIS2_PLACEMENT_3D ( 'NONE', #10627, #2443, #6117 ) ;
#8028 = EDGE_CURVE ( 'NONE', #1255, #10727, #6885, .T. ) ;
#8029 = AXIS2_PLACEMENT_3D ( 'NONE', #7256, #10802, #11628 ) ;
#8030 = ORIENTED_EDGE ( 'NONE', *, *, #6183, .F. ) ;
#8031 = ADVANCED_FACE ( 'NONE', ( #6109, #10366, #1417, #7658, #5140, #2312, #11383, #1536, #3157, #2255, #4116, #10617, #9596, #5874, #8777, #3218, #5932, #2370, #9718, #6938, #575, #5077, #11439 ), #7886, .F. ) ;
#8032 = DIRECTION ( 'NONE',  ( -1.000000000000000000, 0.000000000000000000, 0.000000000000000000 ) ) ;
#8033 = EDGE_LOOP ( 'NONE', ( #5725, #57, #10231, #9763 ) ) ;
#8034 = AXIS2_PLACEMENT_3D ( 'NONE', #4834, #8479, #279 ) ;
#8035 = CYLINDRICAL_SURFACE ( 'NONE', #6787, 0.3937007874015748254 ) ;
#8036 = VERTEX_POINT ( 'NONE', #3277 ) ;
#8037 = LINE ( 'NONE', #3555, #10159 ) ;
#8038 = LINE ( 'NONE', #6373, #7391 ) ;
#8039 = ORIENTED_EDGE ( 'NONE', *, *, #9262, .F. ) ;
#8040 = DIRECTION ( 'NONE',  ( -0.000000000000000000, -0.000000000000000000, 1.000000000000000000 ) ) ;
#8041 = FACE_OUTER_BOUND ( 'NONE', #7846, .T. ) ;
#8042 = EDGE_LOOP ( 'NONE', ( #11656, #8666, #7557, #3709 ) ) ;
#8043 = ADVANCED_FACE ( 'NONE', ( #8595 ), #4235, .F. ) ;
#8044 = ORIENTED_EDGE ( 'NONE', *, *, #9422, .T. ) ;
#8045 = LINE ( 'NONE', #6262, #3550 ) ;
#8046 = PLANE ( 'NONE',  #7762 ) ;
#8047 = DIRECTION ( 'NONE',  ( 1.000000000000000000, -6.982962677686194135E-15, 6.982962677686266711E-15 ) ) ;
#8048 = EDGE_LOOP ( 'NONE', ( #1347, #4588 ) ) ;
#8049 = ORIENTED_EDGE ( 'NONE', *, *, #4226, .T. ) ;
#8050 = DIRECTION ( 'NONE',  ( 0.000000000000000000, 1.000000000000000000, -0.000000000000000000 ) ) ;
#8051 = DIRECTION ( 'NONE',  ( -1.000000000000000000, 0.000000000000000000, 0.000000000000000000 ) ) ;
#8052 = CARTESIAN_POINT ( 'NONE',  ( -0.5905511811023620439, 0.000000000000000000, 7.874015748031495399 ) ) ;
#8053 = DIRECTION ( 'NONE',  ( 1.000000000000000000, -2.775557561562892929E-15, 0.000000000000000000 ) ) ;
#8054 = EDGE_CURVE ( 'NONE', #99, #4108, #10550, .T. ) ;
#8055 = DIRECTION ( 'NONE',  ( -7.862016376373061085E-15, 0.000000000000000000, 1.000000000000000000 ) ) ;
#8056 = ORIENTED_EDGE ( 'NONE', *, *, #11127, .T. ) ;
#8057 = PRESENTATION_STYLE_ASSIGNMENT (( #4408 ) ) ;
#8058 = ORIENTED_EDGE ( 'NONE', *, *, #10887, .F. ) ;
#8059 = CARTESIAN_POINT ( 'NONE',  ( 1.261104803704728772, 7.480314960629921295, -0.04859674123851733668 ) ) ;
#8060 = DIRECTION ( 'NONE',  ( 0.000000000000000000, 0.000000000000000000, -1.000000000000000000 ) ) ;
#8061 = ORIENTED_EDGE ( 'NONE', *, *, #7028, .T. ) ;
#8062 = FACE_OUTER_BOUND ( 'NONE', #10434, .T. ) ;
#8063 = CIRCLE ( 'NONE', #4250, 0.1968503937007875793 ) ;
#8064 = EDGE_LOOP ( 'NONE', ( #5097, #1376, #10587, #1505 ) ) ;
#8065 = CARTESIAN_POINT ( 'NONE',  ( -0.1968503937007875237, 0.8331594030294345865, 0.7874015748031496509 ) ) ;
#8066 = CARTESIAN_POINT ( 'NONE',  ( -3.740157480314960647, 1.683040008805569476, 0.000000000000000000 ) ) ;
#8067 = EDGE_CURVE ( 'NONE', #2026, #4506, #8125, .T. ) ;
#8068 = ORIENTED_EDGE ( 'NONE', *, *, #7745, .F. ) ;
#8069 = DIRECTION ( 'NONE',  ( -4.625929269271485914E-16, 1.000000000000000000, 0.000000000000000000 ) ) ;
#8070 = EDGE_CURVE ( 'NONE', #8766, #6755, #4001, .T. ) ;
#8071 = LINE ( 'NONE', #10729, #275 ) ;
#8072 = FACE_OUTER_BOUND ( 'NONE', #1193, .T. ) ;
#8073 = VECTOR ( 'NONE', #5478, 39.37007874015748143 ) ;
#8074 = LINE ( 'NONE', #5389, #2556 ) ;
#8075 = ADVANCED_FACE ( 'NONE', ( #11319 ), #10713, .F. ) ;
#8076 = EDGE_LOOP ( 'NONE', ( #1530, #3418, #11419, #2544 ) ) ;
#8077 = FACE_BOUND ( 'NONE', #6954, .T. ) ;
#8078 = CARTESIAN_POINT ( 'NONE',  ( -4.783372228692590156, 3.149606299212599492, 5.462010897581293989 ) ) ;
#8079 = CARTESIAN_POINT ( 'NONE',  ( -4.273251509737226783, -11.42719621166687105, 0.000000000000000000 ) ) ;
#8080 = AXIS2_PLACEMENT_3D ( 'NONE', #3433, #11365, #8817 ) ;
#8081 = PLANE ( 'NONE',  #1713 ) ;
#8082 = EDGE_CURVE ( 'NONE', #11455, #4886, #2539, .T. ) ;
#8083 = ORIENTED_EDGE ( 'NONE', *, *, #535, .F. ) ;
#8084 = CARTESIAN_POINT ( 'NONE',  ( 5.016213874479744206, 0.1065666193231929737, 5.118110236220515752 ) ) ;
#8085 = ORIENTED_EDGE ( 'NONE', *, *, #2595, .F. ) ;
#8086 = AXIS2_PLACEMENT_3D ( 'NONE', #7680, #10397, #1262 ) ;
#8087 = DIRECTION ( 'NONE',  ( -0.000000000000000000, -0.000000000000000000, -1.000000000000000000 ) ) ;
#8088 = ORIENTED_EDGE ( 'NONE', *, *, #2662, .F. ) ;
#8089 = EDGE_CURVE ( 'NONE', #11739, #5902, #3399, .T. ) ;
#8090 = ORIENTED_EDGE ( 'NONE', *, *, #6172, .T. ) ;
#8091 = CARTESIAN_POINT ( 'NONE',  ( 4.921259842519685179, 1.683040008805569476, 0.000000000000000000 ) ) ;
#8092 = DIRECTION ( 'NONE',  ( 1.000000000000000000, 0.000000000000000000, -0.000000000000000000 ) ) ;
#8093 = ORIENTED_EDGE ( 'NONE', *, *, #1272, .T. ) ;
#8094 = EDGE_CURVE ( 'NONE', #5998, #6392, #5313, .T. ) ;
#8096 = EDGE_LOOP ( 'NONE', ( #11203, #2716 ) ) ;
#8095 = CIRCLE ( 'NONE', #1977, 0.09842519685039370636 ) ;
#8097 = DIRECTION ( 'NONE',  ( 1.000000000000000000, 0.000000000000000000, 0.000000000000000000 ) ) ;
#8098 = DIRECTION ( 'NONE',  ( 0.000000000000000000, 0.000000000000000000, -1.000000000000000000 ) ) ;
#8099 = VERTEX_POINT ( 'NONE', #4291 ) ;
#8100 = VECTOR ( 'NONE', #4370, 39.37007874015748143 ) ;
#8101 = FACE_OUTER_BOUND ( 'NONE', #10343, .T. ) ;
#8102 = VECTOR ( 'NONE', #4424, 39.37007874015748143 ) ;
#8103 = AXIS2_PLACEMENT_3D ( 'NONE', #8441, #10329, #11097 ) ;
#8104 = LINE ( 'NONE', #1528, #7005 ) ;
#8105 = CARTESIAN_POINT ( 'NONE',  ( 36.97776619943029885, 30.74889284742819129, 54.27451628675093076 ) ) ;
#8106 = ORIENTED_EDGE ( 'NONE', *, *, #8442, .F. ) ;
#8107 = DIRECTION ( 'NONE',  ( 1.000000000000000000, 0.000000000000000000, 0.000000000000000000 ) ) ;
#8108 = ORIENTED_EDGE ( 'NONE', *, *, #9561, .T. ) ;
#8109 = CARTESIAN_POINT ( 'NONE',  ( -3.693202048827113781, -10.44294424316293224, 1.968503937007874072 ) ) ;
#8110 = CARTESIAN_POINT ( 'NONE',  ( 3.850385348604786984, 0.01986406393673360166, 0.000000000000000000 ) ) ;
#8111 = ADVANCED_FACE ( 'NONE', ( #1701 ), #6212, .T. ) ;
#8112 = DIRECTION ( 'NONE',  ( 1.000000000000000000, 0.000000000000000000, 0.000000000000000000 ) ) ;
#8113 = LINE ( 'NONE', #6390, #2225 ) ;
#8114 = DIRECTION ( 'NONE',  ( -0.000000000000000000, -0.000000000000000000, -1.000000000000000000 ) ) ;
#8115 = STYLED_ITEM ( 'NONE', ( #5079 ), #10307 ) ;
#8116 = CARTESIAN_POINT ( 'NONE',  ( -3.560428057591566997, 3.168267873820385105, 0.3937007874015748254 ) ) ;
#8117 = AXIS2_PLACEMENT_3D ( 'NONE', #5515, #705, #9144 ) ;
#8118 = VECTOR ( 'NONE', #7653, 39.37007874015748143 ) ;
#8119 = DIRECTION ( 'NONE',  ( -1.407290340396085359E-16, -0.000000000000000000, -1.000000000000000000 ) ) ;
#8120 = ORIENTED_EDGE ( 'NONE', *, *, #3531, .F. ) ;
#8121 = LINE ( 'NONE', #7054, #98 ) ;
#8122 = DIRECTION ( 'NONE',  ( 1.000000000000000000, 0.000000000000000000, 0.000000000000000000 ) ) ;
#8123 = ORIENTED_EDGE ( 'NONE', *, *, #11104, .F. ) ;
#8124 = VECTOR ( 'NONE', #8119, 39.37007874015748143 ) ;
#8125 = CIRCLE ( 'NONE', #5847, 1.181102362204723200 ) ;
#8126 = EDGE_LOOP ( 'NONE', ( #5362, #1203 ) ) ;
#8127 = DIRECTION ( 'NONE',  ( 0.000000000000000000, 1.000000000000000000, 0.000000000000000000 ) ) ;
#8128 = VERTEX_POINT ( 'NONE', #5369 ) ;
#8129 = CARTESIAN_POINT ( 'NONE',  ( 4.783372228692590156, 3.149606299212599492, -6.106877749175724901 ) ) ;
#8130 = ORIENTED_EDGE ( 'NONE', *, *, #2789, .F. ) ;
#8131 = VECTOR ( 'NONE', #1101, 39.37007874015748854 ) ;
#8132 = CARTESIAN_POINT ( 'NONE',  ( -2.464506571609101471, -2.698702213475664191, 0.7874015748031496509 ) ) ;
#8133 = ORIENTED_EDGE ( 'NONE', *, *, #802, .T. ) ;
#8134 = DIRECTION ( 'NONE',  ( -5.551115123125780730E-16, -1.000000000000000000, 0.000000000000000000 ) ) ;
#8135 = VERTEX_POINT ( 'NONE', #9831 ) ;
#8136 = CIRCLE ( 'NONE', #5472, 0.3937007874015746034 ) ;
#8137 = AXIS2_PLACEMENT_3D ( 'NONE', #8768, #6752, #10358 ) ;
#8138 = CARTESIAN_POINT ( 'NONE',  ( 3.299501261425538789, -10.04924345576135813, 0.3937007874015748254 ) ) ;
#8139 = VECTOR ( 'NONE', #9644, 39.37007874015748143 ) ;
#8140 = EDGE_CURVE ( 'NONE', #7248, #2797, #3455, .T. ) ;
#8141 = PLANE ( 'NONE',  #4866 ) ;
#8142 = CARTESIAN_POINT ( 'NONE',  ( -4.923310919208263137, -2.568928495131439060, 0.3937007874015748254 ) ) ;
#8143 = CIRCLE ( 'NONE', #11734, 0.3937007874015751585 ) ;
#8144 = ORIENTED_EDGE ( 'NONE', *, *, #4208, .F. ) ;
#8145 = DIRECTION ( 'NONE',  ( -0.000000000000000000, -0.000000000000000000, -1.000000000000000000 ) ) ;
#8146 = DIRECTION ( 'NONE',  ( 0.000000000000000000, 0.000000000000000000, 1.000000000000000000 ) ) ;
#8147 = DIRECTION ( 'NONE',  ( 0.000000000000000000, 0.000000000000000000, -1.000000000000000000 ) ) ;
#8148 = LINE ( 'NONE', #5394, #4583 ) ;
#8149 = VERTEX_POINT ( 'NONE', #7049 ) ;
#8150 = FACE_BOUND ( 'NONE', #5927, .T. ) ;
#8151 = VERTEX_POINT ( 'NONE', #743 ) ;
#8152 = VECTOR ( 'NONE', #5596, 39.37007874015748143 ) ;
#8153 = ADVANCED_FACE ( 'NONE', ( #6334 ), #10780, .F. ) ;
#8154 = EDGE_CURVE ( 'NONE', #2811, #10468, #9937, .T. ) ;
#8155 = CARTESIAN_POINT ( 'NONE',  ( -6.496062992125986035, 3.937007874015748143, 0.000000000000000000 ) ) ;
#8156 = ORIENTED_EDGE ( 'NONE', *, *, #2531, .F. ) ;
#8157 = CIRCLE ( 'NONE', #6654, 1.181102362204724310 ) ;
#8158 = VERTEX_POINT ( 'NONE', #5426 ) ;
#8159 = DIRECTION ( 'NONE',  ( -0.000000000000000000, -1.000000000000000000, -0.000000000000000000 ) ) ;
#8160 = DIRECTION ( 'NONE',  ( 1.000000000000000000, -0.000000000000000000, -0.000000000000000000 ) ) ;
#8161 = ORIENTED_EDGE ( 'NONE', *, *, #10326, .T. ) ;
#8162 = EDGE_LOOP ( 'NONE', ( #11454, #7342, #8402, #6749, #1407, #8039, #4740, #8298 ) ) ;
#8163 = LINE ( 'NONE', #4566, #1588 ) ;
#8164 = FACE_OUTER_BOUND ( 'NONE', #6027, .T. ) ;
#8165 = EDGE_CURVE ( 'NONE', #8541, #6821, #11558, .T. ) ;
#8166 = CYLINDRICAL_SURFACE ( 'NONE', #4317, 1.181102362204724310 ) ;
#8167 = EDGE_CURVE ( 'NONE', #10868, #9892, #9007, .T. ) ;
#8168 = DIRECTION ( 'NONE',  ( -1.000000000000000000, 0.000000000000000000, 0.000000000000000000 ) ) ;
#8169 = ORIENTED_EDGE ( 'NONE', *, *, #3580, .T. ) ;
#8170 = SURFACE_SIDE_STYLE ('',( #5492 ) ) ;
#8171 = ORIENTED_EDGE ( 'NONE', *, *, #7807, .F. ) ;
#8172 = CARTESIAN_POINT ( 'NONE',  ( 5.905511811023623103, -0.3937007874015748254, 0.5905511811023624880 ) ) ;
#8173 = UNCERTAINTY_MEASURE_WITH_UNIT (LENGTH_MEASURE( 1.000000000000000082E-05 ), #7418, 'distance_accuracy_value', 'NONE');
#8174 = DIRECTION ( 'NONE',  ( -0.000000000000000000, -1.000000000000000000, -0.000000000000000000 ) ) ;
#8175 = CARTESIAN_POINT ( 'NONE',  ( -5.907562887712200173, -4.537432432139312688, 0.000000000000000000 ) ) ;
#8176 = FACE_OUTER_BOUND ( 'NONE', #3121, .T. ) ;
#8177 = CARTESIAN_POINT ( 'NONE',  ( -3.693202048827113781, -6.505936369147188536, 0.000000000000000000 ) ) ;
#8178 = ORIENTED_EDGE ( 'NONE', *, *, #10186, .F. ) ;
#8179 = CARTESIAN_POINT ( 'NONE',  ( -3.560428057591566997, 3.168267873820385105, 0.000000000000000000 ) ) ;
#8180 = ORIENTED_EDGE ( 'NONE', *, *, #6662, .T. ) ;
#8181 = ORIENTED_EDGE ( 'NONE', *, *, #10809, .T. ) ;
#8182 = ADVANCED_FACE ( 'NONE', ( #10665 ), #4460, .F. ) ;
#8183 = DIRECTION ( 'NONE',  ( 0.000000000000000000, 0.000000000000000000, 1.000000000000000000 ) ) ;
#8184 = DIRECTION ( 'NONE',  ( -1.000000000000000000, 0.000000000000000000, 0.000000000000000000 ) ) ;
#8185 = VERTEX_POINT ( 'NONE', #11729 ) ;
#8186 = ORIENTED_EDGE ( 'NONE', *, *, #947, .F. ) ;
#8187 = PLANE ( 'NONE',  #6614 ) ;
#8188 = VERTEX_POINT ( 'NONE', #3578 ) ;
#8189 = CARTESIAN_POINT ( 'NONE',  ( 0.000000000000000000, 0.000000000000000000, 8.464566929133857442 ) ) ;
#8190 = CARTESIAN_POINT ( 'NONE',  ( -2.778641590709042930, 3.937007874015748143, -7.972440944881890701 ) ) ;
#8191 = DIRECTION ( 'NONE',  ( -1.000000000000000000, 5.551115123125780730E-16, 0.000000000000000000 ) ) ;
#8192 = ORIENTED_EDGE ( 'NONE', *, *, #10186, .T. ) ;
#8193 = CARTESIAN_POINT ( 'NONE',  ( 5.118110236220536180, 0.000000000000000000, 4.638196495462627134 ) ) ;
#8194 = CARTESIAN_POINT ( 'NONE',  ( 4.716527080888250900, 0.008763934312793467477, 0.000000000000000000 ) ) ;
#8196 = AXIS2_PLACEMENT_3D ( 'NONE', #8963, #9140, #9018 ) ;
#8195 = DIRECTION ( 'NONE',  ( -1.000000000000000000, 0.000000000000000000, 0.000000000000000000 ) ) ;
#8197 = VERTEX_POINT ( 'NONE', #7232 ) ;
#8198 = CARTESIAN_POINT ( 'NONE',  ( -2.952755905511811108, 3.336583315892183155, 0.000000000000000000 ) ) ;
#8199 = DIRECTION ( 'NONE',  ( 1.000000000000000000, 0.000000000000000000, 0.000000000000000000 ) ) ;
#8200 = PLANE ( 'NONE',  #6170 ) ;
#8201 = FACE_OUTER_BOUND ( 'NONE', #10389, .T. ) ;
#8202 = VERTEX_POINT ( 'NONE', #2666 ) ;
#8203 = CARTESIAN_POINT ( 'NONE',  ( -4.361834186902581401, -11.42719621166687105, 0.000000000000000000 ) ) ;
#8204 = ORIENTED_EDGE ( 'NONE', *, *, #3712, .F. ) ;
#8205 = EDGE_CURVE ( 'NONE', #7175, #11062, #6161, .T. ) ;
#8206 = EDGE_CURVE ( 'NONE', #1839, #9315, #4311, .T. ) ;
#8207 = COLOUR_RGB ( '',0.7921568627450980005, 0.8196078431372548767, 0.9333333333333333481 ) ;
#8208 = DIRECTION ( 'NONE',  ( -1.000000000000000000, -0.000000000000000000, -0.000000000000000000 ) ) ;
#8209 = VERTEX_POINT ( 'NONE', #9601 ) ;
#8210 = ORIENTED_EDGE ( 'NONE', *, *, #3934, .T. ) ;
#8211 = CYLINDRICAL_SURFACE ( 'NONE', #6544, 0.3937007874015751585 ) ;
#8212 = CARTESIAN_POINT ( 'NONE',  ( -0.5905511811023621549, 0.000000000000000000, 9.055118110236220375 ) ) ;
#8213 = VECTOR ( 'NONE', #8382, 39.37007874015748143 ) ;
#8214 = EDGE_CURVE ( 'NONE', #11118, #4047, #7663, .T. ) ;
#8215 = VERTEX_POINT ( 'NONE', #2203 ) ;
#8216 = AXIS2_PLACEMENT_3D ( 'NONE', #11370, #9531, #10352 ) ;
#8217 = LINE ( 'NONE', #24, #6193 ) ;
#8218 = DIRECTION ( 'NONE',  ( -4.047688110612550544E-16, 0.000000000000000000, -1.000000000000000000 ) ) ;
#8219 = EDGE_CURVE ( 'NONE', #8272, #6325, #11273, .T. ) ;
#8220 = EDGE_CURVE ( 'NONE', #10346, #308, #578, .T. ) ;
#8221 = AXIS2_PLACEMENT_3D ( 'NONE', #5989, #628, #10616 ) ;
#8222 = LINE ( 'NONE', #1145, #9826 ) ;
#8223 = DIRECTION ( 'NONE',  ( 0.000000000000000000, -0.000000000000000000, -1.000000000000000000 ) ) ;
#8224 = DIRECTION ( 'NONE',  ( -6.982962677686266711E-15, -1.000000000000000000, 1.047444401652944740E-14 ) ) ;
#8225 = ORIENTED_EDGE ( 'NONE', *, *, #11335, .T. ) ;
#8226 = DIRECTION ( 'NONE',  ( -0.000000000000000000, -0.000000000000000000, -1.000000000000000000 ) ) ;
#8227 = ORIENTED_EDGE ( 'NONE', *, *, #2248, .T. ) ;
#8228 = CARTESIAN_POINT ( 'NONE',  ( 4.923310919208261360, -2.568928495131438172, 0.3937007874015748254 ) ) ;
#8229 = LINE ( 'NONE', #978, #4690 ) ;
#8230 = EDGE_CURVE ( 'NONE', #11677, #508, #4300, .T. ) ;
#8231 = SURFACE_STYLE_FILL_AREA ( #1883 ) ;
#8232 = DIRECTION ( 'NONE',  ( 0.000000000000000000, 0.000000000000000000, -1.000000000000000000 ) ) ;
#8233 = AXIS2_PLACEMENT_3D ( 'NONE', #8132, #9844, #11674 ) ;
#8234 = CARTESIAN_POINT ( 'NONE',  ( 4.322826293486675908, -1.295201033765735366, 0.3937007874015748254 ) ) ;
#8235 = ORIENTED_EDGE ( 'NONE', *, *, #5907, .T. ) ;
#8236 = DIRECTION ( 'NONE',  ( -0.3500634545916423424, 0.000000000000000000, -0.9367259886217341736 ) ) ;
#8237 = ORIENTED_EDGE ( 'NONE', *, *, #10821, .F. ) ;
#8238 = EDGE_LOOP ( 'NONE', ( #3200, #3143, #7879, #10866 ) ) ;
#8239 = FACE_OUTER_BOUND ( 'NONE', #9782, .T. ) ;
#8240 = DIRECTION ( 'NONE',  ( 0.000000000000000000, 1.000000000000000000, -0.000000000000000000 ) ) ;
#8241 = ORIENTED_EDGE ( 'NONE', *, *, #6652, .F. ) ;
#8242 = ORIENTED_EDGE ( 'NONE', *, *, #10896, .T. ) ;
#8243 = LINE ( 'NONE', #9080, #3149 ) ;
#8244 = EDGE_CURVE ( 'NONE', #9181, #7140, #1423, .T. ) ;
#8245 = VERTEX_POINT ( 'NONE', #3342 ) ;
#8246 = DIRECTION ( 'NONE',  ( -0.000000000000000000, -0.000000000000000000, -1.000000000000000000 ) ) ;
#8247 = LINE ( 'NONE', #6349, #7289 ) ;
#8248 = ORIENTED_EDGE ( 'NONE', *, *, #10467, .F. ) ;
#8249 = DIRECTION ( 'NONE',  ( -0.000000000000000000, -0.000000000000000000, -1.000000000000000000 ) ) ;
#8250 = ADVANCED_FACE ( 'NONE', ( #5143 ), #6059, .T. ) ;
#8251 = EDGE_LOOP ( 'NONE', ( #6947, #11621, #1927, #5517 ) ) ;
#8252 = CIRCLE ( 'NONE', #7308, 1.181102362204725420 ) ;
#8253 = ORIENTED_EDGE ( 'NONE', *, *, #10738, .T. ) ;
#8254 = DIRECTION ( 'NONE',  ( -0.000000000000000000, -1.000000000000000000, -0.000000000000000000 ) ) ;
#8255 = DIRECTION ( 'NONE',  ( 1.000000000000000000, 0.000000000000000000, 0.000000000000000000 ) ) ;
#8256 = FACE_OUTER_BOUND ( 'NONE', #2159, .T. ) ;
#8257 = FACE_OUTER_BOUND ( 'NONE', #5205, .T. ) ;
#8258 = VERTEX_POINT ( 'NONE', #1298 ) ;
#8259 = CARTESIAN_POINT ( 'NONE',  ( -3.192102363848772217, 3.937007874015748143, 7.799282663726456732 ) ) ;
#8260 = DIRECTION ( 'NONE',  ( 0.000000000000000000, 0.000000000000000000, 1.000000000000000000 ) ) ;
#8261 = DIRECTION ( 'NONE',  ( 0.000000000000000000, 1.000000000000000000, 0.000000000000000000 ) ) ;
#8262 = CARTESIAN_POINT ( 'NONE',  ( -4.322826293486675908, -1.295201033765735366, 0.000000000000000000 ) ) ;
#8263 = VERTEX_POINT ( 'NONE', #11442 ) ;
#8264 = ORIENTED_EDGE ( 'NONE', *, *, #7763, .T. ) ;
#8265 = CARTESIAN_POINT ( 'NONE',  ( 5.033981512840470351, 0.3649998882313077453, 5.076121960022241808 ) ) ;
#8266 = EDGE_CURVE ( 'NONE', #1328, #10741, #7779, .T. ) ;
#8267 = DIRECTION ( 'NONE',  ( -0.000000000000000000, -1.000000000000000000, -0.000000000000000000 ) ) ;
#8268 = EDGE_LOOP ( 'NONE', ( #211, #7772, #10439, #4642 ) ) ;
#8269 = EDGE_LOOP ( 'NONE', ( #10928, #11551 ) ) ;
#8270 = PLANE ( 'NONE',  #2921 ) ;
#8271 = CARTESIAN_POINT ( 'NONE',  ( -4.716527080888250900, 0.008763934312793491763, 0.000000000000000000 ) ) ;
#8272 = VERTEX_POINT ( 'NONE', #5014 ) ;
#8273 = ORIENTED_EDGE ( 'NONE', *, *, #1724, .F. ) ;
#8274 = DIRECTION ( 'NONE',  ( -0.000000000000000000, -0.000000000000000000, -1.000000000000000000 ) ) ;
#8275 = LINE ( 'NONE', #5727, #9983 ) ;
#8276 = AXIS2_PLACEMENT_3D ( 'NONE', #5474, #10926, #11102 ) ;
#8277 = PRODUCT_DEFINITION_SHAPE ( 'NONE', 'NONE',  #11792 ) ;
#8278 = CYLINDRICAL_SURFACE ( 'NONE', #3755, 0.08858267716535496439 ) ;
#8279 = VERTEX_POINT ( 'NONE', #6766 ) ;
#8280 = EDGE_CURVE ( 'NONE', #2194, #2446, #4176, .T. ) ;
#8281 = ORIENTED_EDGE ( 'NONE', *, *, #10470, .T. ) ;
#8282 = PLANE ( 'NONE',  #6602 ) ;
#8283 = LINE ( 'NONE', #7285, #8514 ) ;
#8284 = CARTESIAN_POINT ( 'NONE',  ( 4.273251509737228560, -5.521684400643250612, 0.3937007874015748254 ) ) ;
#8285 = ADVANCED_FACE ( 'NONE', ( #3282 ), #2436, .F. ) ;
#8286 = EDGE_CURVE ( 'NONE', #4399, #6041, #11386, .T. ) ;
#8287 = FACE_OUTER_BOUND ( 'NONE', #10973, .T. ) ;
#8288 = ORIENTED_EDGE ( 'NONE', *, *, #2956, .F. ) ;
#8289 = AXIS2_PLACEMENT_3D ( 'NONE', #11328, #3167, #4062 ) ;
#8290 = CIRCLE ( 'NONE', #2549, 0.1968503937007875793 ) ;
#8291 = CARTESIAN_POINT ( 'NONE',  ( -2.778641590709042930, 3.915065883440284278, -7.972440944881890701 ) ) ;
#8292 = EDGE_CURVE ( 'NONE', #1590, #9571, #5201, .T. ) ;
#8293 = VERTEX_POINT ( 'NONE', #4959 ) ;
#8294 = VERTEX_POINT ( 'NONE', #8599 ) ;
#8295 = LINE ( 'NONE', #7474, #6631 ) ;
#8296 = ORIENTED_EDGE ( 'NONE', *, *, #495, .F. ) ;
#8297 = ADVANCED_FACE ( 'NONE', ( #520 ), #3220, .F. ) ;
#8298 = ORIENTED_EDGE ( 'NONE', *, *, #8309, .T. ) ;
#8299 = DIRECTION ( 'NONE',  ( -0.000000000000000000, 1.000000000000000000, -0.000000000000000000 ) ) ;
#8300 = VECTOR ( 'NONE', #862, 39.37007874015748143 ) ;
#8301 = VERTEX_POINT ( 'NONE', #3165 ) ;
#8302 = VECTOR ( 'NONE', #3948, 39.37007874015748143 ) ;
#8303 = LINE ( 'NONE', #11023, #6303 ) ;
#8304 = PLANE ( 'NONE',  #9178 ) ;
#8305 = DIRECTION ( 'NONE',  ( -0.000000000000000000, -1.000000000000000000, -0.000000000000000000 ) ) ;
#8306 = EDGE_LOOP ( 'NONE', ( #9431, #9108, #9949, #4120 ) ) ;
#8307 = AXIS2_PLACEMENT_3D ( 'NONE', #6222, #9841, #1653 ) ;
#8308 = DIRECTION ( 'NONE',  ( -0.000000000000000000, -0.000000000000000000, -1.000000000000000000 ) ) ;
#8309 = EDGE_CURVE ( 'NONE', #9181, #8959, #9667, .T. ) ;
#8310 = ORIENTED_EDGE ( 'NONE', *, *, #3402, .T. ) ;
#8311 = CIRCLE ( 'NONE', #10400, 0.1968503937007875793 ) ;
#8312 = VECTOR ( 'NONE', #5084, 39.37007874015748143 ) ;
#8313 = CARTESIAN_POINT ( 'NONE',  ( 0.000000000000000000, 0.000000000000000000, -8.858267716535433323 ) ) ;
#8314 = EDGE_CURVE ( 'NONE', #8272, #10902, #11324, .T. ) ;
#8315 = FACE_OUTER_BOUND ( 'NONE', #1827, .T. ) ;
#8316 = VECTOR ( 'NONE', #2732, 39.37007874015748854 ) ;
#8317 = DIRECTION ( 'NONE',  ( -1.000000000000000000, -0.000000000000000000, -0.000000000000000000 ) ) ;
#8318 = CARTESIAN_POINT ( 'NONE',  ( -5.905511811023678170, -8.668972124862862985E-16, 3.543307086614165158 ) ) ;
#8319 = EDGE_LOOP ( 'NONE', ( #814, #4261, #7831, #5344 ) ) ;
#8320 = CARTESIAN_POINT ( 'NONE',  ( 4.519676687187463848, -1.295201033765735366, 0.000000000000000000 ) ) ;
#8321 = LENGTH_MEASURE_WITH_UNIT ( LENGTH_MEASURE( 0.02539999999999999897 ), #5821 );
#8322 = DIRECTION ( 'NONE',  ( -1.000000000000000000, 0.000000000000000000, 0.000000000000000000 ) ) ;
#8323 = DIRECTION ( 'NONE',  ( -1.000000000000000000, 0.000000000000000000, -0.000000000000000000 ) ) ;
#8324 = VECTOR ( 'NONE', #7933, 39.37007874015748143 ) ;
#8325 = VECTOR ( 'NONE', #7041, 39.37007874015748143 ) ;
#8326 = CARTESIAN_POINT ( 'NONE',  ( -3.560428057591566997, -12.24313273809901048, 0.000000000000000000 ) ) ;
#8327 = ORIENTED_EDGE ( 'NONE', *, *, #2362, .F. ) ;
#8328 = AXIS2_PLACEMENT_3D ( 'NONE', #375, #9473, #7641 ) ;
#8329 = EDGE_CURVE ( 'NONE', #7791, #7777, #2258, .T. ) ;
#8330 = AXIS2_PLACEMENT_3D ( 'NONE', #9550, #2437, #10669 ) ;
#8331 = AXIS2_PLACEMENT_3D ( 'NONE', #11359, #4934, #7586 ) ;
#8332 = EDGE_CURVE ( 'NONE', #679, #9675, #460, .T. ) ;
#8333 = CARTESIAN_POINT ( 'NONE',  ( -2.952755905511811108, 3.336583315892183155, 0.3937007874015748254 ) ) ;
#8334 = EDGE_LOOP ( 'NONE', ( #9210, #2007, #8422, #6463 ) ) ;
#8335 = VERTEX_POINT ( 'NONE', #9074 ) ;
#8336 = CARTESIAN_POINT ( 'NONE',  ( 2.464506571609102803, -2.698702213475663303, 0.7874015748031496509 ) ) ;
#8337 = CIRCLE ( 'NONE', #9840, 1.574803149606299080 ) ;
#8338 = CYLINDRICAL_SURFACE ( 'NONE', #2030, 0.1968503937007875793 ) ;
#8339 = PLANE ( 'NONE',  #7323 ) ;
#8340 = EDGE_LOOP ( 'NONE', ( #6792, #4156, #5674, #2324 ) ) ;
#8341 = CARTESIAN_POINT ( 'NONE',  ( -5.070088182180514380, 0.6634594201462810092, 4.971774091641107063 ) ) ;
#8342 = DIRECTION ( 'NONE',  ( 0.000000000000000000, -0.000000000000000000, -1.000000000000000000 ) ) ;
#8343 = AXIS2_PLACEMENT_3D ( 'NONE', #9716, #9881, #10710 ) ;
#8344 = DIRECTION ( 'NONE',  ( -0.000000000000000000, -0.000000000000000000, 1.000000000000000000 ) ) ;
#8345 = SHAPE_DEFINITION_REPRESENTATION ( #1766, #2122 ) ;
#8346 = VERTEX_POINT ( 'NONE', #697 ) ;
#8347 = ORIENTED_EDGE ( 'NONE', *, *, #5386, .T. ) ;
#8348 = CARTESIAN_POINT ( 'NONE',  ( 0.5905511811023621549, 4.517685678096908575, 0.000000000000000000 ) ) ;
#8349 = CARTESIAN_POINT ( 'NONE',  ( 0.000000000000000000, 0.000000000000000000, 8.070866141732281562 ) ) ;
#8350 = SURFACE_STYLE_USAGE ( .BOTH. , #9126 ) ;
#8351 = DIRECTION ( 'NONE',  ( 0.000000000000000000, 0.000000000000000000, 1.000000000000000000 ) ) ;
#8352 = LINE ( 'NONE', #4765, #8614 ) ;
#8353 = VERTEX_POINT ( 'NONE', #3636 ) ;
#8354 = ADVANCED_FACE ( 'NONE', ( #5433 ), #6218, .F. ) ;
#8355 = DIRECTION ( 'NONE',  ( -2.921639538487252782E-16, -1.000000000000000000, 0.000000000000000000 ) ) ;
#8356 = VERTEX_POINT ( 'NONE', #7953 ) ;
#8357 = DIRECTION ( 'NONE',  ( 0.000000000000000000, -1.000000000000000000, 0.000000000000000000 ) ) ;
#8358 = CYLINDRICAL_SURFACE ( 'NONE', #2763, 0.1968503937007875793 ) ;
#8359 = EDGE_CURVE ( 'NONE', #3861, #4153, #751, .T. ) ;
#8360 = ORIENTED_EDGE ( 'NONE', *, *, #1948, .F. ) ;
#8361 = ORIENTED_EDGE ( 'NONE', *, *, #3480, .T. ) ;
#8362 = DIRECTION ( 'NONE',  ( 1.000000000000000000, 0.000000000000000000, -1.156482317317871478E-16 ) ) ;
#8363 = ORIENTED_EDGE ( 'NONE', *, *, #3730, .T. ) ;
#8364 = DIRECTION ( 'NONE',  ( 1.000000000000000000, 0.000000000000000000, 0.000000000000000000 ) ) ;
#8365 = ORIENTED_EDGE ( 'NONE', *, *, #6283, .T. ) ;
#8366 = EDGE_CURVE ( 'NONE', #9428, #456, #8121, .T. ) ;
#8367 = CYLINDRICAL_SURFACE ( 'NONE', #2111, 0.08858267716535440928 ) ;
#8368 = LINE ( 'NONE', #5754, #4677 ) ;
#8369 = EDGE_LOOP ( 'NONE', ( #8921, #5230, #1863, #1010 ) ) ;
#8370 = EDGE_CURVE ( 'NONE', #3608, #1952, #11155, .T. ) ;
#8371 = CARTESIAN_POINT ( 'NONE',  ( 3.693202048827113781, -6.505936369147188536, 1.968503937007874072 ) ) ;
#8372 = EDGE_LOOP ( 'NONE', ( #6140, #7575, #7428, #2645 ) ) ;
#8373 = CARTESIAN_POINT ( 'NONE',  ( 4.392152166776199351, 9.055118110236220375, -7.165371565913558172 ) ) ;
#8374 = CARTESIAN_POINT ( 'NONE',  ( 5.179553741579351112, 9.055118110236220375, -7.165371565913558172 ) ) ;
#8375 = LINE ( 'NONE', #7378, #245 ) ;
#8376 = FACE_OUTER_BOUND ( 'NONE', #363, .T. ) ;
#8377 = ORIENTED_EDGE ( 'NONE', *, *, #1072, .F. ) ;
#8378 = CARTESIAN_POINT ( 'NONE',  ( 0.000000000000000000, 3.149606299212599492, -6.692913385826772199 ) ) ;
#8379 = DIRECTION ( 'NONE',  ( 1.000000000000000000, 0.000000000000000000, 0.000000000000000000 ) ) ;
#8380 = EDGE_CURVE ( 'NONE', #4533, #11332, #4357, .T. ) ;
#8381 = CARTESIAN_POINT ( 'NONE',  ( -3.684478356748024819, -0.6432185497264709673, 0.000000000000000000 ) ) ;
#8382 = DIRECTION ( 'NONE',  ( 2.807670561062811415E-16, -0.000000000000000000, 1.000000000000000000 ) ) ;
#8383 = DIRECTION ( 'NONE',  ( -0.000000000000000000, -1.000000000000000000, -0.000000000000000000 ) ) ;
#8384 = ORIENTED_EDGE ( 'NONE', *, *, #8449, .T. ) ;
#8385 = ADVANCED_FACE ( 'NONE', ( #1650 ), #11610, .F. ) ;
#8386 = AXIS2_PLACEMENT_3D ( 'NONE', #11392, #8608, #8733 ) ;
#8387 = DIRECTION ( 'NONE',  ( 0.000000000000000000, 1.000000000000000000, 0.000000000000000000 ) ) ;
#8388 = ORIENTED_EDGE ( 'NONE', *, *, #5826, .F. ) ;
#8389 = ORIENTED_EDGE ( 'NONE', *, *, #8803, .T. ) ;
#8390 = PLANE ( 'NONE',  #11581 ) ;
#8391 = CARTESIAN_POINT ( 'NONE',  ( 4.724409448818897239, 3.937007874015748143, -5.965761340813563685 ) ) ;
#8392 = EDGE_CURVE ( 'NONE', #4828, #1616, #10668, .T. ) ;
#8393 = LINE ( 'NONE', #1153, #9769 ) ;
#8394 = DIRECTION ( 'NONE',  ( -1.541976423090495387E-16, 1.000000000000000000, -0.000000000000000000 ) ) ;
#8395 = DIRECTION ( 'NONE',  ( -1.000000000000000000, 0.000000000000000000, 2.139492287038062346E-15 ) ) ;
#8396 = EDGE_CURVE ( 'NONE', #3491, #1119, #3932, .T. ) ;
#8397 = CARTESIAN_POINT ( 'NONE',  ( 5.905511811023623103, -0.3937007874015748254, -0.5905511811023639313 ) ) ;
#8398 = APPLICATION_PROTOCOL_DEFINITION ( 'draft international standard', 'automotive_design', 1998, #1052 ) ;
#8399 = ORIENTED_EDGE ( 'NONE', *, *, #11549, .F. ) ;
#8400 = CIRCLE ( 'NONE', #8785, 0.08858267716535440928 ) ;
#8401 = AXIS2_PLACEMENT_3D ( 'NONE', #7873, #5128, #439 ) ;
#8402 = ORIENTED_EDGE ( 'NONE', *, *, #10390, .T. ) ;
#8403 = CARTESIAN_POINT ( 'NONE',  ( 2.778641590709047371, 0.000000000000000000, 6.692913385826770423 ) ) ;
#8404 = DIRECTION ( 'NONE',  ( -1.156482317317871478E-16, 0.000000000000000000, 1.000000000000000000 ) ) ;
#8406 = AXIS2_PLACEMENT_3D ( 'NONE', #10636, #10579, #419 ) ;
#8405 = CARTESIAN_POINT ( 'NONE',  ( 3.346456692913387876, 7.480314960629921295, 7.011039673268492756 ) ) ;
#8407 = CARTESIAN_POINT ( 'NONE',  ( 2.703458040287970654, 3.149606299212599492, 5.905511811023622215 ) ) ;
#8408 = DIRECTION ( 'NONE',  ( 0.000000000000000000, 0.000000000000000000, -1.000000000000000000 ) ) ;
#8409 = EDGE_CURVE ( 'NONE', #9029, #4282, #5374, .T. ) ;
#8410 = ORIENTED_EDGE ( 'NONE', *, *, #9777, .T. ) ;
#8411 = CIRCLE ( 'NONE', #4394, 0.08858267716535440928 ) ;
#8412 = LINE ( 'NONE', #11014, #8507 ) ;
#8413 = ORIENTED_EDGE ( 'NONE', *, *, #4435, .T. ) ;
#8414 = ORIENTED_EDGE ( 'NONE', *, *, #686, .F. ) ;
#8415 = CARTESIAN_POINT ( 'NONE',  ( -2.467341395385281633, 1.564929772585096579, 0.7874015748031496509 ) ) ;
#8416 = FACE_OUTER_BOUND ( 'NONE', #6977, .T. ) ;
#8417 = ORIENTED_EDGE ( 'NONE', *, *, #9233, .F. ) ;
#8418 = VERTEX_POINT ( 'NONE', #2727 ) ;
#8419 = VECTOR ( 'NONE', #8911, 39.37007874015748143 ) ;
#8420 = DIRECTION ( 'NONE',  ( 0.000000000000000000, 0.000000000000000000, 1.000000000000000000 ) ) ;
#8421 = EDGE_CURVE ( 'NONE', #9396, #1328, #10591, .T. ) ;
#8422 = ORIENTED_EDGE ( 'NONE', *, *, #6788, .F. ) ;
#8423 = CARTESIAN_POINT ( 'NONE',  ( -0.1968503937007865523, -7.034450261923434589, 0.7874015748031496509 ) ) ;
#8424 = ORIENTED_EDGE ( 'NONE', *, *, #8576, .F. ) ;
#8425 = DIRECTION ( 'NONE',  ( -0.000000000000000000, -0.000000000000000000, -1.000000000000000000 ) ) ;
#8426 = FACE_OUTER_BOUND ( 'NONE', #8753, .T. ) ;
#8427 = ORIENTED_EDGE ( 'NONE', *, *, #1194, .T. ) ;
#8428 = CARTESIAN_POINT ( 'NONE',  ( 4.923310919208261360, -2.568928495131438172, 0.3937007874015748254 ) ) ;
#8429 = VERTEX_POINT ( 'NONE', #9012 ) ;
#8430 = CARTESIAN_POINT ( 'NONE',  ( 0.000000000000000000, 3.937007874015748143, -6.889763779527560139 ) ) ;
#8431 = CARTESIAN_POINT ( 'NONE',  ( -5.118110236220535292, 3.149606299212599492, 4.638196495462627134 ) ) ;
#8432 = DIRECTION ( 'NONE',  ( -0.000000000000000000, -0.000000000000000000, -1.000000000000000000 ) ) ;
#8433 = DIRECTION ( 'NONE',  ( 0.000000000000000000, 0.000000000000000000, 1.000000000000000000 ) ) ;
#8434 = EDGE_CURVE ( 'NONE', #7485, #1458, #6278, .T. ) ;
#8435 = VERTEX_POINT ( 'NONE', #9774 ) ;
#8436 = CARTESIAN_POINT ( 'NONE',  ( -2.952755905511811108, -12.41144818017080986, 0.3937007874015748254 ) ) ;
#8437 = DIRECTION ( 'NONE',  ( 0.000000000000000000, 0.000000000000000000, 1.000000000000000000 ) ) ;
#8438 = FACE_OUTER_BOUND ( 'NONE', #7407, .T. ) ;
#8439 = CARTESIAN_POINT ( 'NONE',  ( 3.693202048827113781, 0.9743785914827342021, 0.7874015748031496509 ) ) ;
#8440 = VERTEX_POINT ( 'NONE', #1592 ) ;
#8441 = CARTESIAN_POINT ( 'NONE',  ( -2.952755905511811108, -11.23034581796608578, 0.3937007874015748254 ) ) ;
#8442 = EDGE_CURVE ( 'NONE', #1179, #4624, #3359, .T. ) ;
#8443 = ORIENTED_EDGE ( 'NONE', *, *, #490, .F. ) ;
#8444 = EDGE_CURVE ( 'NONE', #2502, #302, #2542, .T. ) ;
#8445 = DIRECTION ( 'NONE',  ( -0.000000000000000000, -0.000000000000000000, -1.000000000000000000 ) ) ;
#8446 = EDGE_CURVE ( 'NONE', #9143, #6907, #3581, .T. ) ;
#8447 = DIRECTION ( 'NONE',  ( 0.000000000000000000, 0.000000000000000000, -1.000000000000000000 ) ) ;
#8448 = ORIENTED_EDGE ( 'NONE', *, *, #7215, .T. ) ;
#8449 = EDGE_CURVE ( 'NONE', #11238, #7839, #633, .T. ) ;
#8450 = ORIENTED_EDGE ( 'NONE', *, *, #2295, .F. ) ;
#8451 = FACE_OUTER_BOUND ( 'NONE', #542, .T. ) ;
#8452 = CYLINDRICAL_SURFACE ( 'NONE', #1463, 0.1968503937007875793 ) ;
#8453 = VECTOR ( 'NONE', #5903, 39.37007874015748143 ) ;
#8454 = DIRECTION ( 'NONE',  ( 0.000000000000000000, 0.000000000000000000, -1.000000000000000000 ) ) ;
#8455 = PLANE ( 'NONE',  #3327 ) ;
#8456 = EDGE_CURVE ( 'NONE', #8529, #3105, #3541, .T. ) ;
#8457 = VECTOR ( 'NONE', #1855, 39.37007874015748143 ) ;
#8458 = CARTESIAN_POINT ( 'NONE',  ( 0.000000000000000000, 3.149606299212599492, -6.889763779527560139 ) ) ;
#8459 = ITEM_DEFINED_TRANSFORMATION ( 'NONE', 'NONE', #11164,  #7171 ) ;
#8460 = ORIENTED_EDGE ( 'NONE', *, *, #4013, .F. ) ;
#8461 = EDGE_CURVE ( 'NONE', #10902, #4067, #9943, .T. ) ;
#8462 = VERTEX_POINT ( 'NONE', #5689 ) ;
#8463 = DIRECTION ( 'NONE',  ( 0.000000000000000000, 1.000000000000000000, 0.000000000000000000 ) ) ;
#8464 = LINE ( 'NONE', #259, #861 ) ;
#8465 = CARTESIAN_POINT ( 'NONE',  ( 4.361834186902580512, -11.42719621166687283, 0.000000000000000000 ) ) ;
#8466 = AXIS2_PLACEMENT_3D ( 'NONE', #10981, #11218, #5708 ) ;
#8467 = CARTESIAN_POINT ( 'NONE',  ( -3.693202048827115558, -2.568928495131439060, 0.3937007874015748254 ) ) ;
#8468 = ORIENTED_EDGE ( 'NONE', *, *, #372, .F. ) ;
#8469 = CARTESIAN_POINT ( 'NONE',  ( 4.347829632394716093, 2.695826928938496625, 0.000000000000000000 ) ) ;
#8470 = CIRCLE ( 'NONE', #5032, 1.181102362204724310 ) ;
#8471 = CARTESIAN_POINT ( 'NONE',  ( -0.4709337523242653201, 7.874015748031496287, 0.1482536524622696250 ) ) ;
#8472 = CARTESIAN_POINT ( 'NONE',  ( 0.000000000000000000, 0.000000000000000000, 0.000000000000000000 ) ) ;
#8473 = EDGE_LOOP ( 'NONE', ( #1641, #4211, #10104, #8916 ) ) ;
#8474 = EDGE_CURVE ( 'NONE', #10164, #4229, #1443, .T. ) ;
#8475 = VERTEX_POINT ( 'NONE', #7417 ) ;
#8476 = DIRECTION ( 'NONE',  ( -1.000000000000000000, -0.000000000000000000, -0.000000000000000000 ) ) ;
#8477 = DIRECTION ( 'NONE',  ( 1.000000000000000000, 0.000000000000000000, -1.966319083971647568E-16 ) ) ;
#8478 = ORIENTED_EDGE ( 'NONE', *, *, #5177, .T. ) ;
#8479 = DIRECTION ( 'NONE',  ( 0.7165884869596742535, 0.000000000000000000, -0.6974961937938047862 ) ) ;
#8480 = LINE ( 'NONE', #337, #11143 ) ;
#8481 = AXIS2_PLACEMENT_3D ( 'NONE', #4689, #143, #913 ) ;
#8482 = ORIENTED_EDGE ( 'NONE', *, *, #9874, .F. ) ;
#8483 = VECTOR ( 'NONE', #7071, 39.37007874015748143 ) ;
#8484 = CARTESIAN_POINT ( 'NONE',  ( -3.560428057591566997, 3.168267873820385105, 0.3937007874015748254 ) ) ;
#8485 = VERTEX_POINT ( 'NONE', #156 ) ;
#8486 = CARTESIAN_POINT ( 'NONE',  ( -3.549822394964751382, 3.149606299212599492, 6.729326213142290847 ) ) ;
#8487 = VECTOR ( 'NONE', #2087, 39.37007874015748143 ) ;
#8488 = DIRECTION ( 'NONE',  ( 1.000000000000000000, 0.000000000000000000, 0.000000000000000000 ) ) ;
#8489 = CARTESIAN_POINT ( 'NONE',  ( 5.179553741579351112, 7.874015748031496287, -7.165371565913558172 ) ) ;
#8490 = CARTESIAN_POINT ( 'NONE',  ( 5.179553741579351112, 7.480314960629921295, 7.839631514317289884 ) ) ;
#8491 = ORIENTED_EDGE ( 'NONE', *, *, #10431, .F. ) ;
#8492 = LINE ( 'NONE', #4913, #7445 ) ;
#8493 = FACE_OUTER_BOUND ( 'NONE', #9861, .T. ) ;
#8494 = CIRCLE ( 'NONE', #7165, 0.1968503937007875793 ) ;
#8495 = PLANE ( 'NONE',  #9541 ) ;
#8496 = VERTEX_POINT ( 'NONE', #8471 ) ;
#8497 = DIRECTION ( 'NONE',  ( 0.000000000000000000, 0.000000000000000000, 1.000000000000000000 ) ) ;
#8498 = ORIENTED_EDGE ( 'NONE', *, *, #7496, .F. ) ;
#8499 = CIRCLE ( 'NONE', #2220, 0.08858267716535440928 ) ;
#8500 = VECTOR ( 'NONE', #2139, 39.37007874015748854 ) ;
#8501 = AXIS2_PLACEMENT_3D ( 'NONE', #1370, #474, #8847 ) ;
#8502 = EDGE_CURVE ( 'NONE', #201, #5039, #6698, .T. ) ;
#8503 = DIRECTION ( 'NONE',  ( 1.000000000000000000, 0.000000000000000000, 0.000000000000000000 ) ) ;
#8504 = CARTESIAN_POINT ( 'NONE',  ( -4.923310919208258696, -5.127983613241676508, 0.000000000000000000 ) ) ;
#8505 = ORIENTED_EDGE ( 'NONE', *, *, #3470, .T. ) ;
#8506 = AXIS2_PLACEMENT_3D ( 'NONE', #9990, #8996, #1578 ) ;
#8507 = VECTOR ( 'NONE', #39, 39.37007874015748143 ) ;
#8508 = AXIS2_PLACEMENT_3D ( 'NONE', #7715, #3098, #7006 ) ;
#8509 = ORIENTED_EDGE ( 'NONE', *, *, #1088, .F. ) ;
#8510 = DIRECTION ( 'NONE',  ( 0.000000000000000000, -0.000000000000000000, -1.000000000000000000 ) ) ;
#8511 = DIRECTION ( 'NONE',  ( -0.000000000000000000, -1.000000000000000000, -0.000000000000000000 ) ) ;
#8512 = CARTESIAN_POINT ( 'NONE',  ( -4.184668832571872166, 2.352331347388246119, 0.000000000000000000 ) ) ;
#8513 = LINE ( 'NONE', #6797, #6969 ) ;
#8514 = VECTOR ( 'NONE', #11723, 39.37007874015748143 ) ;
#8515 = EDGE_CURVE ( 'NONE', #5305, #6515, #8295, .T. ) ;
#8516 = EDGE_CURVE ( 'NONE', #8766, #1905, #2794, .T. ) ;
#8517 = VECTOR ( 'NONE', #10227, 39.37007874015748143 ) ;
#8518 = AXIS2_PLACEMENT_3D ( 'NONE', #7097, #10703, #2528 ) ;
#8519 = CARTESIAN_POINT ( 'NONE',  ( 4.921259842519685179, -10.75790487308419685, 0.3937007874015748254 ) ) ;
#8520 = VERTEX_POINT ( 'NONE', #42 ) ;
#8521 = CIRCLE ( 'NONE', #874, 0.1968503937007875793 ) ;
#8522 = VERTEX_POINT ( 'NONE', #10131 ) ;
#8523 = DIRECTION ( 'NONE',  ( 0.000000000000000000, 1.000000000000000000, 0.000000000000000000 ) ) ;
#8524 = CARTESIAN_POINT ( 'NONE',  ( 3.549822394964750494, 0.000000000000000000, -7.374193064736720871 ) ) ;
#8525 = VECTOR ( 'NONE', #10908, 39.37007874015748143 ) ;
#8526 = LINE ( 'NONE', #1216, #4342 ) ;
#8527 = EDGE_CURVE ( 'NONE', #8263, #4759, #2909, .T. ) ;
#8528 = LINE ( 'NONE', #7696, #5350 ) ;
#8529 = VERTEX_POINT ( 'NONE', #5505 ) ;
#8530 = CIRCLE ( 'NONE', #3007, 1.181102362204724310 ) ;
#8531 = EDGE_CURVE ( 'NONE', #3293, #8747, #2851, .T. ) ;
#8532 = EDGE_CURVE ( 'NONE', #8209, #8003, #8895, .T. ) ;
#8533 = CARTESIAN_POINT ( 'NONE',  ( -2.952755905511811108, 3.336583315892183155, 0.3937007874015748254 ) ) ;
#8534 = FACE_OUTER_BOUND ( 'NONE', #8306, .T. ) ;
#8535 = CARTESIAN_POINT ( 'NONE',  ( -2.858207359010676019, -2.698702213475664191, 0.7874015748031496509 ) ) ;
#8536 = VERTEX_POINT ( 'NONE', #3030 ) ;
#8537 = ORIENTED_EDGE ( 'NONE', *, *, #8446, .T. ) ;
#8538 = AXIS2_PLACEMENT_3D ( 'NONE', #3985, #1104, #4996 ) ;
#8539 = LINE ( 'NONE', #390, #8118 ) ;
#8540 = DIRECTION ( 'NONE',  ( -1.387778780781447155E-16, -1.000000000000000000, 0.000000000000000000 ) ) ;
#8541 = VERTEX_POINT ( 'NONE', #4771 ) ;
#8542 = DIRECTION ( 'NONE',  ( 0.5144957554275253475, 0.8574929257125449844, -0.000000000000000000 ) ) ;
#8543 = CARTESIAN_POINT ( 'NONE',  ( -3.346456692913386100, 3.937007874015748143, -5.829937311063766892 ) ) ;
#8544 = EDGE_LOOP ( 'NONE', ( #10380, #6874, #2515, #8584 ) ) ;
#8545 = EDGE_CURVE ( 'NONE', #5122, #10868, #10603, .T. ) ;
#8546 = CARTESIAN_POINT ( 'NONE',  ( -3.693202048827119999, -10.44294424316293224, 0.3937007874015748254 ) ) ;
#8547 = ORIENTED_EDGE ( 'NONE', *, *, #2138, .T. ) ;
#8548 = LINE ( 'NONE', #224, #9288 ) ;
#8549 = FACE_OUTER_BOUND ( 'NONE', #939, .T. ) ;
#8550 = DIRECTION ( 'NONE',  ( 0.000000000000000000, -1.000000000000000000, 0.000000000000000000 ) ) ;
#8551 = CARTESIAN_POINT ( 'NONE',  ( 4.821444091131316454E-17, -0.3937007874015748254, -8.070866141732281562 ) ) ;
#8552 = ORIENTED_EDGE ( 'NONE', *, *, #2424, .T. ) ;
#8553 = CARTESIAN_POINT ( 'NONE',  ( -4.519676687187463848, -1.295201033765735366, 0.000000000000000000 ) ) ;
#8554 = ORIENTED_EDGE ( 'NONE', *, *, #2501, .F. ) ;
#8555 = DIRECTION ( 'NONE',  ( 0.000000000000000000, 0.000000000000000000, 1.000000000000000000 ) ) ;
#8556 = VERTEX_POINT ( 'NONE', #4827 ) ;
#8557 = FACE_OUTER_BOUND ( 'NONE', #6705, .T. ) ;
#8558 = ORIENTED_EDGE ( 'NONE', *, *, #10708, .F. ) ;
#8559 = EDGE_CURVE ( 'NONE', #5892, #11051, #934, .T. ) ;
#8560 = LINE ( 'NONE', #3903, #11347 ) ;
#8561 = PLANE ( 'NONE',  #8086 ) ;
#8562 = ORIENTED_EDGE ( 'NONE', *, *, #11131, .T. ) ;
#8563 = ORIENTED_EDGE ( 'NONE', *, *, #7018, .T. ) ;
#8564 = DIRECTION ( 'NONE',  ( -1.000000000000000000, 0.000000000000000000, 0.000000000000000000 ) ) ;
#8565 = LINE ( 'NONE', #11049, #3182 ) ;
#8566 = VERTEX_POINT ( 'NONE', #7600 ) ;
#8567 = CARTESIAN_POINT ( 'NONE',  ( -5.905511811023623103, 0.000000000000000000, -0.5905511811023639313 ) ) ;
#8568 = PRODUCT_DEFINITION ( 'UNKNOWN', '', #2772, #820 ) ;
#8569 = CARTESIAN_POINT ( 'NONE',  ( 2.073640607983706641, 3.336583315892183155, 0.7874015748031496509 ) ) ;
#8570 = PLANE ( 'NONE',  #119 ) ;
#8571 = ORIENTED_EDGE ( 'NONE', *, *, #9032, .T. ) ;
#8572 = ORIENTED_EDGE ( 'NONE', *, *, #4154, .F. ) ;
#8573 = CARTESIAN_POINT ( 'NONE',  ( 5.179553741579351112, 9.055118110236220375, -7.165371565913558172 ) ) ;
#8574 = PLANE ( 'NONE',  #8328 ) ;
#8575 = AXIS2_PLACEMENT_3D ( 'NONE', #1769, #9843, #5380 ) ;
#8576 = EDGE_CURVE ( 'NONE', #7501, #5181, #9648, .T. ) ;
#8577 = DIRECTION ( 'NONE',  ( -0.000000000000000000, -1.000000000000000000, -0.000000000000000000 ) ) ;
#8578 = DIRECTION ( 'NONE',  ( 1.000000000000000000, 0.000000000000000000, 0.000000000000000000 ) ) ;
#8579 = ORIENTED_EDGE ( 'NONE', *, *, #7328, .F. ) ;
#8580 = ADVANCED_FACE ( 'NONE', ( #8239 ), #212, .T. ) ;
#8581 = CIRCLE ( 'NONE', #6310, 1.181102362204725420 ) ;
#8582 = FACE_OUTER_BOUND ( 'NONE', #11548, .T. ) ;
#8583 = AXIS2_PLACEMENT_3D ( 'NONE', #7985, #10700, #11772 ) ;
#8584 = ORIENTED_EDGE ( 'NONE', *, *, #8154, .T. ) ;
#8585 = DIRECTION ( 'NONE',  ( -1.156482317317872465E-16, 1.000000000000000000, 0.000000000000000000 ) ) ;
#8586 = ORIENTED_EDGE ( 'NONE', *, *, #1557, .T. ) ;
#8587 = ADVANCED_FACE ( 'NONE', ( #10958 ), #1951, .F. ) ;
#8588 = ORIENTED_EDGE ( 'NONE', *, *, #2990, .T. ) ;
#8589 = DIRECTION ( 'NONE',  ( 0.000000000000000000, 1.000000000000000000, 0.000000000000000000 ) ) ;
#8590 = EDGE_CURVE ( 'NONE', #5373, #408, #5668, .T. ) ;
#8591 = LINE ( 'NONE', #3510, #1518 ) ;
#8592 = AXIS2_PLACEMENT_3D ( 'NONE', #3658, #6242, #7318 ) ;
#8593 = AXIS2_PLACEMENT_3D ( 'NONE', #8553, #1081, #7494 ) ;
#8594 = LINE ( 'NONE', #2254, #5185 ) ;
#8595 = FACE_OUTER_BOUND ( 'NONE', #5279, .T. ) ;
#8596 = EDGE_LOOP ( 'NONE', ( #9876, #8709 ) ) ;
#8597 = CARTESIAN_POINT ( 'NONE',  ( 2.858207359010677351, -2.698702213475663303, 0.7874015748031496509 ) ) ;
#8598 = VERTEX_POINT ( 'NONE', #988 ) ;
#8599 = CARTESIAN_POINT ( 'NONE',  ( 4.252043450305092342, 3.937007874015748143, -7.501597746311241544 ) ) ;
#8600 = DIRECTION ( 'NONE',  ( 0.000000000000000000, 0.000000000000000000, -1.000000000000000000 ) ) ;
#8601 = CIRCLE ( 'NONE', #2483, 0.08858267716535496439 ) ;
#8602 = EDGE_CURVE ( 'NONE', #9759, #975, #4645, .T. ) ;
#8603 = CARTESIAN_POINT ( 'NONE',  ( 4.921259842519685179, 1.683040008805569476, 0.3937007874015748254 ) ) ;
#8604 = CARTESIAN_POINT ( 'NONE',  ( 0.07868300030473396323, 0.000000000000000000, 1.574803149606299302 ) ) ;
#8605 = DIRECTION ( 'NONE',  ( 1.000000000000000000, 0.000000000000000000, 0.000000000000000000 ) ) ;
#8606 = EDGE_LOOP ( 'NONE', ( #339, #9679, #9803, #8625 ) ) ;
#8607 = EDGE_CURVE ( 'NONE', #3596, #11769, #11135, .T. ) ;
#8608 = DIRECTION ( 'NONE',  ( 0.7165884869596742535, -0.000000000000000000, 0.6974961937938047862 ) ) ;
#8609 = EDGE_LOOP ( 'NONE', ( #2582, #643, #1685, #1250 ) ) ;
#8610 = CARTESIAN_POINT ( 'NONE',  ( -3.346456692913386100, 7.480314960629921295, -5.829937311063766892 ) ) ;
#8611 = ORIENTED_EDGE ( 'NONE', *, *, #11648, .T. ) ;
#8612 = DIRECTION ( 'NONE',  ( -0.000000000000000000, -1.000000000000000000, -0.000000000000000000 ) ) ;
#8613 = ORIENTED_EDGE ( 'NONE', *, *, #9382, .T. ) ;
#8614 = VECTOR ( 'NONE', #1164, 39.37007874015748143 ) ;
#8615 = DIRECTION ( 'NONE',  ( -0.000000000000000000, 0.000000000000000000, 1.000000000000000000 ) ) ;
#8616 = CARTESIAN_POINT ( 'NONE',  ( 0.000000000000000000, 0.000000000000000000, 0.7874015748031496509 ) ) ;
#8617 = EDGE_LOOP ( 'NONE', ( #3026, #9221 ) ) ;
#8618 = ORIENTED_EDGE ( 'NONE', *, *, #7970, .F. ) ;
#8619 = EDGE_CURVE ( 'NONE', #1248, #1241, #5082, .T. ) ;
#8620 = LINE ( 'NONE', #4083, #5757 ) ;
#8621 = PLANE ( 'NONE',  #4139 ) ;
#8622 = ORIENTED_EDGE ( 'NONE', *, *, #402, .F. ) ;
#8623 = CARTESIAN_POINT ( 'NONE',  ( -3.693202048827113781, -6.505936369147188536, 0.3937007874015748254 ) ) ;
#8624 = DIRECTION ( 'NONE',  ( 0.000000000000000000, 1.000000000000000000, 0.000000000000000000 ) ) ;
#8625 = ORIENTED_EDGE ( 'NONE', *, *, #7745, .T. ) ;
#8626 = DIRECTION ( 'NONE',  ( -0.000000000000000000, -0.000000000000000000, 1.000000000000000000 ) ) ;
#8627 = VERTEX_POINT ( 'NONE', #1406 ) ;
#8628 = UNCERTAINTY_MEASURE_WITH_UNIT (LENGTH_MEASURE( 1.000000000000000082E-05 ), #10619, 'distance_accuracy_value', 'NONE');
#8629 = DIRECTION ( 'NONE',  ( -1.000000000000000000, 0.000000000000000000, 0.000000000000000000 ) ) ;
#8630 = VERTEX_POINT ( 'NONE', #8644 ) ;
#8631 = DIRECTION ( 'NONE',  ( -3.469446951953614189E-16, 0.000000000000000000, 1.000000000000000000 ) ) ;
#8632 = ORIENTED_EDGE ( 'NONE', *, *, #11362, .F. ) ;
#8633 = DIRECTION ( 'NONE',  ( -0.000000000000000000, -0.000000000000000000, -1.000000000000000000 ) ) ;
#8634 = CARTESIAN_POINT ( 'NONE',  ( -6.496062992125986035, 3.937007874015748143, 0.3937007874015751585 ) ) ;
#8635 = VERTEX_POINT ( 'NONE', #4892 ) ;
#8636 = DIRECTION ( 'NONE',  ( 1.000000000000000000, 0.000000000000000000, 0.000000000000000000 ) ) ;
#8637 = LINE ( 'NONE', #3986, #371 ) ;
#8638 = ORIENTED_EDGE ( 'NONE', *, *, #4754, .T. ) ;
#8639 = ORIENTED_EDGE ( 'NONE', *, *, #4208, .T. ) ;
#8640 = CLOSED_SHELL ( 'NONE', ( #699, #11182, #3441, #7651, #7453, #7218 ) ) ;
#8641 = CARTESIAN_POINT ( 'NONE',  ( 5.513862100310622516, -4.537432432139313576, 1.968503937007874072 ) ) ;
#8642 = EDGE_CURVE ( 'NONE', #7419, #6933, #1449, .T. ) ;
#8643 = ORIENTED_EDGE ( 'NONE', *, *, #5083, .T. ) ;
#8644 = CARTESIAN_POINT ( 'NONE',  ( -4.184668832571871278, -11.42719621166687105, 0.000000000000000000 ) ) ;
#8645 = ORIENTED_EDGE ( 'NONE', *, *, #11287, .T. ) ;
#8646 = VECTOR ( 'NONE', #7138, 39.37007874015748143 ) ;
#8647 = ORIENTED_EDGE ( 'NONE', *, *, #6127, .F. ) ;
#8648 = ADVANCED_FACE ( 'NONE', ( #8534 ), #5982, .F. ) ;
#8649 = CARTESIAN_POINT ( 'NONE',  ( -4.273251509737226783, 2.352331347388246119, 0.3937007874015748254 ) ) ;
#8650 = AXIS2_PLACEMENT_3D ( 'NONE', #130, #9336, #5647 ) ;
#8651 = CIRCLE ( 'NONE', #5615, 0.3937007874015746034 ) ;
#8652 = DIRECTION ( 'NONE',  ( -0.3500634545916500029, 0.000000000000000000, -0.9367259886217312870 ) ) ;
#8653 = DIRECTION ( 'NONE',  ( -0.000000000000000000, -0.000000000000000000, -1.000000000000000000 ) ) ;
#8654 = ORIENTED_EDGE ( 'NONE', *, *, #2595, .T. ) ;
#8655 = EDGE_CURVE ( 'NONE', #9591, #7540, #3991, .T. ) ;
#8656 = DIRECTION ( 'NONE',  ( -1.000000000000000000, -0.000000000000000000, -0.000000000000000000 ) ) ;
#8657 = VECTOR ( 'NONE', #11159, 39.37007874015748143 ) ;
#8658 = EDGE_LOOP ( 'NONE', ( #2883, #6120, #8562, #7589 ) ) ;
#8659 = EDGE_CURVE ( 'NONE', #8353, #5048, #9588, .T. ) ;
#8660 = DIRECTION ( 'NONE',  ( -1.804112415015880956E-15, 1.000000000000000000, -0.000000000000000000 ) ) ;
#8661 = DIRECTION ( 'NONE',  ( -3.469446951953614189E-16, 0.000000000000000000, 1.000000000000000000 ) ) ;
#8662 = DIRECTION ( 'NONE',  ( 0.000000000000000000, 1.000000000000000000, -0.000000000000000000 ) ) ;
#8663 = EDGE_CURVE ( 'NONE', #1905, #10524, #4946, .T. ) ;
#8664 = CARTESIAN_POINT ( 'NONE',  ( -2.778641590709038045, 3.937007874015748143, 7.874015748031495399 ) ) ;
#8665 = CARTESIAN_POINT ( 'NONE',  ( -4.921259842519680738, -10.44294424316293757, 0.000000000000000000 ) ) ;
#8666 = ORIENTED_EDGE ( 'NONE', *, *, #2590, .F. ) ;
#8667 = VECTOR ( 'NONE', #5296, 39.37007874015748143 ) ;
#8668 = PLANE ( 'NONE',  #9518 ) ;
#8669 = VERTEX_POINT ( 'NONE', #6989 ) ;
#8670 = CARTESIAN_POINT ( 'NONE',  ( 4.921259842519685179, 1.683040008805569476, 0.000000000000000000 ) ) ;
#8671 = ORIENTED_EDGE ( 'NONE', *, *, #9312, .T. ) ;
#8672 = FACE_OUTER_BOUND ( 'NONE', #945, .T. ) ;
#8673 = VECTOR ( 'NONE', #826, 39.37007874015748143 ) ;
#8674 = ORIENTED_EDGE ( 'NONE', *, *, #7792, .F. ) ;
#8675 = EDGE_CURVE ( 'NONE', #8630, #2618, #10401, .T. ) ;
#8676 = AXIS2_PLACEMENT_3D ( 'NONE', #3594, #7434, #5520 ) ;
#8677 = ADVANCED_FACE ( 'NONE', ( #4045 ), #4106, .T. ) ;
#8678 = CIRCLE ( 'NONE', #2371, 0.08858267716535440928 ) ;
#8679 = PLANE ( 'NONE',  #10602 ) ;
#8680 = DIRECTION ( 'NONE',  ( -0.000000000000000000, -1.000000000000000000, -0.000000000000000000 ) ) ;
#8681 = ORIENTED_EDGE ( 'NONE', *, *, #11404, .T. ) ;
#8682 = VECTOR ( 'NONE', #176, 39.37007874015748143 ) ;
#8683 = VERTEX_POINT ( 'NONE', #9483 ) ;
#8684 = CARTESIAN_POINT ( 'NONE',  ( -4.724409448818893686, 3.937007874015748143, 5.965761340813562796 ) ) ;
#8685 = CARTESIAN_POINT ( 'NONE',  ( -6.104413281412983672, -5.127983613241676508, 0.3937007874015748254 ) ) ;
#8686 = ORIENTED_EDGE ( 'NONE', *, *, #11432, .F. ) ;
#8687 = DIRECTION ( 'NONE',  ( -1.000000000000000000, 0.000000000000000000, 0.000000000000000000 ) ) ;
#8688 = DIRECTION ( 'NONE',  ( 0.000000000000000000, 0.000000000000000000, 1.000000000000000000 ) ) ;
#8689 = COLOUR_RGB ( '',0.7921568627450980005, 0.8196078431372548767, 0.9333333333333333481 ) ;
#8690 = CIRCLE ( 'NONE', #1992, 1.181102362204725420 ) ;
#8691 = CARTESIAN_POINT ( 'NONE',  ( 4.273251509737228560, -3.553180463635375208, 0.000000000000000000 ) ) ;
#8692 = CIRCLE ( 'NONE', #10206, 0.3937007874015751585 ) ;
#8693 = EDGE_CURVE ( 'NONE', #783, #5353, #7649, .T. ) ;
#8694 =( GEOMETRIC_REPRESENTATION_CONTEXT ( 3 ) GLOBAL_UNCERTAINTY_ASSIGNED_CONTEXT ( ( #6268 ) ) GLOBAL_UNIT_ASSIGNED_CONTEXT ( ( #8829, #5923, #2305 ) ) REPRESENTATION_CONTEXT ( 'NONE', 'WORKASPACE' ) );
#8695 = VECTOR ( 'NONE', #9722, 39.37007874015748143 ) ;
#8696 = DIRECTION ( 'NONE',  ( -0.000000000000000000, 1.000000000000000000, -0.000000000000000000 ) ) ;
#8697 = ORIENTED_EDGE ( 'NONE', *, *, #3322, .T. ) ;
#8698 = PLANE ( 'NONE',  #11689 ) ;
#8699 = SHAPE_REPRESENTATION ( 'Porte charge', ( #7171 ), #2003 ) ;
#8700 = ORIENTED_EDGE ( 'NONE', *, *, #6122, .F. ) ;
#8701 = CARTESIAN_POINT ( 'NONE',  ( 2.778641590709042042, 3.915065883440284278, -7.972440944881891589 ) ) ;
#8702 = AXIS2_PLACEMENT_3D ( 'NONE', #4650, #3770, #3641 ) ;
#8703 = CARTESIAN_POINT ( 'NONE',  ( -3.346456692913384323, 7.480314960629921295, 6.420488492166129824 ) ) ;
#8704 = ORIENTED_EDGE ( 'NONE', *, *, #3072, .T. ) ;
#8705 = DIRECTION ( 'NONE',  ( 0.000000000000000000, -1.000000000000000000, 0.000000000000000000 ) ) ;
#8706 = CARTESIAN_POINT ( 'NONE',  ( 2.703458040287970654, 3.149606299212599492, -6.550378662618052239 ) ) ;
#8707 = VECTOR ( 'NONE', #5187, 39.37007874015748143 ) ;
#8708 = AXIS2_PLACEMENT_3D ( 'NONE', #9653, #2304, #329 ) ;
#8709 = ORIENTED_EDGE ( 'NONE', *, *, #5320, .F. ) ;
#8710 = ORIENTED_EDGE ( 'NONE', *, *, #11298, .F. ) ;
#8711 = AXIS2_PLACEMENT_3D ( 'NONE', #1881, #8174, #1695 ) ;
#8712 = FACE_BOUND ( 'NONE', #7809, .T. ) ;
#8713 = CARTESIAN_POINT ( 'NONE',  ( 0.5905511811023621549, -13.59255054237553573, 0.000000000000000000 ) ) ;
#8714 = ORIENTED_EDGE ( 'NONE', *, *, #1654, .T. ) ;
#8715 = AXIS2_PLACEMENT_3D ( 'NONE', #3166, #7780, #634 ) ;
#8716 = VERTEX_POINT ( 'NONE', #511 ) ;
#8717 = CARTESIAN_POINT ( 'NONE',  ( -3.456684561203211992, -1.306301163389676168, 0.000000000000000000 ) ) ;
#8718 = AXIS2_PLACEMENT_3D ( 'NONE', #4750, #2106, #10234 ) ;
#8719 = PLANE ( 'NONE',  #1156 ) ;
#8720 = EDGE_CURVE ( 'NONE', #908, #5403, #11257, .T. ) ;
#8721 = EDGE_CURVE ( 'NONE', #2533, #4144, #868, .T. ) ;
#8722 = CARTESIAN_POINT ( 'NONE',  ( 3.740157480314960647, -10.75790487308419685, 0.000000000000000000 ) ) ;
#8723 = DIRECTION ( 'NONE',  ( 7.862016376373061085E-15, 0.000000000000000000, 1.000000000000000000 ) ) ;
#8724 = EDGE_LOOP ( 'NONE', ( #10324, #3484, #3137, #2413 ) ) ;
#8725 = CARTESIAN_POINT ( 'NONE',  ( -4.921259842519685179, 1.683040008805569476, 0.3937007874015748254 ) ) ;
#8726 = DIRECTION ( 'NONE',  ( 1.000000000000000000, 0.000000000000000000, 0.000000000000000000 ) ) ;
#8727 = PRESENTATION_LAYER_ASSIGNMENT (  '', '', ( #4330 ) ) ;
#8728 = DIRECTION ( 'NONE',  ( 1.000000000000000000, 0.000000000000000000, 0.000000000000000000 ) ) ;
#8729 = CARTESIAN_POINT ( 'NONE',  ( 5.905511811023623103, 0.000000000000000000, 0.5905511811023624880 ) ) ;
#8730 = LINE ( 'NONE', #524, #272 ) ;
#8731 = EDGE_CURVE ( 'NONE', #7703, #185, #11168, .T. ) ;
#8732 = ORIENTED_EDGE ( 'NONE', *, *, #10692, .T. ) ;
#8733 = DIRECTION ( 'NONE',  ( 0.6974961937938046752, 0.000000000000000000, -0.7165884869596741424 ) ) ;
#8734 = ORIENTED_EDGE ( 'NONE', *, *, #4557, .T. ) ;
#8735 = DIRECTION ( 'NONE',  ( -1.000000000000000000, -0.000000000000000000, -0.000000000000000000 ) ) ;
#8736 = ADVANCED_FACE ( 'NONE', ( #11311 ), #11485, .F. ) ;
#8737 = ORIENTED_EDGE ( 'NONE', *, *, #240, .T. ) ;
#8738 = CARTESIAN_POINT ( 'NONE',  ( -2.778641590709038489, 0.000000000000000000, 6.692913385826771311 ) ) ;
#8739 = ORIENTED_EDGE ( 'NONE', *, *, #7862, .F. ) ;
#8740 = ORIENTED_EDGE ( 'NONE', *, *, #1411, .T. ) ;
#8741 = EDGE_LOOP ( 'NONE', ( #4490, #1224, #3192, #10855 ) ) ;
#8742 = EDGE_CURVE ( 'NONE', #8158, #990, #7878, .T. ) ;
#8743 = CARTESIAN_POINT ( 'NONE',  ( 5.137870221958637629, 0.000000000000000000, 7.072130618713243777 ) ) ;
#8744 = DIRECTION ( 'NONE',  ( 0.000000000000000000, 0.000000000000000000, -1.000000000000000000 ) ) ;
#8745 = VERTEX_POINT ( 'NONE', #3147 ) ;
#8746 = ADVANCED_FACE ( 'NONE', ( #2249 ), #1343, .T. ) ;
#8747 = VERTEX_POINT ( 'NONE', #11375 ) ;
#8748 = CARTESIAN_POINT ( 'NONE',  ( 3.693202048827114670, -2.568928495131438172, 0.3937007874015748254 ) ) ;
#8749 = LINE ( 'NONE', #4200, #2788 ) ;
#8750 = ORIENTED_EDGE ( 'NONE', *, *, #8309, .F. ) ;
#8751 = CARTESIAN_POINT ( 'NONE',  ( 5.019685039370078705, 3.937007874015748143, -6.395228468411557010 ) ) ;
#8752 = DIRECTION ( 'NONE',  ( 6.167905692361975631E-16, -1.000000000000000000, -0.000000000000000000 ) ) ;
#8753 = EDGE_LOOP ( 'NONE', ( #4071, #4649, #5879, #1689 ) ) ;
#8754 = DIRECTION ( 'NONE',  ( 0.000000000000000000, 0.000000000000000000, -1.000000000000000000 ) ) ;
#8755 = LINE ( 'NONE', #6802, #4135 ) ;
#8756 = ORIENTED_EDGE ( 'NONE', *, *, #3171, .T. ) ;
#8757 = EDGE_CURVE ( 'NONE', #6325, #8135, #3212, .T. ) ;
#8758 = DIRECTION ( 'NONE',  ( 0.000000000000000000, -1.000000000000000000, 0.000000000000000000 ) ) ;
#8759 = ORIENTED_EDGE ( 'NONE', *, *, #11061, .T. ) ;
#8760 = DIRECTION ( 'NONE',  ( 1.000000000000000000, 0.000000000000000000, 0.000000000000000000 ) ) ;
#8761 = DIRECTION ( 'NONE',  ( -0.000000000000000000, 1.000000000000000000, -0.000000000000000000 ) ) ;
#8762 = ORIENTED_EDGE ( 'NONE', *, *, #2245, .F. ) ;
#8763 = EDGE_CURVE ( 'NONE', #3923, #6653, #9090, .T. ) ;
#8764 = DIRECTION ( 'NONE',  ( 1.000000000000000000, 0.000000000000000000, 0.000000000000000000 ) ) ;
#8765 = CARTESIAN_POINT ( 'NONE',  ( -3.684478356748024819, -0.6432185497264709673, 0.000000000000000000 ) ) ;
#8766 = VERTEX_POINT ( 'NONE', #10608 ) ;
#8767 = PLANE ( 'NONE',  #11542 ) ;
#8768 = CARTESIAN_POINT ( 'NONE',  ( -3.937007874015811648, 3.149606299212599492, -5.283063347057058046 ) ) ;
#8769 = EDGE_LOOP ( 'NONE', ( #9309, #4024, #7367, #9189 ) ) ;
#8770 = CIRCLE ( 'NONE', #1683, 0.1968503937007875793 ) ;
#8771 = ORIENTED_EDGE ( 'NONE', *, *, #3202, .F. ) ;
#8772 = DIRECTION ( 'NONE',  ( -0.000000000000000000, -1.000000000000000000, -0.000000000000000000 ) ) ;
#8773 = ADVANCED_FACE ( 'NONE', ( #4519 ), #1747, .F. ) ;
#8774 =( LENGTH_UNIT ( ) NAMED_UNIT ( * ) SI_UNIT ( $, .METRE. ) );
#8775 = CARTESIAN_POINT ( 'NONE',  ( 3.456684561203211992, 0.01986406393673362594, 0.000000000000000000 ) ) ;
#8776 = CARTESIAN_POINT ( 'NONE',  ( 1.261104803704728772, 7.480314960629921295, 0.1482536524622699581 ) ) ;
#8777 = FACE_BOUND ( 'NONE', #8096, .T. ) ;
#8778 = VECTOR ( 'NONE', #11673, 39.37007874015748143 ) ;
#8779 =( REPRESENTATION_RELATIONSHIP ('NONE','NONE', #4507, #9006 ) REPRESENTATION_RELATIONSHIP_WITH_TRANSFORMATION ( #9355 )SHAPE_REPRESENTATION_RELATIONSHIP( ) );
#8780 = DIRECTION ( 'NONE',  ( -0.000000000000000000, 1.000000000000000000, -0.000000000000000000 ) ) ;
#8781 = VERTEX_POINT ( 'NONE', #5413 ) ;
#8782 = DIRECTION ( 'NONE',  ( 0.000000000000000000, 0.000000000000000000, 1.000000000000000000 ) ) ;
#8783 = DIRECTION ( 'NONE',  ( -1.000000000000000000, 0.000000000000000000, 0.000000000000000000 ) ) ;
#8784 = SURFACE_STYLE_FILL_AREA ( #11445 ) ;
#8786 = DIRECTION ( 'NONE',  ( 0.000000000000000000, 0.000000000000000000, 1.000000000000000000 ) ) ;
#8785 = AXIS2_PLACEMENT_3D ( 'NONE', #10687, #8688, #2506 ) ;
#8787 = CARTESIAN_POINT ( 'NONE',  ( 4.392152166776199351, 9.055118110236220375, 8.233332301718865764 ) ) ;
#8788 = AXIS2_PLACEMENT_3D ( 'NONE', #6812, #10424, #2354 ) ;
#8789 = EDGE_LOOP ( 'NONE', ( #7327, #5338 ) ) ;
#8790 = DIRECTION ( 'NONE',  ( 0.000000000000000000, -1.000000000000000000, 0.000000000000000000 ) ) ;
#8791 = DIRECTION ( 'NONE',  ( -0.000000000000000000, -1.000000000000000000, -0.000000000000000000 ) ) ;
#8792 = ORIENTED_EDGE ( 'NONE', *, *, #7792, .T. ) ;
#8793 = CARTESIAN_POINT ( 'NONE',  ( 0.006488179178569830098, 3.915065883440284278, 7.086614173228346303 ) ) ;
#8794 = ORIENTED_EDGE ( 'NONE', *, *, #4417, .T. ) ;
#8795 = ORIENTED_EDGE ( 'NONE', *, *, #7215, .F. ) ;
#8796 = AXIS2_PLACEMENT_3D ( 'NONE', #5948, #11451, #5152 ) ;
#8797 = DIRECTION ( 'NONE',  ( 0.000000000000000000, 0.000000000000000000, 1.000000000000000000 ) ) ;
#8798 = EDGE_CURVE ( 'NONE', #5620, #8215, #7150, .T. ) ;
#8799 = CARTESIAN_POINT ( 'NONE',  ( 4.923310919208260472, -3.946881251036950200, 0.3937007874015748254 ) ) ;
#8800 = ORIENTED_EDGE ( 'NONE', *, *, #10399, .T. ) ;
#8801 = EDGE_LOOP ( 'NONE', ( #11411, #5190 ) ) ;
#8802 = CARTESIAN_POINT ( 'NONE',  ( -2.778641590709042930, 3.915065883440284278, -6.791338582677164837 ) ) ;
#8803 = EDGE_CURVE ( 'NONE', #1759, #4826, #6100, .T. ) ;
#8804 = DIRECTION ( 'NONE',  ( -1.387778780781447155E-16, 1.000000000000000000, -0.000000000000000000 ) ) ;
#8805 = ADVANCED_FACE ( 'NONE', ( #858 ), #2479, .F. ) ;
#8806 = ORIENTED_EDGE ( 'NONE', *, *, #6038, .F. ) ;
#8807 = CIRCLE ( 'NONE', #2879, 0.3937007874015751585 ) ;
#8808 = CYLINDRICAL_SURFACE ( 'NONE', #7116, 0.1968503937007875793 ) ;
#8809 = PLANE ( 'NONE',  #7269 ) ;
#8810 = FACE_OUTER_BOUND ( 'NONE', #10067, .T. ) ;
#8811 = ADVANCED_FACE ( 'NONE', ( #11547, #3501 ), #8046, .T. ) ;
#8812 = EDGE_CURVE ( 'NONE', #9606, #7477, #791, .T. ) ;
#8813 = CARTESIAN_POINT ( 'NONE',  ( -2.778641590709038489, 3.937007874015748143, 6.791338582677163060 ) ) ;
#8814 = ORIENTED_EDGE ( 'NONE', *, *, #8955, .T. ) ;
#8815 = DIRECTION ( 'NONE',  ( -0.000000000000000000, -1.000000000000000000, -0.000000000000000000 ) ) ;
#8816 = ORIENTED_EDGE ( 'NONE', *, *, #9164, .T. ) ;
#8817 = DIRECTION ( 'NONE',  ( 0.000000000000000000, -0.000000000000000000, 1.000000000000000000 ) ) ;
#8818 = FACE_OUTER_BOUND ( 'NONE', #285, .T. ) ;
#8819 = ORIENTED_EDGE ( 'NONE', *, *, #10730, .T. ) ;
#8820 = CARTESIAN_POINT ( 'NONE',  ( 4.184668832571873942, -3.553180463635375208, 0.000000000000000000 ) ) ;
#8821 = DIRECTION ( 'NONE',  ( -1.000000000000000000, 0.000000000000000000, 0.000000000000000000 ) ) ;
#8822 = AXIS2_PLACEMENT_3D ( 'NONE', #9472, #5912, #4937 ) ;
#8823 = ORIENTED_EDGE ( 'NONE', *, *, #8731, .T. ) ;
#8824 = EDGE_CURVE ( 'NONE', #3261, #5469, #8104, .T. ) ;
#8825 = ORIENTED_EDGE ( 'NONE', *, *, #9382, .F. ) ;
#8826 = FACE_OUTER_BOUND ( 'NONE', #244, .T. ) ;
#8827 = ADVANCED_FACE ( 'NONE', ( #1638 ), #7934, .T. ) ;
#8828 = CARTESIAN_POINT ( 'NONE',  ( 3.560428057591566997, 3.168267873820385105, 0.3937007874015748254 ) ) ;
#8829 =( CONVERSION_BASED_UNIT ( 'INCH', #512 ) LENGTH_UNIT ( ) NAMED_UNIT ( #9548 ) );
#8830 = VERTEX_POINT ( 'NONE', #4449 ) ;
#8831 = EDGE_LOOP ( 'NONE', ( #10826, #1781 ) ) ;
#8832 = LINE ( 'NONE', #623, #3159 ) ;
#8833 = CARTESIAN_POINT ( 'NONE',  ( 4.273251509737228560, -5.521684400643250612, 0.3937007874015748254 ) ) ;
#8834 =( LENGTH_UNIT ( ) NAMED_UNIT ( * ) SI_UNIT ( $, .METRE. ) );
#8835 = VECTOR ( 'NONE', #5963, 39.37007874015748143 ) ;
#8836 = DIRECTION ( 'NONE',  ( 0.000000000000000000, 0.000000000000000000, 1.000000000000000000 ) ) ;
#8837 = DIRECTION ( 'NONE',  ( 0.000000000000000000, 0.000000000000000000, -1.000000000000000000 ) ) ;
#8838 = CARTESIAN_POINT ( 'NONE',  ( -2.952755905511811108, 3.336583315892183155, 0.000000000000000000 ) ) ;
#8839 = EDGE_CURVE ( 'NONE', #7238, #9406, #1577, .T. ) ;
#8840 = CARTESIAN_POINT ( 'NONE',  ( -2.952755905511811108, -12.41144818017080986, 0.000000000000000000 ) ) ;
#8841 = DIRECTION ( 'NONE',  ( -0.000000000000000000, -0.000000000000000000, -1.000000000000000000 ) ) ;
#8842 = DIRECTION ( 'NONE',  ( -0.000000000000000000, -1.000000000000000000, -0.000000000000000000 ) ) ;
#8843 = VERTEX_POINT ( 'NONE', #6320 ) ;
#8844 = CYLINDRICAL_SURFACE ( 'NONE', #9884, 0.3937007874015751585 ) ;
#8845 = VERTEX_POINT ( 'NONE', #10656 ) ;
#8846 = CARTESIAN_POINT ( 'NONE',  ( -5.137870221958628747, 3.937007874015748143, 7.072130618713249994 ) ) ;
#8847 = DIRECTION ( 'NONE',  ( 0.000000000000000000, 0.000000000000000000, -1.000000000000000000 ) ) ;
#8848 = VECTOR ( 'NONE', #5226, 39.37007874015748143 ) ;
#8849 = ORIENTED_EDGE ( 'NONE', *, *, #5816, .F. ) ;
#8850 = ORIENTED_EDGE ( 'NONE', *, *, #9578, .T. ) ;
#8851 = CARTESIAN_POINT ( 'NONE',  ( 4.392152166776199351, 9.055118110236220375, 8.233332301718865764 ) ) ;
#8852 = AXIS2_PLACEMENT_3D ( 'NONE', #7142, #9174, #1803 ) ;
#8853 = CARTESIAN_POINT ( 'NONE',  ( -4.923310919208263137, -2.568928495131439060, 0.3937007874015748254 ) ) ;
#8854 = ORIENTED_EDGE ( 'NONE', *, *, #10126, .T. ) ;
#8855 = DIRECTION ( 'NONE',  ( -0.000000000000000000, -0.000000000000000000, -1.000000000000000000 ) ) ;
#8856 = LINE ( 'NONE', #9511, #3374 ) ;
#8857 = DIRECTION ( 'NONE',  ( 0.000000000000000000, 0.000000000000000000, -1.000000000000000000 ) ) ;
#8858 = PLANE ( 'NONE',  #5157 ) ;
#8859 = VERTEX_POINT ( 'NONE', #5241 ) ;
#8860 = DIRECTION ( 'NONE',  ( -0.000000000000000000, -0.000000000000000000, 1.000000000000000000 ) ) ;
#8861 = EDGE_CURVE ( 'NONE', #5024, #1839, #8886, .T. ) ;
#8862 = AXIS2_PLACEMENT_3D ( 'NONE', #5578, #4486, #9207 ) ;
#8863 = CIRCLE ( 'NONE', #3136, 0.1968503937007875793 ) ;
#8864 = EDGE_LOOP ( 'NONE', ( #7177, #2174 ) ) ;
#8865 = VECTOR ( 'NONE', #4548, 39.37007874015748143 ) ;
#8866 = LINE ( 'NONE', #6971, #10726 ) ;
#8867 = ORIENTED_EDGE ( 'NONE', *, *, #4955, .T. ) ;
#8868 = DIRECTION ( 'NONE',  ( 0.000000000000000000, 0.000000000000000000, -1.000000000000000000 ) ) ;
#8869 = CIRCLE ( 'NONE', #1790, 0.08858267716535440928 ) ;
#8870 = VECTOR ( 'NONE', #4479, 39.37007874015748854 ) ;
#8871 = EDGE_LOOP ( 'NONE', ( #1098, #6265, #3393, #2065 ) ) ;
#8872 = DIRECTION ( 'NONE',  ( 0.000000000000000000, 0.000000000000000000, 1.000000000000000000 ) ) ;
#8873 = CARTESIAN_POINT ( 'NONE',  ( 0.000000000000000000, 0.000000000000000000, 0.000000000000000000 ) ) ;
#8874 = EDGE_CURVE ( 'NONE', #2026, #9445, #4344, .T. ) ;
#8875 = ORIENTED_EDGE ( 'NONE', *, *, #1460, .F. ) ;
#8876 = LINE ( 'NONE', #674, #1778 ) ;
#8877 = VECTOR ( 'NONE', #2928, 39.37007874015748143 ) ;
#8878 = CARTESIAN_POINT ( 'NONE',  ( 4.322826293486675908, -1.295201033765735366, 0.000000000000000000 ) ) ;
#8879 = ADVANCED_FACE ( 'NONE', ( #9927 ), #3445, .T. ) ;
#8880 = ORIENTED_EDGE ( 'NONE', *, *, #3901, .F. ) ;
#8881 = CIRCLE ( 'NONE', #4681, 1.181102362204724310 ) ;
#8882 = VECTOR ( 'NONE', #6713, 39.37007874015748143 ) ;
#8883 = AXIS2_PLACEMENT_3D ( 'NONE', #7832, #399, #6942 ) ;
#8884 = EDGE_LOOP ( 'NONE', ( #11015, #2133 ) ) ;
#8885 = LINE ( 'NONE', #3444, #5081 ) ;
#8886 = LINE ( 'NONE', #684, #9827 ) ;
#8887 = DIRECTION ( 'NONE',  ( 0.000000000000000000, 0.000000000000000000, 1.000000000000000000 ) ) ;
#8888 = VERTEX_POINT ( 'NONE', #11716 ) ;
#8889 = AXIS2_PLACEMENT_3D ( 'NONE', #8947, #8050, #9766 ) ;
#8890 = ORIENTED_EDGE ( 'NONE', *, *, #8167, .F. ) ;
#8891 = DIRECTION ( 'NONE',  ( 0.000000000000000000, 0.000000000000000000, 1.000000000000000000 ) ) ;
#8892 = ADVANCED_FACE ( 'NONE', ( #2599 ), #9820, .F. ) ;
#8893 = AXIS2_PLACEMENT_3D ( 'NONE', #1639, #3502, #2653 ) ;
#8894 = VECTOR ( 'NONE', #9885, 39.37007874015748143 ) ;
#8895 = CIRCLE ( 'NONE', #486, 1.181102362204725420 ) ;
#8896 = DIRECTION ( 'NONE',  ( 0.000000000000000000, 0.000000000000000000, 1.000000000000000000 ) ) ;
#8897 = DIRECTION ( 'NONE',  ( 0.000000000000000000, 0.000000000000000000, -1.000000000000000000 ) ) ;
#8898 = DIRECTION ( 'NONE',  ( 3.469446951953614189E-17, -1.000000000000000000, 0.000000000000000000 ) ) ;
#8899 = CARTESIAN_POINT ( 'NONE',  ( -4.921259842519685179, -10.75790487308419685, 0.3937007874015748254 ) ) ;
#8900 = VECTOR ( 'NONE', #10754, 39.37007874015748143 ) ;
#8901 = DIRECTION ( 'NONE',  ( -0.000000000000000000, -0.000000000000000000, 1.000000000000000000 ) ) ;
#8902 = ORIENTED_EDGE ( 'NONE', *, *, #7872, .T. ) ;
#8903 = AXIS2_PLACEMENT_3D ( 'NONE', #7040, #8994, #1745 ) ;
#8904 = AXIS2_PLACEMENT_3D ( 'NONE', #8458, #10940, #5729 ) ;
#8905 = DIRECTION ( 'NONE',  ( -0.000000000000000000, -0.000000000000000000, -1.000000000000000000 ) ) ;
#8906 = DIRECTION ( 'NONE',  ( -0.000000000000000000, -0.000000000000000000, 1.000000000000000000 ) ) ;
#8907 = VECTOR ( 'NONE', #7907, 39.37007874015748143 ) ;
#8908 = DIRECTION ( 'NONE',  ( 0.000000000000000000, 1.000000000000000000, -0.000000000000000000 ) ) ;
#8909 = EDGE_LOOP ( 'NONE', ( #2382, #7224, #7897, #7304 ) ) ;
#8910 = CARTESIAN_POINT ( 'NONE',  ( -5.905511811023622215, 3.937007874015748143, -5.826771653543309171 ) ) ;
#8911 = DIRECTION ( 'NONE',  ( -0.000000000000000000, -0.000000000000000000, 1.000000000000000000 ) ) ;
#8912 = AXIS2_PLACEMENT_3D ( 'NONE', #9723, #10499, #8783 ) ;
#8913 = ORIENTED_EDGE ( 'NONE', *, *, #1336, .F. ) ;
#8914 = LINE ( 'NONE', #888, #9806 ) ;
#8915 = ADVANCED_FACE ( 'NONE', ( #9871 ), #1687, .F. ) ;
#8916 = ORIENTED_EDGE ( 'NONE', *, *, #10399, .F. ) ;
#8917 = VECTOR ( 'NONE', #7288, 39.37007874015748143 ) ;
#8918 = CARTESIAN_POINT ( 'NONE',  ( -4.783372228692590156, 0.000000000000000000, -6.106877749175725789 ) ) ;
#8919 = CARTESIAN_POINT ( 'NONE',  ( -4.724409448818897239, 3.937007874015748143, -5.965761340813562796 ) ) ;
#8920 = CARTESIAN_POINT ( 'NONE',  ( 4.273251509737228560, -3.553180463635375208, 0.000000000000000000 ) ) ;
#8921 = ORIENTED_EDGE ( 'NONE', *, *, #3100, .T. ) ;
#8922 = FACE_OUTER_BOUND ( 'NONE', #8251, .T. ) ;
#8923 = CARTESIAN_POINT ( 'NONE',  ( -2.952755905511811108, 3.336583315892183155, 0.000000000000000000 ) ) ;
#8924 = CARTESIAN_POINT ( 'NONE',  ( 3.693202048827116002, 1.368079378884309083, 0.7874015748031496509 ) ) ;
#8925 = LINE ( 'NONE', #1383, #9162 ) ;
#8926 = ORIENTED_EDGE ( 'NONE', *, *, #9187, .T. ) ;
#8927 = FACE_BOUND ( 'NONE', #4651, .T. ) ;
#8928 = EDGE_CURVE ( 'NONE', #10644, #1852, #9231, .T. ) ;
#8929 = ORIENTED_EDGE ( 'NONE', *, *, #10654, .T. ) ;
#8930 = DIRECTION ( 'NONE',  ( -3.469446951953614189E-17, 1.000000000000000000, -0.000000000000000000 ) ) ;
#8931 = EDGE_LOOP ( 'NONE', ( #4992, #882, #11205, #3440 ) ) ;
#8932 = LINE ( 'NONE', #11585, #6206 ) ;
#8933 = EDGE_LOOP ( 'NONE', ( #3900, #8468, #3062, #2596 ) ) ;
#8934 = CARTESIAN_POINT ( 'NONE',  ( -3.549822394964750050, 3.149606299212599492, 6.729326213142290847 ) ) ;
#8935 = LINE ( 'NONE', #1628, #8900 ) ;
#8936 = EDGE_LOOP ( 'NONE', ( #8509, #11258, #3506, #4196, #10047, #4168 ) ) ;
#8937 = DIRECTION ( 'NONE',  ( -0.8574929257125448734, -0.5144957554275252365, 0.000000000000000000 ) ) ;
#8938 = DIRECTION ( 'NONE',  ( -0.000000000000000000, -0.000000000000000000, -1.000000000000000000 ) ) ;
#8939 = EDGE_LOOP ( 'NONE', ( #5512, #7206, #9082, #9505 ) ) ;
#8940 = ORIENTED_EDGE ( 'NONE', *, *, #5965, .F. ) ;
#8941 = DIRECTION ( 'NONE',  ( -1.000000000000000000, -0.000000000000000000, -0.000000000000000000 ) ) ;
#8942 = DIRECTION ( 'NONE',  ( 2.921639538487252782E-16, 1.000000000000000000, 0.000000000000000000 ) ) ;
#8943 = CARTESIAN_POINT ( 'NONE',  ( 32.70451468969305608, 29.17408969782179895, 42.84732007508407037 ) ) ;
#8944 = ORIENTED_EDGE ( 'NONE', *, *, #4561, .F. ) ;
#8945 = EDGE_CURVE ( 'NONE', #7255, #5538, #2580, .T. ) ;
#8946 = EDGE_LOOP ( 'NONE', ( #5022, #4436, #11627, #6430 ) ) ;
#8947 = CARTESIAN_POINT ( 'NONE',  ( -3.346456692913386100, 3.937007874015748143, -6.420488492166129824 ) ) ;
#8948 = PLANE ( 'NONE',  #9719 ) ;
#8949 = DIRECTION ( 'NONE',  ( 0.000000000000000000, 1.000000000000000000, 0.000000000000000000 ) ) ;
#8950 = DIRECTION ( 'NONE',  ( -1.526556658859591821E-15, -1.000000000000000000, 0.000000000000000000 ) ) ;
#8951 = CARTESIAN_POINT ( 'NONE',  ( 0.1968503937007873017, 0.8331594030294345865, 0.7874015748031496509 ) ) ;
#8952 = ORIENTED_EDGE ( 'NONE', *, *, #2668, .F. ) ;
#8953 = AXIS2_PLACEMENT_3D ( 'NONE', #1853, #9907, #955 ) ;
#8954 = FILL_AREA_STYLE ('',( #6276 ) ) ;
#8955 = EDGE_CURVE ( 'NONE', #4914, #6238, #2018, .T. ) ;
#8956 = DIMENSIONAL_EXPONENTS ( 1.000000000000000000, 0.000000000000000000, 0.000000000000000000, 0.000000000000000000, 0.000000000000000000, 0.000000000000000000, 0.000000000000000000 ) ;
#8957 = CARTESIAN_POINT ( 'NONE',  ( -3.346456692913384323, 7.480314960629921295, 6.420488492166129824 ) ) ;
#8958 = FACE_OUTER_BOUND ( 'NONE', #9141, .T. ) ;
#8959 = VERTEX_POINT ( 'NONE', #10055 ) ;
#8960 = EDGE_CURVE ( 'NONE', #7703, #2626, #6381, .T. ) ;
#8961 = DIRECTION ( 'NONE',  ( -1.000000000000000000, 0.000000000000000000, 0.000000000000000000 ) ) ;
#8962 = ORIENTED_EDGE ( 'NONE', *, *, #10166, .T. ) ;
#8963 = CARTESIAN_POINT ( 'NONE',  ( -3.560428057591566997, 3.168267873820385105, 0.3937007874015748254 ) ) ;
#8964 = VECTOR ( 'NONE', #8477, 39.37007874015748143 ) ;
#8965 = CARTESIAN_POINT ( 'NONE',  ( 3.937007874015811648, 3.149606299212599492, -5.283063347057058046 ) ) ;
#8966 = LINE ( 'NONE', #10677, #2559 ) ;
#8967 = ORIENTED_EDGE ( 'NONE', *, *, #3255, .F. ) ;
#8968 = ADVANCED_FACE ( 'NONE', ( #1157 ), #5547, .F. ) ;
#8969 = CARTESIAN_POINT ( 'NONE',  ( -3.299501261425538789, -10.44294424316293224, 1.968503937007874072 ) ) ;
#8970 = AXIS2_PLACEMENT_3D ( 'NONE', #7228, #8896, #11659 ) ;
#8971 = AXIS2_PLACEMENT_3D ( 'NONE', #11195, #4822, #11128 ) ;
#8972 = EDGE_CURVE ( 'NONE', #1363, #7297, #5278, .T. ) ;
#8973 = CARTESIAN_POINT ( 'NONE',  ( -4.985320476270190149, 9.448818897637794478, 7.839631514317289884 ) ) ;
#8974 = CARTESIAN_POINT ( 'NONE',  ( -3.693202048827115558, -2.568928495131439060, 0.3937007874015748254 ) ) ;
#8975 = ORIENTED_EDGE ( 'NONE', *, *, #3531, .T. ) ;
#8976 = CARTESIAN_POINT ( 'NONE',  ( 4.370956789862821150E-15, 3.937007874015748143, 6.889763779527557475 ) ) ;
#8977 = CARTESIAN_POINT ( 'NONE',  ( -1.258335327127414915, 9.448818897637794478, 0.1482536524622696250 ) ) ;
#8978 = CARTESIAN_POINT ( 'NONE',  ( 4.923310919208261360, -3.946881251036950200, 0.000000000000000000 ) ) ;
#8979 = CARTESIAN_POINT ( 'NONE',  ( -4.923310919208263137, -2.568928495131439060, 0.3937007874015748254 ) ) ;
#8980 = ORIENTED_EDGE ( 'NONE', *, *, #7661, .T. ) ;
#8981 = FACE_BOUND ( 'NONE', #5532, .T. ) ;
#8982 = ORIENTED_EDGE ( 'NONE', *, *, #4652, .F. ) ;
#8983 = AXIS2_PLACEMENT_3D ( 'NONE', #11166, #3961, #9444 ) ;
#8984 = ADVANCED_FACE ( 'NONE', ( #87 ), #3804, .F. ) ;
#8985 = CYLINDRICAL_SURFACE ( 'NONE', #6377, 1.181102362204725420 ) ;
#8986 = ORIENTED_EDGE ( 'NONE', *, *, #11698, .T. ) ;
#8987 = ORIENTED_EDGE ( 'NONE', *, *, #8314, .T. ) ;
#8988 = DIRECTION ( 'NONE',  ( 0.000000000000000000, 0.000000000000000000, 1.000000000000000000 ) ) ;
#8989 = CARTESIAN_POINT ( 'NONE',  ( -2.073640607983705308, -12.41144818017080986, 0.7874015748031496509 ) ) ;
#8990 = ORIENTED_EDGE ( 'NONE', *, *, #3060, .T. ) ;
#8991 = CARTESIAN_POINT ( 'NONE',  ( 3.653534954903999488, 0.01986406393673360166, 0.000000000000000000 ) ) ;
#8992 = CYLINDRICAL_SURFACE ( 'NONE', #9902, 0.3937007874015746034 ) ;
#8993 = EDGE_LOOP ( 'NONE', ( #2247, #2991 ) ) ;
#8994 = DIRECTION ( 'NONE',  ( -0.000000000000000000, -0.000000000000000000, 1.000000000000000000 ) ) ;
#8995 = CARTESIAN_POINT ( 'NONE',  ( 4.921259842519688732, -10.44294424316293224, 0.3937007874015748254 ) ) ;
#8996 = DIRECTION ( 'NONE',  ( 0.000000000000000000, 0.000000000000000000, 1.000000000000000000 ) ) ;
#8997 = ORIENTED_EDGE ( 'NONE', *, *, #538, .F. ) ;
#8998 = APPLICATION_CONTEXT ( 'automotive_design' ) ;
#8999 = CARTESIAN_POINT ( 'NONE',  ( 0.006488179178569830098, 3.915065883440284278, -6.889763779527559251 ) ) ;
#9000 = ORIENTED_EDGE ( 'NONE', *, *, #5629, .T. ) ;
#9001 = DIRECTION ( 'NONE',  ( 0.000000000000000000, 1.000000000000000000, 0.000000000000000000 ) ) ;
#9002 = LINE ( 'NONE', #925, #6635 ) ;
#9003 = DIRECTION ( 'NONE',  ( 1.000000000000000000, 3.559243557031707296E-15, 0.000000000000000000 ) ) ;
#9004 = LINE ( 'NONE', #1753, #3387 ) ;
#9005 = FACE_BOUND ( 'NONE', #3736, .T. ) ;
#9006 = SHAPE_REPRESENTATION ( 'Part2', ( #7171 ), #2390 ) ;
#9007 = LINE ( 'NONE', #2611, #6998 ) ;
#9008 = ORIENTED_EDGE ( 'NONE', *, *, #9147, .F. ) ;
#9009 = ADVANCED_FACE ( 'NONE', ( #9179 ), #2895, .F. ) ;
#9010 =( LENGTH_UNIT ( ) NAMED_UNIT ( * ) SI_UNIT ( $, .METRE. ) );
#9011 = ORIENTED_EDGE ( 'NONE', *, *, #3324, .F. ) ;
#9012 = CARTESIAN_POINT ( 'NONE',  ( 5.905511811023626656, 0.000000000000000000, 5.965761340813557467 ) ) ;
#9013 = CARTESIAN_POINT ( 'NONE',  ( 0.000000000000000000, 3.937007874015748143, -8.464566929133857442 ) ) ;
#9014 = VERTEX_POINT ( 'NONE', #919 ) ;
#9015 = ORIENTED_EDGE ( 'NONE', *, *, #7314, .T. ) ;
#9016 = CARTESIAN_POINT ( 'NONE',  ( 2.778641590709042930, 3.937007874015748143, -6.692913385826774864 ) ) ;
#9017 = ORIENTED_EDGE ( 'NONE', *, *, #11414, .T. ) ;
#9018 = DIRECTION ( 'NONE',  ( 0.8574929257125443183, 0.5144957554275262357, 0.000000000000000000 ) ) ;
#9019 = ORIENTED_EDGE ( 'NONE', *, *, #7795, .T. ) ;
#9020 = EDGE_CURVE ( 'NONE', #4833, #5730, #6632, .T. ) ;
#9021 = DIRECTION ( 'NONE',  ( 0.000000000000000000, 0.000000000000000000, 1.000000000000000000 ) ) ;
#9022 = CARTESIAN_POINT ( 'NONE',  ( 3.684478356748024819, -0.6432185497264709673, 0.3937007874015748254 ) ) ;
#9023 = ORIENTED_EDGE ( 'NONE', *, *, #8094, .F. ) ;
#9024 = EDGE_CURVE ( 'NONE', #9529, #10509, #2593, .T. ) ;
#9025 = DIRECTION ( 'NONE',  ( 0.000000000000000000, -1.000000000000000000, 0.000000000000000000 ) ) ;
#9026 = EDGE_CURVE ( 'NONE', #1738, #5133, #11358, .T. ) ;
#9027 = CARTESIAN_POINT ( 'NONE',  ( 3.192102363848781987, 0.000000000000000000, 7.799282663726455844 ) ) ;
#9028 = DIRECTION ( 'NONE',  ( -0.000000000000000000, -0.000000000000000000, 1.000000000000000000 ) ) ;
#9029 = VERTEX_POINT ( 'NONE', #973 ) ;
#9030 = PLANE ( 'NONE',  #1330 ) ;
#9031 = FACE_OUTER_BOUND ( 'NONE', #3958, .T. ) ;
#9032 = EDGE_CURVE ( 'NONE', #8843, #4887, #253, .T. ) ;
#9033 = LINE ( 'NONE', #4493, #3304 ) ;
#9034 = CARTESIAN_POINT ( 'NONE',  ( 3.299501261425538789, -10.44294424316293224, 0.7874015748031496509 ) ) ;
#9035 = ORIENTED_EDGE ( 'NONE', *, *, #6075, .T. ) ;
#9036 = FACE_BOUND ( 'NONE', #7992, .T. ) ;
#9037 = ORIENTED_EDGE ( 'NONE', *, *, #8392, .F. ) ;
#9038 = EDGE_CURVE ( 'NONE', #7908, #9888, #7338, .T. ) ;
#9039 = AXIS2_PLACEMENT_3D ( 'NONE', #2234, #2288, #5968 ) ;
#9040 = VECTOR ( 'NONE', #7284, 39.37007874015748143 ) ;
#9041 = LINE ( 'NONE', #8333, #621 ) ;
#9042 = ORIENTED_EDGE ( 'NONE', *, *, #6317, .T. ) ;
#9043 = ORIENTED_EDGE ( 'NONE', *, *, #7853, .T. ) ;
#9044 = PLANE ( 'NONE',  #4068 ) ;
#9045 = CARTESIAN_POINT ( 'NONE',  ( -1.258335327127414915, 7.480314960629921295, -0.04859674123851779465 ) ) ;
#9046 = VERTEX_POINT ( 'NONE', #4629 ) ;
#9047 = ORIENTED_EDGE ( 'NONE', *, *, #8642, .T. ) ;
#9048 = CARTESIAN_POINT ( 'NONE',  ( -4.591619688868613380, 9.448818897637794478, -7.952773140716710820 ) ) ;
#9049 = CARTESIAN_POINT ( 'NONE',  ( -3.740157480314960647, 1.683040008805569476, 0.000000000000000000 ) ) ;
#9050 = ADVANCED_FACE ( 'NONE', ( #3859 ), #8278, .F. ) ;
#9051 = AXIS2_PLACEMENT_3D ( 'NONE', #11002, #6504, #10112 ) ;
#9052 = DIRECTION ( 'NONE',  ( 0.000000000000000000, 0.000000000000000000, -1.000000000000000000 ) ) ;
#9053 = VECTOR ( 'NONE', #3298, 39.37007874015748143 ) ;
#9054 = AXIS2_PLACEMENT_3D ( 'NONE', #1547, #2269, #4137 ) ;
#9055 = DIRECTION ( 'NONE',  ( 1.000000000000000000, -2.891205793294678326E-16, 0.000000000000000000 ) ) ;
#9056 = DIRECTION ( 'NONE',  ( 1.000000000000000000, 0.000000000000000000, 0.000000000000000000 ) ) ;
#9057 = VERTEX_POINT ( 'NONE', #3747 ) ;
#9058 = ORIENTED_EDGE ( 'NONE', *, *, #7426, .T. ) ;
#9059 = CARTESIAN_POINT ( 'NONE',  ( -4.591619688868616045, 7.480314960629921295, -7.559072353315135828 ) ) ;
#9060 = AXIS2_PLACEMENT_3D ( 'NONE', #5580, #2745, #7979 ) ;
#9061 = FACE_OUTER_BOUND ( 'NONE', #2121, .T. ) ;
#9062 = CARTESIAN_POINT ( 'NONE',  ( -6.496062992125986035, 0.000000000000000000, 0.000000000000000000 ) ) ;
#9063 = DIRECTION ( 'NONE',  ( 1.000000000000000000, 0.000000000000000000, 0.000000000000000000 ) ) ;
#9064 = DIRECTION ( 'NONE',  ( 0.000000000000000000, -1.000000000000000000, 0.000000000000000000 ) ) ;
#9065 = AXIS2_PLACEMENT_3D ( 'NONE', #11157, #228, #465 ) ;
#9066 = CARTESIAN_POINT ( 'NONE',  ( -2.073640607983706641, 3.336583315892183155, 0.7874015748031496509 ) ) ;
#9067 = VECTOR ( 'NONE', #7484, 39.37007874015748143 ) ;
#9068 = EDGE_CURVE ( 'NONE', #2231, #8845, #7406, .T. ) ;
#9069 = ORIENTED_EDGE ( 'NONE', *, *, #10891, .F. ) ;
#9070 = CIRCLE ( 'NONE', #9634, 0.08858267716535440928 ) ;
#9071 = FACE_OUTER_BOUND ( 'NONE', #1720, .T. ) ;
#9072 = VERTEX_POINT ( 'NONE', #5604 ) ;
#9073 = ORIENTED_EDGE ( 'NONE', *, *, #2676, .T. ) ;
#9074 = CARTESIAN_POINT ( 'NONE',  ( 0.09842519685039370636, 1.205361022782828035E-17, 0.000000000000000000 ) ) ;
#9075 = DIRECTION ( 'NONE',  ( -0.000000000000000000, 0.000000000000000000, -1.000000000000000000 ) ) ;
#9076 = ORIENTED_EDGE ( 'NONE', *, *, #8230, .T. ) ;
#9077 = AXIS2_PLACEMENT_3D ( 'NONE', #3692, #2795, #8184 ) ;
#9078 =( GEOMETRIC_REPRESENTATION_CONTEXT ( 3 ) GLOBAL_UNCERTAINTY_ASSIGNED_CONTEXT ( ( #8628 ) ) GLOBAL_UNIT_ASSIGNED_CONTEXT ( ( #10619, #10552, #11440 ) ) REPRESENTATION_CONTEXT ( 'NONE', 'WORKASPACE' ) );
#9079 = ORIENTED_EDGE ( 'NONE', *, *, #10987, .F. ) ;
#9080 = CARTESIAN_POINT ( 'NONE',  ( 3.560428057591566997, 3.168267873820385105, 0.3937007874015748254 ) ) ;
#9081 = ADVANCED_FACE ( 'NONE', ( #1097 ), #4756, .F. ) ;
#9082 = ORIENTED_EDGE ( 'NONE', *, *, #8798, .F. ) ;
#9083 = CARTESIAN_POINT ( 'NONE',  ( -6.104413281412983672, -3.946881251036951976, 0.000000000000000000 ) ) ;
#9084 = ORIENTED_EDGE ( 'NONE', *, *, #5868, .F. ) ;
#9085 = CIRCLE ( 'NONE', #6435, 0.08858267716535496439 ) ;
#9086 = DIRECTION ( 'NONE',  ( -1.000000000000000000, 0.000000000000000000, 0.000000000000000000 ) ) ;
#9087 = DIRECTION ( 'NONE',  ( -1.000000000000000000, 0.000000000000000000, 0.000000000000000000 ) ) ;
#9088 = ORIENTED_EDGE ( 'NONE', *, *, #9816, .T. ) ;
#9089 = AXIS2_PLACEMENT_3D ( 'NONE', #7096, #10702, #6198 ) ;
#9090 = CIRCLE ( 'NONE', #10024, 1.181102362204724976 ) ;
#9091 = DIRECTION ( 'NONE',  ( 0.000000000000000000, 1.000000000000000000, -0.000000000000000000 ) ) ;
#9092 = VECTOR ( 'NONE', #6909, 39.37007874015748143 ) ;
#9093 = EDGE_CURVE ( 'NONE', #5838, #11302, #8755, .T. ) ;
#9094 = FACE_OUTER_BOUND ( 'NONE', #8268, .T. ) ;
#9095 = LINE ( 'NONE', #8142, #9801 ) ;
#9096 = EDGE_CURVE ( 'NONE', #11470, #3728, #7750, .T. ) ;
#9097 = AXIS2_PLACEMENT_3D ( 'NONE', #8430, #3780, #3887 ) ;
#9098 = ORIENTED_EDGE ( 'NONE', *, *, #7502, .T. ) ;
#9099 = DIRECTION ( 'NONE',  ( 1.000000000000000000, 0.000000000000000000, 0.000000000000000000 ) ) ;
#9100 = DIRECTION ( 'NONE',  ( -0.000000000000000000, 1.000000000000000000, 0.000000000000000000 ) ) ;
#9101 = DIRECTION ( 'NONE',  ( 1.000000000000000000, 0.000000000000000000, 1.156482317317871478E-16 ) ) ;
#9102 = FACE_OUTER_BOUND ( 'NONE', #6744, .T. ) ;
#9103 = ORIENTED_EDGE ( 'NONE', *, *, #6449, .F. ) ;
#9104 = CARTESIAN_POINT ( 'NONE',  ( 4.361834186902580512, -11.42719621166687283, 0.3937007874015748254 ) ) ;
#9105 = CIRCLE ( 'NONE', #2608, 0.1968503937007875793 ) ;
#9106 = ADVANCED_FACE ( 'NONE', ( #6917, #10526 ), #8570, .F. ) ;
#9107 = CARTESIAN_POINT ( 'NONE',  ( 5.179553741579351112, 9.055118110236220375, -7.165371565913558172 ) ) ;
#9108 = ORIENTED_EDGE ( 'NONE', *, *, #9301, .F. ) ;
#9109 = CIRCLE ( 'NONE', #6081, 0.08858267716535440928 ) ;
#9110 = ORIENTED_EDGE ( 'NONE', *, *, #10536, .F. ) ;
#9111 = FACE_OUTER_BOUND ( 'NONE', #780, .T. ) ;
#9112 = DIRECTION ( 'NONE',  ( -0.000000000000000000, -0.000000000000000000, 1.000000000000000000 ) ) ;
#9113 = ORIENTED_EDGE ( 'NONE', *, *, #2447, .T. ) ;
#9114 = VERTEX_POINT ( 'NONE', #7636 ) ;
#9115 = CYLINDRICAL_SURFACE ( 'NONE', #256, 0.3937007874015751030 ) ;
#9116 = DIRECTION ( 'NONE',  ( 0.000000000000000000, -1.000000000000000000, 0.000000000000000000 ) ) ;
#9117 = FACE_OUTER_BOUND ( 'NONE', #8936, .T. ) ;
#9118 = ADVANCED_FACE ( 'NONE', ( #3253 ), #5785, .F. ) ;
#9119 = CARTESIAN_POINT ( 'NONE',  ( -3.838582677165350177, 3.915065883440284278, 6.395228468411555234 ) ) ;
#9120 = CARTESIAN_POINT ( 'NONE',  ( 28.43126317995584884, 30.74889284742811313, 40.49498872769581936 ) ) ;
#9121 = ORIENTED_EDGE ( 'NONE', *, *, #7941, .T. ) ;
#9122 = EDGE_CURVE ( 'NONE', #1458, #8522, #1070, .T. ) ;
#9123 = ORIENTED_EDGE ( 'NONE', *, *, #6098, .T. ) ;
#9124 = CARTESIAN_POINT ( 'NONE',  ( -4.184668832571871278, -5.521684400643249724, 0.3937007874015748254 ) ) ;
#9125 = DIRECTION ( 'NONE',  ( 0.000000000000000000, 1.000000000000000000, 0.000000000000000000 ) ) ;
#9126 = SURFACE_SIDE_STYLE ('',( #8231 ) ) ;
#9127 = DIRECTION ( 'NONE',  ( -0.000000000000000000, -1.000000000000000000, -0.000000000000000000 ) ) ;
#9128 = DIRECTION ( 'NONE',  ( 0.000000000000000000, 0.000000000000000000, 1.000000000000000000 ) ) ;
#9129 = ORIENTED_EDGE ( 'NONE', *, *, #7465, .T. ) ;
#9130 = CARTESIAN_POINT ( 'NONE',  ( 0.000000000000000000, 0.000000000000000000, 0.7874015748031496509 ) ) ;
#9131 = ORIENTED_EDGE ( 'NONE', *, *, #4417, .F. ) ;
#9132 = DIRECTION ( 'NONE',  ( 0.000000000000000000, 0.000000000000000000, 1.000000000000000000 ) ) ;
#9133 = LINE ( 'NONE', #10788, #1807 ) ;
#9134 = EDGE_LOOP ( 'NONE', ( #5568, #2917, #6299, #4480 ) ) ;
#9135 = ADVANCED_FACE ( 'NONE', ( #1461 ), #2343, .F. ) ;
#9136 = ORIENTED_EDGE ( 'NONE', *, *, #1377, .F. ) ;
#9137 = PRODUCT_DEFINITION_SHAPE ( 'NONE', 'NONE',  #11795 ) ;
#9138 = DIRECTION ( 'NONE',  ( -1.000000000000000000, -0.000000000000000000, 1.966319083971647568E-16 ) ) ;
#9139 = ORIENTED_EDGE ( 'NONE', *, *, #1984, .F. ) ;
#9140 = DIRECTION ( 'NONE',  ( 0.5144957554275262357, -0.8574929257125443183, 0.000000000000000000 ) ) ;
#9141 = EDGE_LOOP ( 'NONE', ( #10781, #6634, #2251, #7155 ) ) ;
#9142 = DIRECTION ( 'NONE',  ( -0.000000000000000000, -0.000000000000000000, 1.000000000000000000 ) ) ;
#9143 = VERTEX_POINT ( 'NONE', #6023 ) ;
#9144 = DIRECTION ( 'NONE',  ( -1.000000000000000000, 0.000000000000000000, 0.000000000000000000 ) ) ;
#9145 = ORIENTED_EDGE ( 'NONE', *, *, #11046, .T. ) ;
#9146 = VECTOR ( 'NONE', #1249, 39.37007874015748143 ) ;
#9147 = EDGE_CURVE ( 'NONE', #1375, #8683, #4988, .T. ) ;
#9148 = VERTEX_POINT ( 'NONE', #6742 ) ;
#9149 = CARTESIAN_POINT ( 'NONE',  ( -2.464506571609101027, -2.698702213475664191, 0.3937007874015748254 ) ) ;
#9150 = CARTESIAN_POINT ( 'NONE',  ( 2.467341395385281633, 1.564929772585096579, 0.7874015748031496509 ) ) ;
#9152 = CARTESIAN_POINT ( 'NONE',  ( 4.392152166776199351, 7.874015748031496287, 8.233332301718865764 ) ) ;
#9151 = COLOUR_RGB ( '',0.7921568627450980005, 0.8196078431372548767, 0.9333333333333333481 ) ;
#9153 = CARTESIAN_POINT ( 'NONE',  ( 4.519676687187463848, -1.295201033765735366, 0.000000000000000000 ) ) ;
#9154 = ORIENTED_EDGE ( 'NONE', *, *, #8659, .T. ) ;
#9155 = DIRECTION ( 'NONE',  ( 0.000000000000000000, 0.000000000000000000, 1.000000000000000000 ) ) ;
#9156 = DIRECTION ( 'NONE',  ( -0.000000000000000000, -1.000000000000000000, -0.000000000000000000 ) ) ;
#9157 = CARTESIAN_POINT ( 'NONE',  ( 7.086614173228347191, -0.3937007874015748254, 0.5905511811023629321 ) ) ;
#9158 = CARTESIAN_POINT ( 'NONE',  ( 0.1968503937007873017, 0.8331594030294345865, 0.7874015748031496509 ) ) ;
#9159 = ORIENTED_EDGE ( 'NONE', *, *, #7849, .T. ) ;
#9160 = CARTESIAN_POINT ( 'NONE',  ( 5.089746505271465438, 0.8023445784962875971, 4.902477584695445145 ) ) ;
#9161 = ORIENTED_EDGE ( 'NONE', *, *, #6342, .T. ) ;
#9162 = VECTOR ( 'NONE', #7860, 39.37007874015748143 ) ;
#9163 = EDGE_CURVE ( 'NONE', #10465, #6726, #1774, .T. ) ;
#9164 = EDGE_CURVE ( 'NONE', #9892, #11137, #10472, .T. ) ;
#9165 = DIRECTION ( 'NONE',  ( -0.000000000000000000, -0.000000000000000000, 1.000000000000000000 ) ) ;
#9166 = ORIENTED_EDGE ( 'NONE', *, *, #1860, .F. ) ;
#9167 = ADVANCED_FACE ( 'NONE', ( #11242 ), #4152, .F. ) ;
#9168 = ORIENTED_EDGE ( 'NONE', *, *, #905, .F. ) ;
#9169 = DIRECTION ( 'NONE',  ( 0.000000000000000000, 0.000000000000000000, -1.000000000000000000 ) ) ;
#9170 = DIRECTION ( 'NONE',  ( 0.000000000000000000, 0.000000000000000000, -1.000000000000000000 ) ) ;
#9171 = EDGE_LOOP ( 'NONE', ( #8645, #6967, #8849, #4253, #3055, #11220, #3496, #9515 ) ) ;
#9172 = VECTOR ( 'NONE', #4039, 39.37007874015748143 ) ;
#9173 = ORIENTED_EDGE ( 'NONE', *, *, #7592, .F. ) ;
#9174 = DIRECTION ( 'NONE',  ( 0.000000000000000000, 1.000000000000000000, -0.000000000000000000 ) ) ;
#9175 = EDGE_CURVE ( 'NONE', #3523, #4770, #2352, .T. ) ;
#9176 = CARTESIAN_POINT ( 'NONE',  ( -3.299501261425538789, -6.505936369147188536, 0.7874015748031496509 ) ) ;
#9177 = EDGE_CURVE ( 'NONE', #8496, #3981, #3892, .T. ) ;
#9178 = AXIS2_PLACEMENT_3D ( 'NONE', #2860, #8542, #11025 ) ;
#9179 = FACE_OUTER_BOUND ( 'NONE', #9368, .T. ) ;
#9180 = CONTEXT_DEPENDENT_SHAPE_REPRESENTATION ( #7250, #2937 ) ;
#9181 = VERTEX_POINT ( 'NONE', #9403 ) ;
#9182 = ORIENTED_EDGE ( 'NONE', *, *, #2219, .T. ) ;
#9183 = DIRECTION ( 'NONE',  ( -1.000000000000000000, 0.000000000000000000, 0.000000000000000000 ) ) ;
#9184 = CYLINDRICAL_SURFACE ( 'NONE', #2008, 1.181102362204725420 ) ;
#9185 = CARTESIAN_POINT ( 'NONE',  ( 5.905511811023623103, -0.3937007874015748254, 0.5905511811023624880 ) ) ;
#9186 = AXIS2_PLACEMENT_3D ( 'NONE', #3576, #3398, #5424 ) ;
#9187 = EDGE_CURVE ( 'NONE', #6653, #5409, #4874, .T. ) ;
#9188 = DIRECTION ( 'NONE',  ( 1.000000000000000000, 0.000000000000000000, 0.000000000000000000 ) ) ;
#9189 = ORIENTED_EDGE ( 'NONE', *, *, #5425, .F. ) ;
#9190 = EDGE_CURVE ( 'NONE', #5835, #6964, #1389, .T. ) ;
#9191 = CARTESIAN_POINT ( 'NONE',  ( -3.693202048827115558, -2.568928495131439060, 0.3937007874015748254 ) ) ;
#9192 = VERTEX_POINT ( 'NONE', #7808 ) ;
#9193 = DIRECTION ( 'NONE',  ( 0.000000000000000000, 0.000000000000000000, -1.000000000000000000 ) ) ;
#9194 = CARTESIAN_POINT ( 'NONE',  ( 3.653534954903999488, 0.01986406393673360166, 0.000000000000000000 ) ) ;
#9195 = ORIENTED_EDGE ( 'NONE', *, *, #2074, .F. ) ;
#9196 = ORIENTED_EDGE ( 'NONE', *, *, #196, .F. ) ;
#9197 = DIRECTION ( 'NONE',  ( -0.000000000000000000, -0.000000000000000000, -1.000000000000000000 ) ) ;
#9198 = VERTEX_POINT ( 'NONE', #5119 ) ;
#9199 = CARTESIAN_POINT ( 'NONE',  ( 2.952755905511811108, 3.336583315892183155, 0.3937007874015748254 ) ) ;
#9200 = LINE ( 'NONE', #2024, #10308 ) ;
#9201 = CARTESIAN_POINT ( 'NONE',  ( 0.006488179178569830098, 3.915065883440284278, 6.889763779527559251 ) ) ;
#9202 = ORIENTED_EDGE ( 'NONE', *, *, #9225, .T. ) ;
#9203 = EDGE_CURVE ( 'NONE', #3080, #931, #9468, .T. ) ;
#9204 = CARTESIAN_POINT ( 'NONE',  ( -3.560428057591566997, -12.24313273809901048, 0.3937007874015748254 ) ) ;
#9205 = ORIENTED_EDGE ( 'NONE', *, *, #6498, .T. ) ;
#9206 = DIRECTION ( 'NONE',  ( 0.000000000000000000, 0.000000000000000000, 1.000000000000000000 ) ) ;
#9207 = DIRECTION ( 'NONE',  ( -1.000000000000000000, 0.000000000000000000, 0.000000000000000000 ) ) ;
#9208 = CARTESIAN_POINT ( 'NONE',  ( -2.703458040287970654, 3.149606299212599492, 7.086614173228346303 ) ) ;
#9209 = DIRECTION ( 'NONE',  ( 4.857225732735059864E-15, 0.000000000000000000, -1.000000000000000000 ) ) ;
#9210 = ORIENTED_EDGE ( 'NONE', *, *, #3695, .T. ) ;
#9211 = FACE_OUTER_BOUND ( 'NONE', #5134, .T. ) ;
#9212 = DIRECTION ( 'NONE',  ( 0.000000000000000000, 1.000000000000000000, 0.000000000000000000 ) ) ;
#9213 = DIRECTION ( 'NONE',  ( 3.469446951953614189E-17, -1.000000000000000000, 0.000000000000000000 ) ) ;
#9214 = VERTEX_POINT ( 'NONE', #11299 ) ;
#9215 = DIRECTION ( 'NONE',  ( 1.000000000000000000, 0.000000000000000000, -0.000000000000000000 ) ) ;
#9216 = VERTEX_POINT ( 'NONE', #5047 ) ;
#9217 = AXIS2_PLACEMENT_3D ( 'NONE', #1928, #8988, #5595 ) ;
#9218 = FACE_OUTER_BOUND ( 'NONE', #2700, .T. ) ;
#9219 = ORIENTED_EDGE ( 'NONE', *, *, #918, .F. ) ;
#9220 = VECTOR ( 'NONE', #7974, 39.37007874015748143 ) ;
#9221 = ORIENTED_EDGE ( 'NONE', *, *, #8576, .T. ) ;
#9222 = FACE_OUTER_BOUND ( 'NONE', #4574, .T. ) ;
#9223 = CARTESIAN_POINT ( 'NONE',  ( 0.1968503937007873017, 0.8331594030294345865, 0.7874015748031496509 ) ) ;
#9224 = FACE_BOUND ( 'NONE', #2011, .T. ) ;
#9225 = EDGE_CURVE ( 'NONE', #11640, #5998, #497, .T. ) ;
#9226 = CARTESIAN_POINT ( 'NONE',  ( -5.076592480209113134, 0.7107794234221850305, 4.948827985737014323 ) ) ;
#9227 = DIRECTION ( 'NONE',  ( -1.000000000000000000, 0.000000000000000000, 0.000000000000000000 ) ) ;
#9228 = VECTOR ( 'NONE', #7324, 39.37007874015748143 ) ;
#9229 = ADVANCED_FACE ( 'NONE', ( #3376 ), #7916, .T. ) ;
#9230 = AXIS2_PLACEMENT_3D ( 'NONE', #6769, #1428, #5884 ) ;
#9231 = LINE ( 'NONE', #2775, #3164 ) ;
#9232 = VERTEX_POINT ( 'NONE', #7205 ) ;
#9233 = EDGE_CURVE ( 'NONE', #46, #9975, #777, .T. ) ;
#9234 = AXIS2_PLACEMENT_3D ( 'NONE', #8569, #7861, #9746 ) ;
#9235 = EDGE_LOOP ( 'NONE', ( #11190, #2077, #433, #11252 ) ) ;
#9236 = DIRECTION ( 'NONE',  ( 0.000000000000000000, 0.000000000000000000, 1.000000000000000000 ) ) ;
#9237 = DIRECTION ( 'NONE',  ( -2.891205793294678326E-16, -1.000000000000000000, 0.000000000000000000 ) ) ;
#9238 = EDGE_CURVE ( 'NONE', #10560, #2654, #1622, .T. ) ;
#9239 = DIRECTION ( 'NONE',  ( 0.000000000000000000, -0.000000000000000000, 1.000000000000000000 ) ) ;
#9240 = DIRECTION ( 'NONE',  ( 0.000000000000000000, 0.000000000000000000, 1.000000000000000000 ) ) ;
#9241 = CARTESIAN_POINT ( 'NONE',  ( -0.4709337523242653201, 9.448818897637794478, -0.04859674123851779465 ) ) ;
#9242 = ORIENTED_EDGE ( 'NONE', *, *, #8444, .F. ) ;
#9243 = CIRCLE ( 'NONE', #5839, 1.181102362204723200 ) ;
#9244 = AXIS2_PLACEMENT_3D ( 'NONE', #8738, #5025, #411 ) ;
#9245 = CARTESIAN_POINT ( 'NONE',  ( -3.740157480314960647, 1.683040008805569476, 0.3937007874015748254 ) ) ;
#9246 = AXIS2_PLACEMENT_3D ( 'NONE', #2717, #9236, #3808 ) ;
#9247 = ORIENTED_EDGE ( 'NONE', *, *, #3648, .F. ) ;
#9248 = ORIENTED_EDGE ( 'NONE', *, *, #5062, .F. ) ;
#9249 = CARTESIAN_POINT ( 'NONE',  ( 2.778641590709042930, 3.937007874015748143, -6.692913385826774864 ) ) ;
#9250 = DIRECTION ( 'NONE',  ( 1.000000000000000000, 0.000000000000000000, 0.000000000000000000 ) ) ;
#9251 = ORIENTED_EDGE ( 'NONE', *, *, #5803, .F. ) ;
#9252 = VECTOR ( 'NONE', #6867, 39.37007874015748143 ) ;
#9253 = EDGE_CURVE ( 'NONE', #3294, #4826, #7029, .T. ) ;
#9254 = VERTEX_POINT ( 'NONE', #3552 ) ;
#9255 = DIRECTION ( 'NONE',  ( 0.000000000000000000, -0.000000000000000000, 1.000000000000000000 ) ) ;
#9256 = PRESENTATION_LAYER_ASSIGNMENT (  '', '', ( #5452 ) ) ;
#9257 = VERTEX_POINT ( 'NONE', #2510 ) ;
#9258 = EDGE_CURVE ( 'NONE', #11733, #4399, #6186, .T. ) ;
#9259 = VECTOR ( 'NONE', #8249, 39.37007874015748143 ) ;
#9260 = DIRECTION ( 'NONE',  ( -1.000000000000000000, 0.000000000000000000, 0.000000000000000000 ) ) ;
#9261 = ORIENTED_EDGE ( 'NONE', *, *, #5031, .T. ) ;
#9262 = EDGE_CURVE ( 'NONE', #7140, #1230, #5343, .T. ) ;
#9263 = DIRECTION ( 'NONE',  ( 1.000000000000000000, 0.000000000000000000, 0.000000000000000000 ) ) ;
#9264 = CARTESIAN_POINT ( 'NONE',  ( 2.778641590709046483, 3.937007874015748143, 7.972440944881887148 ) ) ;
#9265 = ORIENTED_EDGE ( 'NONE', *, *, #6324, .F. ) ;
#9266 = VECTOR ( 'NONE', #2321, 39.37007874015748143 ) ;
#9267 = LINE ( 'NONE', #9204, #1602 ) ;
#9268 = AXIS2_PLACEMENT_3D ( 'NONE', #9480, #3326, #6987 ) ;
#9269 = VECTOR ( 'NONE', #8004, 39.37007874015748143 ) ;
#9270 = CARTESIAN_POINT ( 'NONE',  ( -3.192102363848783320, 3.937007874015748143, -7.897707860576850258 ) ) ;
#9271 = ADVANCED_FACE ( 'NONE', ( #6139, #5287 ), #5173, .T. ) ;
#9272 = LINE ( 'NONE', #9150, #1985 ) ;
#9273 = CIRCLE ( 'NONE', #1049, 1.181102362204725420 ) ;
#9274 = CARTESIAN_POINT ( 'NONE',  ( 3.560428057591566997, -12.24313273809901048, 0.3937007874015748254 ) ) ;
#9275 = LINE ( 'NONE', #4733, #8682 ) ;
#9276 = ORIENTED_EDGE ( 'NONE', *, *, #11622, .F. ) ;
#9277 = ADVANCED_FACE ( 'NONE', ( #2640 ), #2581, .F. ) ;
#9278 = DIRECTION ( 'NONE',  ( -0.9367259886217349507, 0.000000000000000000, -0.3500634545916402884 ) ) ;
#9279 = CARTESIAN_POINT ( 'NONE',  ( -4.273251509737226783, -11.42719621166687105, 0.000000000000000000 ) ) ;
#9280 = CARTESIAN_POINT ( 'NONE',  ( -0.5905511811023601565, 0.000000000000000000, -7.874015748031495399 ) ) ;
#9281 = CARTESIAN_POINT ( 'NONE',  ( -4.985320476270190149, 9.448818897637794478, -7.559072353315134052 ) ) ;
#9282 = VECTOR ( 'NONE', #592, 39.37007874015748143 ) ;
#9283 = VECTOR ( 'NONE', #1891, 39.37007874015748143 ) ;
#9284 = ORIENTED_EDGE ( 'NONE', *, *, #1893, .T. ) ;
#9285 = DIRECTION ( 'NONE',  ( -1.000000000000000000, 0.000000000000000000, 0.000000000000000000 ) ) ;
#9286 = ORIENTED_EDGE ( 'NONE', *, *, #3611, .F. ) ;
#9287 = VECTOR ( 'NONE', #10870, 39.37007874015748143 ) ;
#9288 = VECTOR ( 'NONE', #2086, 39.37007874015748143 ) ;
#9289 = AXIS2_PLACEMENT_3D ( 'NONE', #8397, #199, #3073 ) ;
#9290 = LINE ( 'NONE', #962, #5809 ) ;
#9291 = VERTEX_POINT ( 'NONE', #9748 ) ;
#9292 = ORIENTED_EDGE ( 'NONE', *, *, #10612, .T. ) ;
#9293 = ADVANCED_FACE ( 'NONE', ( #9859 ), #10592, .F. ) ;
#9294 = PLANE ( 'NONE',  #7500 ) ;
#9295 = CIRCLE ( 'NONE', #9660, 0.08858267716535496439 ) ;
#9296 = DIRECTION ( 'NONE',  ( -0.000000000000000000, -1.000000000000000000, -0.000000000000000000 ) ) ;
#9297 = DIRECTION ( 'NONE',  ( 0.000000000000000000, 0.000000000000000000, -1.000000000000000000 ) ) ;
#9298 = LINE ( 'NONE', #11297, #4088 ) ;
#9299 = CARTESIAN_POINT ( 'NONE',  ( 3.838582677165357726, 3.937007874015748143, 6.395228468411551681 ) ) ;
#9300 =( GEOMETRIC_REPRESENTATION_CONTEXT ( 3 ) GLOBAL_UNCERTAINTY_ASSIGNED_CONTEXT ( ( #10412 ) ) GLOBAL_UNIT_ASSIGNED_CONTEXT ( ( #1584, #11281, #9768 ) ) REPRESENTATION_CONTEXT ( 'NONE', 'WORKASPACE' ) );
#9301 = EDGE_CURVE ( 'NONE', #4833, #4248, #550, .T. ) ;
#9302 = DIRECTION ( 'NONE',  ( -1.000000000000000000, -0.000000000000000000, -0.000000000000000000 ) ) ;
#9303 = ORIENTED_EDGE ( 'NONE', *, *, #1072, .T. ) ;
#9304 = EDGE_LOOP ( 'NONE', ( #10437, #4478, #2631, #9076 ) ) ;
#9305 = LINE ( 'NONE', #1333, #639 ) ;
#9306 = DIRECTION ( 'NONE',  ( -1.000000000000000000, 0.000000000000000000, 0.000000000000000000 ) ) ;
#9307 = FACE_OUTER_BOUND ( 'NONE', #8609, .T. ) ;
#9308 = CARTESIAN_POINT ( 'NONE',  ( -4.923310919208258696, -6.505936369147188536, 0.000000000000000000 ) ) ;
#9309 = ORIENTED_EDGE ( 'NONE', *, *, #7610, .F. ) ;
#9310 = DIRECTION ( 'NONE',  ( -0.000000000000000000, 1.000000000000000000, -0.000000000000000000 ) ) ;
#9311 = EDGE_LOOP ( 'NONE', ( #2344, #2425, #75, #6852, #3329, #9182 ) ) ;
#9312 = EDGE_CURVE ( 'NONE', #4989, #8745, #11469, .T. ) ;
#9313 = ORIENTED_EDGE ( 'NONE', *, *, #3413, .F. ) ;
#9314 = DIRECTION ( 'NONE',  ( 0.000000000000000000, -1.000000000000000000, 0.000000000000000000 ) ) ;
#9315 = VERTEX_POINT ( 'NONE', #1676 ) ;
#9316 = ORIENTED_EDGE ( 'NONE', *, *, #8655, .T. ) ;
#9317 = EDGE_CURVE ( 'NONE', #5794, #620, #8866, .T. ) ;
#9318 = CARTESIAN_POINT ( 'NONE',  ( 2.952755905511811108, 2.155480953687459067, 0.3937007874015748254 ) ) ;
#9319 = ORIENTED_EDGE ( 'NONE', *, *, #10342, .F. ) ;
#9320 = CARTESIAN_POINT ( 'NONE',  ( -3.560428057591566997, 3.168267873820385105, 0.3937007874015748254 ) ) ;
#9321 = EDGE_LOOP ( 'NONE', ( #7213, #3807, #4091, #3987 ) ) ;
#9322 = PLANE ( 'NONE',  #7665 ) ;
#9323 = LINE ( 'NONE', #10203, #1234 ) ;
#9324 = EDGE_LOOP ( 'NONE', ( #11092, #1879 ) ) ;
#9325 = EDGE_CURVE ( 'NONE', #5890, #11565, #2930, .T. ) ;
#9326 = DIRECTION ( 'NONE',  ( -0.000000000000000000, -0.000000000000000000, 1.000000000000000000 ) ) ;
#9327 = ORIENTED_EDGE ( 'NONE', *, *, #8874, .T. ) ;
#9328 = EDGE_CURVE ( 'NONE', #9682, #6461, #7977, .T. ) ;
#9329 = CYLINDRICAL_SURFACE ( 'NONE', #7193, 0.08858267716535440928 ) ;
#9330 = FACE_BOUND ( 'NONE', #319, .T. ) ;
#9331 = DIRECTION ( 'NONE',  ( 9.358901870209372206E-17, 0.000000000000000000, 1.000000000000000000 ) ) ;
#9332 = CARTESIAN_POINT ( 'NONE',  ( -2.952755905511811108, -11.23034581796608578, 0.3937007874015748254 ) ) ;
#9333 = ORIENTED_EDGE ( 'NONE', *, *, #377, .F. ) ;
#9334 = DIRECTION ( 'NONE',  ( -0.000000000000000000, -0.000000000000000000, 1.000000000000000000 ) ) ;
#9335 =( NAMED_UNIT ( * ) SI_UNIT ( $, .STERADIAN. ) SOLID_ANGLE_UNIT ( ) );
#9336 = DIRECTION ( 'NONE',  ( 1.966319083971647814E-16, -0.000000000000000000, 1.000000000000000000 ) ) ;
#9337 = CARTESIAN_POINT ( 'NONE',  ( 4.273251509737228560, -5.521684400643250612, 0.000000000000000000 ) ) ;
#9338 = EDGE_LOOP ( 'NONE', ( #1661, #8643 ) ) ;
#9339 = DIRECTION ( 'NONE',  ( -7.862016376373061085E-15, 0.000000000000000000, -1.000000000000000000 ) ) ;
#9340 = ORIENTED_EDGE ( 'NONE', *, *, #11380, .F. ) ;
#9341 = ADVANCED_FACE ( 'NONE', ( #1511 ), #8985, .T. ) ;
#9342 = ADVANCED_FACE ( 'NONE', ( #4266 ), #10995, .T. ) ;
#9343 = DIRECTION ( 'NONE',  ( 0.000000000000000000, -1.000000000000000000, 0.000000000000000000 ) ) ;
#9344 = AXIS2_PLACEMENT_3D ( 'NONE', #11162, #2931, #10272 ) ;
#9345 = CARTESIAN_POINT ( 'NONE',  ( 0.5905511811023620439, -12.41144818017081342, 0.000000000000000000 ) ) ;
#9346 = ORIENTED_EDGE ( 'NONE', *, *, #11480, .F. ) ;
#9347 = ORIENTED_EDGE ( 'NONE', *, *, #10561, .F. ) ;
#9348 = DIRECTION ( 'NONE',  ( -0.000000000000000000, -1.000000000000000000, -0.000000000000000000 ) ) ;
#9349 = CARTESIAN_POINT ( 'NONE',  ( 2.778641590709047371, 3.937007874015748143, 6.692913385826770423 ) ) ;
#9350 = CARTESIAN_POINT ( 'NONE',  ( -4.322826293486675908, 0.008763934312793467477, 0.000000000000000000 ) ) ;
#9351 = CARTESIAN_POINT ( 'NONE',  ( 4.921259842519685179, -10.75790487308419685, 0.000000000000000000 ) ) ;
#9352 = VECTOR ( 'NONE', #1118, 39.37007874015748143 ) ;
#9353 = EDGE_CURVE ( 'NONE', #975, #9216, #5655, .T. ) ;
#9354 = CARTESIAN_POINT ( 'NONE',  ( -5.905511811023685276, 0.000000000000000000, 5.118110236220464238 ) ) ;
#9355 = ITEM_DEFINED_TRANSFORMATION ( 'NONE', 'NONE', #9998,  #7171 ) ;
#9356 = ORIENTED_EDGE ( 'NONE', *, *, #6247, .T. ) ;
#9357 = AXIS2_PLACEMENT_3D ( 'NONE', #1030, #9116, #971 ) ;
#9358 = EDGE_LOOP ( 'NONE', ( #8178, #6396, #1868, #1315, #3011, #346, #3209, #3383 ) ) ;
#9359 = DIRECTION ( 'NONE',  ( 0.000000000000000000, -0.000000000000000000, 1.000000000000000000 ) ) ;
#9360 = DIRECTION ( 'NONE',  ( 1.000000000000000000, 0.000000000000000000, 0.000000000000000000 ) ) ;
#9361 = CARTESIAN_POINT ( 'NONE',  ( 3.693202048827114670, -2.568928495131438172, 0.000000000000000000 ) ) ;
#9362 = FACE_OUTER_BOUND ( 'NONE', #1147, .T. ) ;
#9363 = ORIENTED_EDGE ( 'NONE', *, *, #8220, .F. ) ;
#9364 = DIRECTION ( 'NONE',  ( -1.000000000000000000, 0.000000000000000000, 0.000000000000000000 ) ) ;
#9365 = DIRECTION ( 'NONE',  ( -1.387778780781447155E-16, -1.000000000000000000, 0.000000000000000000 ) ) ;
#9366 = LENGTH_MEASURE_WITH_UNIT ( LENGTH_MEASURE( 0.02539999999999999897 ), #6650 );
#9367 = ORIENTED_EDGE ( 'NONE', *, *, #7489, .F. ) ;
#9368 = EDGE_LOOP ( 'NONE', ( #1294, #10527, #3821, #10322 ) ) ;
#9369 = VECTOR ( 'NONE', #1841, 39.37007874015748143 ) ;
#9370 = FACE_OUTER_BOUND ( 'NONE', #10808, .T. ) ;
#9371 = CARTESIAN_POINT ( 'NONE',  ( 2.464506571609102803, -2.698702213475663303, 0.7874015748031496509 ) ) ;
#9372 = ORIENTED_EDGE ( 'NONE', *, *, #2299, .F. ) ;
#9373 = CARTESIAN_POINT ( 'NONE',  ( 3.299501261425539234, -6.505936369147188536, 1.968503937007874072 ) ) ;
#9374 = EDGE_CURVE ( 'NONE', #4785, #332, #4078, .T. ) ;
#9375 = CARTESIAN_POINT ( 'NONE',  ( -3.299501261425538789, -6.899637156548763528, 0.7874015748031496509 ) ) ;
#9376 = ORIENTED_EDGE ( 'NONE', *, *, #6624, .F. ) ;
#9377 = DIRECTION ( 'NONE',  ( 0.000000000000000000, 1.000000000000000000, -0.000000000000000000 ) ) ;
#9378 = CARTESIAN_POINT ( 'NONE',  ( -2.467341395385281633, -10.63979463686372284, 0.7874015748031496509 ) ) ;
#9379 = FACE_OUTER_BOUND ( 'NONE', #5193, .T. ) ;
#9380 = CARTESIAN_POINT ( 'NONE',  ( -5.905511811023670177, 0.000000000000000000, 1.968503937007865634 ) ) ;
#9381 = DIRECTION ( 'NONE',  ( 0.000000000000000000, 0.000000000000000000, 1.000000000000000000 ) ) ;
#9382 = EDGE_CURVE ( 'NONE', #308, #533, #9290, .T. ) ;
#9383 = ORIENTED_EDGE ( 'NONE', *, *, #6053, .T. ) ;
#9384 = LINE ( 'NONE', #10149, #169 ) ;
#9385 = LINE ( 'NONE', #4850, #5882 ) ;
#9386 = DIRECTION ( 'NONE',  ( 0.000000000000000000, 0.000000000000000000, 1.000000000000000000 ) ) ;
#9387 = AXIS2_PLACEMENT_3D ( 'NONE', #2467, #1567, #6921 ) ;
#9388 = EDGE_CURVE ( 'NONE', #2623, #9148, #4505, .T. ) ;
#9389 = CARTESIAN_POINT ( 'NONE',  ( -3.299501261425538789, -10.44294424316293224, 0.7874015748031496509 ) ) ;
#9390 = VERTEX_POINT ( 'NONE', #1089 ) ;
#9391 = EDGE_CURVE ( 'NONE', #11081, #1001, #2825, .T. ) ;
#9392 = DIRECTION ( 'NONE',  ( 0.000000000000000000, 0.000000000000000000, 1.000000000000000000 ) ) ;
#9393 = CARTESIAN_POINT ( 'NONE',  ( 4.370956789862821150E-15, 0.000000000000000000, 6.889763779527557475 ) ) ;
#9394 = ORIENTED_EDGE ( 'NONE', *, *, #983, .F. ) ;
#9395 = ADVANCED_FACE ( 'NONE', ( #9218 ), #6438, .F. ) ;
#9396 = VERTEX_POINT ( 'NONE', #1021 ) ;
#9397 = DIRECTION ( 'NONE',  ( 1.000000000000000000, 0.000000000000000000, -0.000000000000000000 ) ) ;
#9398 = CARTESIAN_POINT ( 'NONE',  ( -4.921259842519685179, 1.368079378884309083, 0.3937007874015748254 ) ) ;
#9399 = CLOSED_SHELL ( 'NONE', ( #122, #7988, #7887, #3682, #6557, #6823, #3538, #4043, #7605, #8746, #4888, #2953, #5718, #1259, #5295, #5793, #9341, #2786, #3980, #3485, #10906, #690, #11612, #7208, #5385, #442, #11150, #11490, #3509, #10060, #3549, #7863, #4422, #9342, #10019, #135, #9106, #3236, #11787, #76, #5850, #5449, #1791, #8811, #10698, #10547, #11671, #9277, #4743, #7993, #11507, #387, #11685, #5451, #2110, #10676, #1692, #11183, #11112, #9167, #6301, #9879, #1120, #1018, #166, #10953, #6288, #1792, #3929 ) ) ;
#9400 = CARTESIAN_POINT ( 'NONE',  ( -5.905511811023623103, 3.937007874015748143, -5.965761340813562796 ) ) ;
#9401 = EDGE_CURVE ( 'NONE', #10760, #514, #9041, .T. ) ;
#9402 = CARTESIAN_POINT ( 'NONE',  ( -4.184668832571872166, 2.352331347388246119, 0.000000000000000000 ) ) ;
#9403 = CARTESIAN_POINT ( 'NONE',  ( -2.073640607983706641, 3.336583315892183155, 0.7874015748031496509 ) ) ;
#9404 = PRODUCT_CONTEXT ( 'NONE', #9597, 'mechanical' ) ;
#9405 = ORIENTED_EDGE ( 'NONE', *, *, #4809, .T. ) ;
#9406 = VERTEX_POINT ( 'NONE', #2942 ) ;
#9407 = DIRECTION ( 'NONE',  ( -0.000000000000000000, 1.000000000000000000, -0.000000000000000000 ) ) ;
#9408 = CARTESIAN_POINT ( 'NONE',  ( 3.192102363848781987, 3.915065883440284278, -7.897707860576852035 ) ) ;
#9409 = EDGE_CURVE ( 'NONE', #3265, #1054, #11763, .T. ) ;
#9410 = AXIS2_PLACEMENT_3D ( 'NONE', #6547, #10102, #3849 ) ;
#9411 = CARTESIAN_POINT ( 'NONE',  ( 0.5905511811023621549, 4.517685678096908575, 0.3937007874015748254 ) ) ;
#9412 = DIRECTION ( 'NONE',  ( -0.000000000000000000, -0.000000000000000000, 1.000000000000000000 ) ) ;
#9413 = ORIENTED_EDGE ( 'NONE', *, *, #5906, .F. ) ;
#9414 = LINE ( 'NONE', #10065, #11528 ) ;
#9415 = VERTEX_POINT ( 'NONE', #3793 ) ;
#9416 = AXIS2_PLACEMENT_3D ( 'NONE', #613, #6981, #10699 ) ;
#9417 = DIRECTION ( 'NONE',  ( 0.000000000000000000, 0.000000000000000000, 1.000000000000000000 ) ) ;
#9418 = DIRECTION ( 'NONE',  ( -0.000000000000000000, -0.000000000000000000, -1.000000000000000000 ) ) ;
#9419 = ORIENTED_EDGE ( 'NONE', *, *, #5192, .T. ) ;
#9420 = ORIENTED_EDGE ( 'NONE', *, *, #4368, .T. ) ;
#9421 = CARTESIAN_POINT ( 'NONE',  ( 3.192102363848781987, 3.937007874015748143, -7.897707860576852035 ) ) ;
#9422 = EDGE_CURVE ( 'NONE', #8301, #4829, #7264, .T. ) ;
#9423 = CARTESIAN_POINT ( 'NONE',  ( 3.346456692913387876, 3.937007874015748143, 6.420488492166129824 ) ) ;
#9424 = ORIENTED_EDGE ( 'NONE', *, *, #5306, .T. ) ;
#9425 = LINE ( 'NONE', #5632, #3650 ) ;
#9426 = LINE ( 'NONE', #1178, #2378 ) ;
#9427 = VECTOR ( 'NONE', #10466, 39.37007874015748143 ) ;
#9428 = VERTEX_POINT ( 'NONE', #2702 ) ;
#9429 = VECTOR ( 'NONE', #11626, 39.37007874015748143 ) ;
#9430 = CARTESIAN_POINT ( 'NONE',  ( 3.192102363848777102, 3.937007874015748143, -7.799282663726460285 ) ) ;
#9431 = ORIENTED_EDGE ( 'NONE', *, *, #6038, .T. ) ;
#9432 = DIRECTION ( 'NONE',  ( 0.000000000000000000, 0.000000000000000000, 1.000000000000000000 ) ) ;
#9433 = EDGE_CURVE ( 'NONE', #4667, #1241, #6615, .T. ) ;
#9434 = AXIS2_PLACEMENT_3D ( 'NONE', #8616, #8447, #243 ) ;
#9435 = CIRCLE ( 'NONE', #6213, 1.181102362204725420 ) ;
#9436 = DIRECTION ( 'NONE',  ( 1.000000000000000000, -0.000000000000000000, -0.000000000000000000 ) ) ;
#9437 = DIRECTION ( 'NONE',  ( -0.000000000000000000, -0.000000000000000000, -1.000000000000000000 ) ) ;
#9438 = LINE ( 'NONE', #4011, #9266 ) ;
#9439 = EDGE_LOOP ( 'NONE', ( #932, #6862, #9627, #1674 ) ) ;
#9440 = DIRECTION ( 'NONE',  ( -1.000000000000000000, 0.000000000000000000, 0.000000000000000000 ) ) ;
#9441 = EDGE_LOOP ( 'NONE', ( #395, #7270, #3148, #5020 ) ) ;
#9442 = CYLINDRICAL_SURFACE ( 'NONE', #6835, 0.08858267716535496439 ) ;
#9443 = VECTOR ( 'NONE', #1133, 39.37007874015748143 ) ;
#9444 = DIRECTION ( 'NONE',  ( 1.000000000000000000, 0.000000000000000000, 0.000000000000000000 ) ) ;
#9445 = VERTEX_POINT ( 'NONE', #11044 ) ;
#9446 = DIRECTION ( 'NONE',  ( 0.000000000000000000, 0.000000000000000000, -1.000000000000000000 ) ) ;
#9447 = ORIENTED_EDGE ( 'NONE', *, *, #8054, .T. ) ;
#9448 = AXIS2_PLACEMENT_3D ( 'NONE', #8943, #11717, #9872 ) ;
#9449 = MECHANICAL_DESIGN_GEOMETRIC_PRESENTATION_REPRESENTATION (  '', ( #5452 ), #4482 ) ;
#9450 = VECTOR ( 'NONE', #7889, 39.37007874015748143 ) ;
#9451 = LINE ( 'NONE', #2101, #6436 ) ;
#9452 = CIRCLE ( 'NONE', #5853, 0.08858267716535440928 ) ;
#9453 = EDGE_CURVE ( 'NONE', #2999, #9254, #2882, .T. ) ;
#9454 = CARTESIAN_POINT ( 'NONE',  ( -0.3937007874015751585, -13.00199936127317279, 0.3937007874015748810 ) ) ;
#9455 = ORIENTED_EDGE ( 'NONE', *, *, #11380, .T. ) ;
#9456 = VECTOR ( 'NONE', #1826, 39.37007874015748143 ) ;
#9457 = AXIS2_PLACEMENT_3D ( 'NONE', #7162, #2485, #6274 ) ;
#9458 = ORIENTED_EDGE ( 'NONE', *, *, #2205, .T. ) ;
#9459 = LINE ( 'NONE', #3796, #9569 ) ;
#9460 = CARTESIAN_POINT ( 'NONE',  ( 5.905511811023623103, -0.3937007874015748254, -0.5905511811023639313 ) ) ;
#9461 = ORIENTED_EDGE ( 'NONE', *, *, #7018, .F. ) ;
#9462 = ORIENTED_EDGE ( 'NONE', *, *, #2774, .F. ) ;
#9463 = DIRECTION ( 'NONE',  ( -0.000000000000000000, -0.000000000000000000, 1.000000000000000000 ) ) ;
#9464 = AXIS2_PLACEMENT_3D ( 'NONE', #11475, #11538, #9702 ) ;
#9465 = EDGE_LOOP ( 'NONE', ( #3979, #652 ) ) ;
#9466 = EDGE_CURVE ( 'NONE', #710, #6563, #1396, .T. ) ;
#9467 = VECTOR ( 'NONE', #683, 39.37007874015748143 ) ;
#9468 = LINE ( 'NONE', #368, #2157 ) ;
#9469 = EDGE_LOOP ( 'NONE', ( #5301, #1395, #3791, #1168 ) ) ;
#9470 = AXIS2_PLACEMENT_3D ( 'NONE', #9045, #1867, #9170 ) ;
#9471 = ORIENTED_EDGE ( 'NONE', *, *, #1984, .T. ) ;
#9472 = CARTESIAN_POINT ( 'NONE',  ( 0.006488179178569830098, 3.915065883440284278, 6.889763779527559251 ) ) ;
#9473 = DIRECTION ( 'NONE',  ( -0.000000000000000000, 0.000000000000000000, 1.000000000000000000 ) ) ;
#9474 = VECTOR ( 'NONE', #58, 39.37007874015748143 ) ;
#9475 = CARTESIAN_POINT ( 'NONE',  ( 4.923310919208261360, -2.568928495131438172, 0.3937007874015748254 ) ) ;
#9476 = LINE ( 'NONE', #560, #9172 ) ;
#9477 = EDGE_LOOP ( 'NONE', ( #567, #1340, #10402, #1485 ) ) ;
#9478 = VECTOR ( 'NONE', #4351, 39.37007874015748143 ) ;
#9479 = EDGE_CURVE ( 'NONE', #4499, #4153, #8470, .T. ) ;
#9480 = CARTESIAN_POINT ( 'NONE',  ( 4.392152166776199351, 9.055118110236220375, 8.233332301718865764 ) ) ;
#9481 = ORIENTED_EDGE ( 'NONE', *, *, #1672, .F. ) ;
#9482 = EDGE_CURVE ( 'NONE', #9873, #562, #2045, .T. ) ;
#9483 = CARTESIAN_POINT ( 'NONE',  ( 0.1968503937007874127, -2.119596502482376632, 0.3937007874015748254 ) ) ;
#9484 =( NAMED_UNIT ( * ) SI_UNIT ( $, .STERADIAN. ) SOLID_ANGLE_UNIT ( ) );
#9485 = ORIENTED_EDGE ( 'NONE', *, *, #10158, .T. ) ;
#9486 = VERTEX_POINT ( 'NONE', #9107 ) ;
#9487 = AXIS2_PLACEMENT_3D ( 'NONE', #6457, #2664, #8232 ) ;
#9488 = CARTESIAN_POINT ( 'NONE',  ( 4.923310919208261360, 1.368079378884309083, 0.000000000000000000 ) ) ;
#9489 = LINE ( 'NONE', #2366, #930 ) ;
#9490 = ORIENTED_EDGE ( 'NONE', *, *, #3196, .T. ) ;
#9491 = CYLINDRICAL_SURFACE ( 'NONE', #4403, 0.09842519685039370636 ) ;
#9492 = DIRECTION ( 'NONE',  ( 1.000000000000000000, 0.000000000000000000, -0.000000000000000000 ) ) ;
#9493 = ORIENTED_EDGE ( 'NONE', *, *, #6546, .F. ) ;
#9494 = CARTESIAN_POINT ( 'NONE',  ( -5.905511811023623103, 0.000000000000000000, -5.965761340813562796 ) ) ;
#9495 = EDGE_CURVE ( 'NONE', #5902, #2792, #4745, .T. ) ;
#9496 = CARTESIAN_POINT ( 'NONE',  ( 3.299501261425539234, -6.899637156548763528, 0.7874015748031496509 ) ) ;
#9497 = CARTESIAN_POINT ( 'NONE',  ( 2.778641590709042042, 3.937007874015748143, -7.972440944881891589 ) ) ;
#9498 = DIRECTION ( 'NONE',  ( -0.000000000000000000, -0.000000000000000000, 1.000000000000000000 ) ) ;
#9499 = LINE ( 'NONE', #1301, #4081 ) ;
#9500 = CARTESIAN_POINT ( 'NONE',  ( -4.361834186902580512, -3.553180463635376096, 0.000000000000000000 ) ) ;
#9501 = ORIENTED_EDGE ( 'NONE', *, *, #462, .T. ) ;
#9502 = CARTESIAN_POINT ( 'NONE',  ( 3.560428057591566997, 3.168267873820385105, 0.000000000000000000 ) ) ;
#9503 = LINE ( 'NONE', #3843, #11244 ) ;
#9504 = DIRECTION ( 'NONE',  ( -0.000000000000000000, -0.000000000000000000, -1.000000000000000000 ) ) ;
#9505 = ORIENTED_EDGE ( 'NONE', *, *, #6014, .T. ) ;
#9506 = CYLINDRICAL_SURFACE ( 'NONE', #1634, 1.181102362204725420 ) ;
#9507 = CARTESIAN_POINT ( 'NONE',  ( -3.549822394964751382, 3.149606299212599492, -7.374193064736720871 ) ) ;
#9508 = ORIENTED_EDGE ( 'NONE', *, *, #5254, .T. ) ;
#9509 = ORIENTED_EDGE ( 'NONE', *, *, #8531, .F. ) ;
#9510 = LINE ( 'NONE', #11461, #2750 ) ;
#9511 = CARTESIAN_POINT ( 'NONE',  ( 0.07868300030473396323, 0.000000000000000000, 0.000000000000000000 ) ) ;
#9512 = ORIENTED_EDGE ( 'NONE', *, *, #190, .T. ) ;
#9513 = CARTESIAN_POINT ( 'NONE',  ( -4.921259842519685179, 1.683040008805569476, 0.3937007874015748254 ) ) ;
#9514 =( NAMED_UNIT ( * ) SI_UNIT ( $, .STERADIAN. ) SOLID_ANGLE_UNIT ( ) );
#9515 = ORIENTED_EDGE ( 'NONE', *, *, #776, .T. ) ;
#9516 = DIRECTION ( 'NONE',  ( 0.000000000000000000, -0.000000000000000000, -1.000000000000000000 ) ) ;
#9517 = ADVANCED_FACE ( 'NONE', ( #10043 ), #1862, .F. ) ;
#9518 = AXIS2_PLACEMENT_3D ( 'NONE', #6948, #8790, #10563 ) ;
#9519 = EDGE_CURVE ( 'NONE', #1670, #11243, #3731, .T. ) ;
#9520 = EDGE_CURVE ( 'NONE', #6392, #1213, #9565, .T. ) ;
#9521 = CARTESIAN_POINT ( 'NONE',  ( -4.591619688868613380, 9.448818897637794478, 8.233332301718867541 ) ) ;
#9522 = VERTEX_POINT ( 'NONE', #5897 ) ;
#9523 = CARTESIAN_POINT ( 'NONE',  ( 5.120161312909047524, -4.537432432139313576, 0.000000000000000000 ) ) ;
#9524 = VERTEX_POINT ( 'NONE', #2102 ) ;
#9525 = CARTESIAN_POINT ( 'NONE',  ( 0.4737032289015790099, 7.480314960629921295, -0.2454471349393049229 ) ) ;
#9526 = DIRECTION ( 'NONE',  ( 1.000000000000000000, 0.000000000000000000, 0.000000000000000000 ) ) ;
#9527 = CIRCLE ( 'NONE', #11230, 1.181102362204724310 ) ;
#9528 = EDGE_CURVE ( 'NONE', #5926, #9057, #2221, .T. ) ;
#9529 = VERTEX_POINT ( 'NONE', #9454 ) ;
#9530 = PLANE ( 'NONE',  #8538 ) ;
#9531 = DIRECTION ( 'NONE',  ( -0.000000000000000000, 0.000000000000000000, -1.000000000000000000 ) ) ;
#9532 = ADVANCED_FACE ( 'NONE', ( #3009 ), #8561, .F. ) ;
#9533 = VERTEX_POINT ( 'NONE', #4802 ) ;
#9534 = CARTESIAN_POINT ( 'NONE',  ( 4.921259842519688732, -10.44294424316293224, 0.3937007874015748254 ) ) ;
#9535 = AXIS2_PLACEMENT_3D ( 'NONE', #11647, #11710, #3495 ) ;
#9536 = CARTESIAN_POINT ( 'NONE',  ( 7.086614173228347191, -0.3937007874015748254, 0.5905511811023629321 ) ) ;
#9537 = ORIENTED_EDGE ( 'NONE', *, *, #4470, .F. ) ;
#9538 = VERTEX_POINT ( 'NONE', #9507 ) ;
#9539 = CARTESIAN_POINT ( 'NONE',  ( 4.361834186902583177, -3.553180463635375208, 0.000000000000000000 ) ) ;
#9540 = EDGE_CURVE ( 'NONE', #2091, #8135, #5719, .T. ) ;
#9541 = AXIS2_PLACEMENT_3D ( 'NONE', #5889, #2876, #6670 ) ;
#9542 = CIRCLE ( 'NONE', #8029, 0.08858267716535440928 ) ;
#9543 = DIRECTION ( 'NONE',  ( -0.9367259886217312870, 0.000000000000000000, 0.3500634545916500029 ) ) ;
#9544 = DIRECTION ( 'NONE',  ( 0.000000000000000000, 0.000000000000000000, 1.000000000000000000 ) ) ;
#9545 = EDGE_CURVE ( 'NONE', #5888, #679, #1314, .T. ) ;
#9546 = ORIENTED_EDGE ( 'NONE', *, *, #11043, .T. ) ;
#9547 = LINE ( 'NONE', #8838, #5465 ) ;
#9548 = DIMENSIONAL_EXPONENTS ( 1.000000000000000000, 0.000000000000000000, 0.000000000000000000, 0.000000000000000000, 0.000000000000000000, 0.000000000000000000, 0.000000000000000000 ) ;
#9549 = CARTESIAN_POINT ( 'NONE',  ( -3.346456692913384323, 7.480314960629921295, 7.011039673268492756 ) ) ;
#9550 = CARTESIAN_POINT ( 'NONE',  ( 5.513862100310622516, -4.537432432139313576, 1.968503937007874072 ) ) ;
#9551 = VECTOR ( 'NONE', #3774, 39.37007874015748143 ) ;
#9552 = LINE ( 'NONE', #1360, #6597 ) ;
#9553 = CARTESIAN_POINT ( 'NONE',  ( 4.322826293486675908, 0.008763934312793491763, 0.000000000000000000 ) ) ;
#9554 = CARTESIAN_POINT ( 'NONE',  ( 6.496062992125987812, 0.000000000000000000, -0.3937007874015736042 ) ) ;
#9555 = ORIENTED_EDGE ( 'NONE', *, *, #933, .T. ) ;
#9556 = CARTESIAN_POINT ( 'NONE',  ( -5.513862100310625181, -4.537432432139312688, 1.968503937007874072 ) ) ;
#9557 = ORIENTED_EDGE ( 'NONE', *, *, #5617, .F. ) ;
#9558 = DIRECTION ( 'NONE',  ( 1.000000000000000000, 0.000000000000000000, 0.000000000000000000 ) ) ;
#9559 = ORIENTED_EDGE ( 'NONE', *, *, #7806, .F. ) ;
#9560 = CARTESIAN_POINT ( 'NONE',  ( 2.073640607983706641, 3.336583315892183155, 0.3937007874015748254 ) ) ;
#9561 = EDGE_CURVE ( 'NONE', #3881, #9698, #11343, .T. ) ;
#9562 = ORIENTED_EDGE ( 'NONE', *, *, #7959, .T. ) ;
#9563 = AXIS2_PLACEMENT_3D ( 'NONE', #6333, #9064, #7048 ) ;
#9564 = FACE_OUTER_BOUND ( 'NONE', #5949, .T. ) ;
#9565 = LINE ( 'NONE', #4858, #3318 ) ;
#9566 = VERTEX_POINT ( 'NONE', #11175 ) ;
#9567 = ORIENTED_EDGE ( 'NONE', *, *, #4783, .F. ) ;
#9568 = CARTESIAN_POINT ( 'NONE',  ( 3.560428057591566997, -12.24313273809901048, 0.000000000000000000 ) ) ;
#9569 = VECTOR ( 'NONE', #3853, 39.37007874015748143 ) ;
#9570 = DIRECTION ( 'NONE',  ( -1.000000000000000000, 0.000000000000000000, 0.000000000000000000 ) ) ;
#9571 = VERTEX_POINT ( 'NONE', #11231 ) ;
#9572 = CARTESIAN_POINT ( 'NONE',  ( -3.850385348604786984, 0.01986406393673362594, 0.000000000000000000 ) ) ;
#9573 = CARTESIAN_POINT ( 'NONE',  ( 5.019685039370083146, 3.937007874015748143, 6.395228468411550793 ) ) ;
#9574 = CARTESIAN_POINT ( 'NONE',  ( -2.467341395385281633, -10.63979463686372284, 0.7874015748031496509 ) ) ;
#9575 = DIRECTION ( 'NONE',  ( 1.000000000000000000, 0.000000000000000000, 0.000000000000000000 ) ) ;
#9576 = ORIENTED_EDGE ( 'NONE', *, *, #4568, .T. ) ;
#9577 = DIRECTION ( 'NONE',  ( -1.000000000000000000, 0.000000000000000000, 0.000000000000000000 ) ) ;
#9578 = EDGE_CURVE ( 'NONE', #9589, #10943, #5956, .T. ) ;
#9579 = ORIENTED_EDGE ( 'NONE', *, *, #7798, .F. ) ;
#9580 = FACE_OUTER_BOUND ( 'NONE', #1094, .T. ) ;
#9581 = CYLINDRICAL_SURFACE ( 'NONE', #10017, 0.1968503937007875793 ) ;
#9582 = ORIENTED_EDGE ( 'NONE', *, *, #4007, .F. ) ;
#9583 = DIRECTION ( 'NONE',  ( -1.233581138472396704E-15, 1.000000000000000000, 0.000000000000000000 ) ) ;
#9584 = CARTESIAN_POINT ( 'NONE',  ( -2.952755905511811108, -12.41144818017080986, 0.3937007874015748254 ) ) ;
#9585 = ORIENTED_EDGE ( 'NONE', *, *, #7648, .T. ) ;
#9586 = DIRECTION ( 'NONE',  ( -1.000000000000000000, 0.000000000000000000, 0.000000000000000000 ) ) ;
#9587 = EDGE_CURVE ( 'NONE', #7789, #7395, #482, .T. ) ;
#9588 = LINE ( 'NONE', #9536, #4122 ) ;
#9589 = VERTEX_POINT ( 'NONE', #9345 ) ;
#9590 = EDGE_CURVE ( 'NONE', #11584, #5529, #1374, .T. ) ;
#9591 = VERTEX_POINT ( 'NONE', #6905 ) ;
#9592 = DIRECTION ( 'NONE',  ( -0.000000000000000000, -0.000000000000000000, -1.000000000000000000 ) ) ;
#9593 = DIRECTION ( 'NONE',  ( -0.000000000000000000, -0.000000000000000000, -1.000000000000000000 ) ) ;
#9594 = ADVANCED_FACE ( 'NONE', ( #4976 ), #6731, .F. ) ;
#9595 = DIRECTION ( 'NONE',  ( 0.000000000000000000, 0.000000000000000000, 1.000000000000000000 ) ) ;
#9596 = FACE_BOUND ( 'NONE', #7904, .T. ) ;
#9597 = APPLICATION_CONTEXT ( 'automotive_design' ) ;
#9598 = VECTOR ( 'NONE', #8208, 39.37007874015748143 ) ;
#9599 = ADVANCED_FACE ( 'NONE', ( #3904 ), #416, .F. ) ;
#9600 = ORIENTED_EDGE ( 'NONE', *, *, #1192, .F. ) ;
#9601 = CARTESIAN_POINT ( 'NONE',  ( 5.019685039370078705, 3.915065883440284278, -6.395228468411557010 ) ) ;
#9602 = CARTESIAN_POINT ( 'NONE',  ( -4.361834186902580512, 2.352331347388246119, 0.3937007874015748254 ) ) ;
#9603 = EDGE_CURVE ( 'NONE', #965, #10734, #6675, .T. ) ;
#9604 = DIRECTION ( 'NONE',  ( 1.000000000000000000, 0.000000000000000000, 4.047688110612550544E-16 ) ) ;
#9605 = CARTESIAN_POINT ( 'NONE',  ( 5.513862100310622516, -4.537432432139313576, 0.3937007874015748810 ) ) ;
#9606 = VERTEX_POINT ( 'NONE', #5775 ) ;
#9607 = AXIS2_PLACEMENT_3D ( 'NONE', #785, #2833, #11770 ) ;
#9608 = CARTESIAN_POINT ( 'NONE',  ( -3.346456692913386100, 7.480314960629921295, -5.829937311063766892 ) ) ;
#9609 = ORIENTED_EDGE ( 'NONE', *, *, #10533, .F. ) ;
#9610 = CARTESIAN_POINT ( 'NONE',  ( -0.4709337523242653201, 9.448818897637794478, 0.1482536524622696250 ) ) ;
#9611 = ORIENTED_EDGE ( 'NONE', *, *, #1698, .F. ) ;
#9612 = DIRECTION ( 'NONE',  ( 0.000000000000000000, -1.000000000000000000, 0.000000000000000000 ) ) ;
#9613 = ORIENTED_EDGE ( 'NONE', *, *, #240, .F. ) ;
#9614 = AXIS2_PLACEMENT_3D ( 'NONE', #1664, #5330, #767 ) ;
#9615 = ORIENTED_EDGE ( 'NONE', *, *, #477, .F. ) ;
#9616 = ADVANCED_FACE ( 'NONE', ( #10455 ), #11401, .F. ) ;
#9617 = VECTOR ( 'NONE', #11513, 39.37007874015748143 ) ;
#9618 = AXIS2_PLACEMENT_3D ( 'NONE', #11039, #5824, #9285 ) ;
#9619 = CARTESIAN_POINT ( 'NONE',  ( -4.078179144149599367, -0.6432185497264709673, 0.3937007874015748254 ) ) ;
#9620 = EDGE_CURVE ( 'NONE', #6256, #10050, #11318, .T. ) ;
#9621 = DIRECTION ( 'NONE',  ( -0.000000000000000000, -0.000000000000000000, 1.000000000000000000 ) ) ;
#9622 = ORIENTED_EDGE ( 'NONE', *, *, #1440, .T. ) ;
#9623 = VECTOR ( 'NONE', #5943, 39.37007874015748143 ) ;
#9624 = ORIENTED_EDGE ( 'NONE', *, *, #4180, .T. ) ;
#9625 = CARTESIAN_POINT ( 'NONE',  ( -2.778641590709042930, 3.937007874015748143, -7.874015748031498063 ) ) ;
#9626 = LINE ( 'NONE', #4084, #6826 ) ;
#9627 = ORIENTED_EDGE ( 'NONE', *, *, #9519, .T. ) ;
#9628 = CARTESIAN_POINT ( 'NONE',  ( -0.5905511811023621549, -12.41144818017080986, 0.3937007874015748254 ) ) ;
#9629 = CARTESIAN_POINT ( 'NONE',  ( 0.006488179178569830098, 3.915065883440284278, -6.692913385826771311 ) ) ;
#9630 = VECTOR ( 'NONE', #8728, 39.37007874015748143 ) ;
#9631 = VECTOR ( 'NONE', #4781, 39.37007874015748143 ) ;
#9632 = DIRECTION ( 'NONE',  ( 1.000000000000000000, 0.000000000000000000, 0.000000000000000000 ) ) ;
#9633 = VERTEX_POINT ( 'NONE', #4923 ) ;
#9634 = AXIS2_PLACEMENT_3D ( 'NONE', #8649, #1642, #7939 ) ;
#9635 = AXIS2_PLACEMENT_3D ( 'NONE', #6943, #2488, #8600 ) ;
#9636 = AXIS2_PLACEMENT_3D ( 'NONE', #8641, #381, #9586 ) ;
#9637 = VECTOR ( 'NONE', #4123, 39.37007874015748143 ) ;
#9638 = EDGE_CURVE ( 'NONE', #7764, #2301, #4023, .T. ) ;
#9639 = CARTESIAN_POINT ( 'NONE',  ( -4.197918901467038388, 9.055118110236220375, 8.233332301718865764 ) ) ;
#9640 = ORIENTED_EDGE ( 'NONE', *, *, #4198, .F. ) ;
#9641 = DIRECTION ( 'NONE',  ( 0.000000000000000000, 0.000000000000000000, 1.000000000000000000 ) ) ;
#9642 = EDGE_LOOP ( 'NONE', ( #2428, #3852, #2779, #10479 ) ) ;
#9643 = LINE ( 'NONE', #6869, #6007 ) ;
#9644 = DIRECTION ( 'NONE',  ( -0.000000000000000000, -1.000000000000000000, -0.000000000000000000 ) ) ;
#9645 = ORIENTED_EDGE ( 'NONE', *, *, #5634, .T. ) ;
#9646 = DIRECTION ( 'NONE',  ( 0.000000000000000000, -1.000000000000000000, 0.000000000000000000 ) ) ;
#9647 = CARTESIAN_POINT ( 'NONE',  ( -4.197918901467038388, 9.055118110236220375, 7.577239534397965492 ) ) ;
#9648 = CIRCLE ( 'NONE', #7386, 0.08858267716535440928 ) ;
#9649 = EDGE_LOOP ( 'NONE', ( #731, #2920, #10448, #1286, #11598, #3006, #1503, #9251 ) ) ;
#9650 = ADVANCED_FACE ( 'NONE', ( #8072 ), #6077, .F. ) ;
#9651 = VECTOR ( 'NONE', #6680, 39.37007874015748143 ) ;
#9652 = FACE_BOUND ( 'NONE', #3268, .T. ) ;
#9653 = CARTESIAN_POINT ( 'NONE',  ( -4.923310919208258696, -6.505936369147188536, 0.3937007874015748254 ) ) ;
#9654 = ORIENTED_EDGE ( 'NONE', *, *, #4804, .F. ) ;
#9655 = VECTOR ( 'NONE', #8841, 39.37007874015748143 ) ;
#9656 = VERTEX_POINT ( 'NONE', #9849 ) ;
#9657 = CARTESIAN_POINT ( 'NONE',  ( -3.346456692913386100, 3.937007874015748143, -7.011039673268492756 ) ) ;
#9658 = LINE ( 'NONE', #7654, #4567 ) ;
#9659 = CARTESIAN_POINT ( 'NONE',  ( -5.019685039370078705, 3.915065883440284278, -6.395228468411556122 ) ) ;
#9660 = AXIS2_PLACEMENT_3D ( 'NONE', #10461, #1556, #2226 ) ;
#9661 = DIRECTION ( 'NONE',  ( 0.000000000000000000, -1.000000000000000000, 0.000000000000000000 ) ) ;
#9662 = CARTESIAN_POINT ( 'NONE',  ( 2.464506571609101471, -6.438859693790625727, 0.3937007874015748254 ) ) ;
#9663 = EDGE_CURVE ( 'NONE', #2612, #1220, #4290, .T. ) ;
#9664 = DIRECTION ( 'NONE',  ( 5.551115123125780730E-16, 1.000000000000000000, -0.000000000000000000 ) ) ;
#9665 = ORIENTED_EDGE ( 'NONE', *, *, #11560, .T. ) ;
#9666 = EDGE_CURVE ( 'NONE', #4935, #835, #10573, .T. ) ;
#9667 = LINE ( 'NONE', #2316, #3153 ) ;
#9668 = CARTESIAN_POINT ( 'NONE',  ( -0.1968503937007874127, -2.119596502482376632, 0.7874015748031496509 ) ) ;
#9669 = VECTOR ( 'NONE', #5712, 39.37007874015748143 ) ;
#9670 = EDGE_CURVE ( 'NONE', #5564, #9682, #10680, .T. ) ;
#9671 =( REPRESENTATION_RELATIONSHIP ('NONE','NONE', #4507, #9006 ) REPRESENTATION_RELATIONSHIP_WITH_TRANSFORMATION ( #6561 )SHAPE_REPRESENTATION_RELATIONSHIP( ) );
#9672 = FACE_OUTER_BOUND ( 'NONE', #10992, .T. ) ;
#9673 = DIRECTION ( 'NONE',  ( 0.000000000000000000, -1.000000000000000000, 0.000000000000000000 ) ) ;
#9674 = DIRECTION ( 'NONE',  ( 0.000000000000000000, 0.000000000000000000, -1.000000000000000000 ) ) ;
#9675 = VERTEX_POINT ( 'NONE', #6234 ) ;
#9676 = CARTESIAN_POINT ( 'NONE',  ( 4.273251509737226783, 2.352331347388247451, 0.000000000000000000 ) ) ;
#9677 = EDGE_CURVE ( 'NONE', #1127, #4316, #3532, .T. ) ;
#9678 = DIRECTION ( 'NONE',  ( 0.000000000000000000, 0.000000000000000000, 1.000000000000000000 ) ) ;
#9679 = ORIENTED_EDGE ( 'NONE', *, *, #7848, .T. ) ;
#9680 = DIRECTION ( 'NONE',  ( -0.000000000000000000, -0.000000000000000000, 1.000000000000000000 ) ) ;
#9681 = ORIENTED_EDGE ( 'NONE', *, *, #10301, .F. ) ;
#9682 = VERTEX_POINT ( 'NONE', #7191 ) ;
#9683 = ORIENTED_EDGE ( 'NONE', *, *, #3428, .F. ) ;
#9684 = EDGE_CURVE ( 'NONE', #3083, #6383, #6010, .T. ) ;
#9685 = DIRECTION ( 'NONE',  ( -0.000000000000000000, -0.000000000000000000, -1.000000000000000000 ) ) ;
#9686 = CARTESIAN_POINT ( 'NONE',  ( -4.322826293486675908, -1.295201033765735366, 0.000000000000000000 ) ) ;
#9687 = ORIENTED_EDGE ( 'NONE', *, *, #2681, .T. ) ;
#9688 = VERTEX_POINT ( 'NONE', #8017 ) ;
#9689 = CARTESIAN_POINT ( 'NONE',  ( -3.693202048827113781, -6.505936369147188536, 0.3937007874015748254 ) ) ;
#9690 = CARTESIAN_POINT ( 'NONE',  ( -4.184668832571872166, -3.553180463635376096, 0.000000000000000000 ) ) ;
#9691 = ORIENTED_EDGE ( 'NONE', *, *, #472, .T. ) ;
#9692 = EDGE_CURVE ( 'NONE', #4302, #4828, #5159, .T. ) ;
#9693 = CARTESIAN_POINT ( 'NONE',  ( 4.361834186902583177, -5.521684400643250612, 0.3937007874015748254 ) ) ;
#9694 = DIRECTION ( 'NONE',  ( -1.000000000000000000, 0.000000000000000000, 0.000000000000000000 ) ) ;
#9695 = LINE ( 'NONE', #1456, #10731 ) ;
#9696 = EDGE_CURVE ( 'NONE', #11302, #3029, #2449, .T. ) ;
#9697 = DIRECTION ( 'NONE',  ( 1.000000000000000000, 0.000000000000000000, 0.000000000000000000 ) ) ;
#9698 = VERTEX_POINT ( 'NONE', #5105 ) ;
#9699 = LINE ( 'NONE', #552, #2364 ) ;
#9700 = EDGE_LOOP ( 'NONE', ( #10844, #10088, #5659, #5126 ) ) ;
#9701 = CARTESIAN_POINT ( 'NONE',  ( -4.078179144149599367, -0.6432185497264709673, 0.3937007874015748254 ) ) ;
#9702 = DIRECTION ( 'NONE',  ( 1.000000000000000000, 0.000000000000000000, 0.000000000000000000 ) ) ;
#9703 = EDGE_LOOP ( 'NONE', ( #1356, #539, #3877, #1677 ) ) ;
#9704 = FACE_OUTER_BOUND ( 'NONE', #7301, .T. ) ;
#9705 = CARTESIAN_POINT ( 'NONE',  ( 0.000000000000000000, 0.000000000000000000, 1.574803149606299302 ) ) ;
#9706 = EDGE_CURVE ( 'NONE', #6147, #10727, #11625, .T. ) ;
#9707 = ORIENTED_EDGE ( 'NONE', *, *, #4921, .T. ) ;
#9708 = PLANE ( 'NONE',  #2213 ) ;
#9709 = DIRECTION ( 'NONE',  ( 0.8574929257125448734, -0.5144957554275252365, -0.000000000000000000 ) ) ;
#9710 = SHAPE_REPRESENTATION_RELATIONSHIP ( 'NONE' , 'NONE' ,  #8699, #1102 ) ;
#9711 = VERTEX_POINT ( 'NONE', #9789 ) ;
#9712 = VECTOR ( 'NONE', #4051, 39.37007874015748143 ) ;
#9713 = VERTEX_POINT ( 'NONE', #11457 ) ;
#9714 = PLANE ( 'NONE',  #7755 ) ;
#9715 = DIRECTION ( 'NONE',  ( -1.000000000000000000, 2.775557561562893323E-15, 0.000000000000000000 ) ) ;
#9716 = CARTESIAN_POINT ( 'NONE',  ( -3.653534954903999488, -1.306301163389676168, 0.000000000000000000 ) ) ;
#9717 = FACE_OUTER_BOUND ( 'NONE', #7659, .T. ) ;
#9718 = FACE_BOUND ( 'NONE', #54, .T. ) ;
#9719 = AXIS2_PLACEMENT_3D ( 'NONE', #7045, #10831, #6159 ) ;
#9720 = CARTESIAN_POINT ( 'NONE',  ( 4.785852954177777896, 8.267716535433070391, 7.445930726915714004 ) ) ;
#9721 = ORIENTED_EDGE ( 'NONE', *, *, #11331, .F. ) ;
#9722 = DIRECTION ( 'NONE',  ( -0.000000000000000000, -0.000000000000000000, -1.000000000000000000 ) ) ;
#9723 = CARTESIAN_POINT ( 'NONE',  ( 3.740157480314960647, 1.683040008805569476, 0.3937007874015748254 ) ) ;
#9724 = CIRCLE ( 'NONE', #7470, 1.181102362204724310 ) ;
#9725 = CARTESIAN_POINT ( 'NONE',  ( -3.192102363848772217, 3.937007874015748143, 7.799282663726457621 ) ) ;
#9726 = AXIS2_PLACEMENT_3D ( 'NONE', #1219, #11011, #10124 ) ;
#9727 = EDGE_CURVE ( 'NONE', #9445, #257, #9243, .T. ) ;
#9728 = ORIENTED_EDGE ( 'NONE', *, *, #2693, .F. ) ;
#9729 = LINE ( 'NONE', #3106, #10079 ) ;
#9730 = FACE_OUTER_BOUND ( 'NONE', #2215, .T. ) ;
#9731 = CARTESIAN_POINT ( 'NONE',  ( 4.923310919208261360, -5.127983613241675620, 0.000000000000000000 ) ) ;
#9732 = ORIENTED_EDGE ( 'NONE', *, *, #2723, .T. ) ;
#9733 = EDGE_LOOP ( 'NONE', ( #8169, #5130, #6431, #2028 ) ) ;
#9734 = AXIS2_PLACEMENT_3D ( 'NONE', #11382, #517, #4172 ) ;
#9735 = CARTESIAN_POINT ( 'NONE',  ( 4.392152166776199351, 7.874015748031496287, 8.233332301718865764 ) ) ;
#9736 = EDGE_CURVE ( 'NONE', #3294, #2470, #536, .T. ) ;
#9737 = DIRECTION ( 'NONE',  ( 0.000000000000000000, -1.000000000000000000, 0.000000000000000000 ) ) ;
#9738 = EDGE_CURVE ( 'NONE', #5437, #3879, #5275, .T. ) ;
#9739 = VERTEX_POINT ( 'NONE', #6959 ) ;
#9740 = PLANE ( 'NONE',  #15 ) ;
#9741 = FACE_OUTER_BOUND ( 'NONE', #4684, .T. ) ;
#9742 = AXIS2_PLACEMENT_3D ( 'NONE', #9241, #2968, #8408 ) ;
#9743 = PLANE ( 'NONE',  #7510 ) ;
#9744 = CARTESIAN_POINT ( 'NONE',  ( 5.905511811023536062, 0.000000000000000000, 5.118110236220520193 ) ) ;
#9745 = EDGE_LOOP ( 'NONE', ( #3231, #5572, #10133, #11645, #4167, #5736 ) ) ;
#9746 = DIRECTION ( 'NONE',  ( 1.541976423090495387E-16, 1.000000000000000000, 0.000000000000000000 ) ) ;
#9747 = EDGE_CURVE ( 'NONE', #2739, #8529, #1502, .T. ) ;
#9748 = CARTESIAN_POINT ( 'NONE',  ( -0.1968503937007874127, -2.119596502482376632, 0.7874015748031496509 ) ) ;
#9749 = ORIENTED_EDGE ( 'NONE', *, *, #8502, .F. ) ;
#9750 = FACE_OUTER_BOUND ( 'NONE', #8871, .T. ) ;
#9751 = ORIENTED_EDGE ( 'NONE', *, *, #3344, .T. ) ;
#9752 = DIRECTION ( 'NONE',  ( 0.000000000000000000, 0.000000000000000000, 1.000000000000000000 ) ) ;
#9753 = DIRECTION ( 'NONE',  ( -2.807670561062811415E-16, -0.000000000000000000, -1.000000000000000000 ) ) ;
#9754 = ORIENTED_EDGE ( 'NONE', *, *, #1569, .F. ) ;
#9755 = CARTESIAN_POINT ( 'NONE',  ( -0.5905511811023620439, -0.3937007874015748254, 7.874015748031495399 ) ) ;
#9756 = CARTESIAN_POINT ( 'NONE',  ( -0.4709337523242653201, 7.874015748031496287, -0.2454471349393052004 ) ) ;
#9757 = CIRCLE ( 'NONE', #2701, 1.181102362204724310 ) ;
#9758 = VERTEX_POINT ( 'NONE', #8799 ) ;
#9759 = VERTEX_POINT ( 'NONE', #593 ) ;
#9760 = CARTESIAN_POINT ( 'NONE',  ( 2.858207359010676019, -6.438859693790624839, 0.3937007874015748254 ) ) ;
#9761 = CARTESIAN_POINT ( 'NONE',  ( 5.905511811023623103, -0.3937007874015748254, 0.5905511811023624880 ) ) ;
#9762 = DIRECTION ( 'NONE',  ( 1.000000000000000000, 0.000000000000000000, 0.000000000000000000 ) ) ;
#9763 = ORIENTED_EDGE ( 'NONE', *, *, #10557, .T. ) ;
#9764 = ADVANCED_FACE ( 'NONE', ( #708 ), #4252, .F. ) ;
#9765 = ORIENTED_EDGE ( 'NONE', *, *, #568, .T. ) ;
#9766 = DIRECTION ( 'NONE',  ( 0.000000000000000000, 0.000000000000000000, -1.000000000000000000 ) ) ;
#9767 = DIRECTION ( 'NONE',  ( 1.000000000000000000, 0.000000000000000000, 0.000000000000000000 ) ) ;
#9768 =( NAMED_UNIT ( * ) SI_UNIT ( $, .STERADIAN. ) SOLID_ANGLE_UNIT ( ) );
#9769 = VECTOR ( 'NONE', #10168, 39.37007874015748143 ) ;
#9770 = FACE_OUTER_BOUND ( 'NONE', #10678, .T. ) ;
#9771 = CARTESIAN_POINT ( 'NONE',  ( 4.921259842519688732, -10.44294424316293224, 0.000000000000000000 ) ) ;
#9772 = CARTESIAN_POINT ( 'NONE',  ( 0.3937007874015750475, -13.00199936127317279, 0.3937007874015748810 ) ) ;
#9773 = ORIENTED_EDGE ( 'NONE', *, *, #9225, .F. ) ;
#9774 = CARTESIAN_POINT ( 'NONE',  ( 2.073640607983705753, -12.41144818017080986, 0.3937007874015748254 ) ) ;
#9775 = CARTESIAN_POINT ( 'NONE',  ( 0.3937007874015747699, 3.927134496994546087, 0.3937007874015748810 ) ) ;
#9776 = VECTOR ( 'NONE', #1972, 39.37007874015748143 ) ;
#9777 = EDGE_CURVE ( 'NONE', #11081, #5625, #3135, .T. ) ;
#9778 = CARTESIAN_POINT ( 'NONE',  ( 4.785852954177778784, 8.267716535433070391, -7.165371565913558172 ) ) ;
#9779 = VERTEX_POINT ( 'NONE', #3415 ) ;
#9780 = DIRECTION ( 'NONE',  ( 0.000000000000000000, 0.000000000000000000, 1.000000000000000000 ) ) ;
#9781 = CARTESIAN_POINT ( 'NONE',  ( 4.273251509737226783, -11.42719621166687283, 0.000000000000000000 ) ) ;
#9782 = EDGE_LOOP ( 'NONE', ( #7131, #6129, #7991, #7387 ) ) ;
#9783 = CARTESIAN_POINT ( 'NONE',  ( -4.347829632394716981, -11.77069179321712333, 0.3937007874015748254 ) ) ;
#9784 = VECTOR ( 'NONE', #188, 39.37007874015748143 ) ;
#9785 = ORIENTED_EDGE ( 'NONE', *, *, #7489, .T. ) ;
#9786 = VECTOR ( 'NONE', #9604, 39.37007874015748143 ) ;
#9787 = CYLINDRICAL_SURFACE ( 'NONE', #11167, 1.181102362204725420 ) ;
#9788 = AXIS2_PLACEMENT_3D ( 'NONE', #2951, #10169, #4032 ) ;
#9789 = CARTESIAN_POINT ( 'NONE',  ( 4.923310919208261360, -3.946881251036950200, 0.000000000000000000 ) ) ;
#9790 = FACE_OUTER_BOUND ( 'NONE', #4945, .T. ) ;
#9791 = ORIENTED_EDGE ( 'NONE', *, *, #3984, .T. ) ;
#9792 = DIRECTION ( 'NONE',  ( -0.000000000000000000, 1.000000000000000000, -0.000000000000000000 ) ) ;
#9793 = CARTESIAN_POINT ( 'NONE',  ( -7.086614173228347191, 0.000000000000000000, 0.5905511811023629321 ) ) ;
#9794 = CARTESIAN_POINT ( 'NONE',  ( -4.591619688868616045, 9.055118110236220375, -7.206675219446472269 ) ) ;
#9795 = LINE ( 'NONE', #716, #4962 ) ;
#9796 = CARTESIAN_POINT ( 'NONE',  ( 4.392152166776199351, 9.055118110236220375, 8.233332301718865764 ) ) ;
#9797 = AXIS2_PLACEMENT_3D ( 'NONE', #5763, #6599, #11217 ) ;
#9798 = CIRCLE ( 'NONE', #5441, 0.08858267716535440928 ) ;
#9799 = ORIENTED_EDGE ( 'NONE', *, *, #6505, .F. ) ;
#9800 = ADVANCED_FACE ( 'NONE', ( #7070 ), #2499, .F. ) ;
#9801 = VECTOR ( 'NONE', #894, 39.37007874015748143 ) ;
#9802 = DIRECTION ( 'NONE',  ( 1.000000000000000000, 0.000000000000000000, 0.000000000000000000 ) ) ;
#9803 = ORIENTED_EDGE ( 'NONE', *, *, #5980, .T. ) ;
#9804 = CARTESIAN_POINT ( 'NONE',  ( 5.118110236220535292, 3.149606299212599492, -5.283063347057058046 ) ) ;
#9805 = CIRCLE ( 'NONE', #2764, 1.181102362204724310 ) ;
#9806 = VECTOR ( 'NONE', #1843, 39.37007874015748143 ) ;
#9807 = EDGE_LOOP ( 'NONE', ( #6525, #320, #2641, #6900 ) ) ;
#9808 = DIRECTION ( 'NONE',  ( 1.000000000000000000, 0.000000000000000000, 0.000000000000000000 ) ) ;
#9809 = CARTESIAN_POINT ( 'NONE',  ( -4.273251509737226783, -11.42719621166687105, 0.3937007874015748254 ) ) ;
#9810 = ORIENTED_EDGE ( 'NONE', *, *, #11255, .F. ) ;
#9811 = CARTESIAN_POINT ( 'NONE',  ( 0.000000000000000000, 0.000000000000000000, 0.000000000000000000 ) ) ;
#9812 = AXIS2_PLACEMENT_3D ( 'NONE', #6469, #938, #7241 ) ;
#9813 = EDGE_CURVE ( 'NONE', #191, #11110, #10188, .T. ) ;
#9814 = DIRECTION ( 'NONE',  ( 6.167905692361975631E-16, -1.000000000000000000, -0.000000000000000000 ) ) ;
#9815 = ORIENTED_EDGE ( 'NONE', *, *, #8205, .F. ) ;
#9816 = EDGE_CURVE ( 'NONE', #3244, #6551, #9987, .T. ) ;
#9817 = CIRCLE ( 'NONE', #5073, 0.1968503937007864968 ) ;
#9818 = VECTOR ( 'NONE', #4354, 39.37007874015748143 ) ;
#9819 = CARTESIAN_POINT ( 'NONE',  ( -3.693202048827116002, 1.368079378884309083, 0.7874015748031496509 ) ) ;
#9820 = CYLINDRICAL_SURFACE ( 'NONE', #664, 0.08858267716535440928 ) ;
#9821 = DIRECTION ( 'NONE',  ( 1.000000000000000000, -6.982962677686194135E-15, 6.982962677686266711E-15 ) ) ;
#9822 = ORIENTED_EDGE ( 'NONE', *, *, #630, .F. ) ;
#9823 = AXIS2_PLACEMENT_3D ( 'NONE', #5694, #10256, #8420 ) ;
#9824 = ORIENTED_EDGE ( 'NONE', *, *, #5984, .F. ) ;
#9825 = DIRECTION ( 'NONE',  ( 1.000000000000000000, 0.000000000000000000, 0.000000000000000000 ) ) ;
#9826 = VECTOR ( 'NONE', #6613, 39.37007874015748143 ) ;
#9827 = VECTOR ( 'NONE', #5303, 39.37007874015748143 ) ;
#9828 = PLANE ( 'NONE',  #5348 ) ;
#9829 = EDGE_CURVE ( 'NONE', #10217, #3523, #6291, .T. ) ;
#9830 = LINE ( 'NONE', #8177, #5566 ) ;
#9831 = CARTESIAN_POINT ( 'NONE',  ( -3.693202048827116002, 1.368079378884309083, 0.3937007874015748254 ) ) ;
#9832 = AXIS2_PLACEMENT_3D ( 'NONE', #11123, #11304, #2965 ) ;
#9833 = ADVANCED_FACE ( 'NONE', ( #3836 ), #9903, .F. ) ;
#9834 = CARTESIAN_POINT ( 'NONE',  ( 4.921259842519685179, -10.75790487308419685, 0.3937007874015748254 ) ) ;
#9835 = VECTOR ( 'NONE', #521, 39.37007874015748143 ) ;
#9836 = AXIS2_PLACEMENT_3D ( 'NONE', #2959, #9989, #8223 ) ;
#9837 = CARTESIAN_POINT ( 'NONE',  ( -4.519676687187463848, -1.295201033765735366, 0.3937007874015748254 ) ) ;
#9838 = CARTESIAN_POINT ( 'NONE',  ( 3.192102363848786872, 3.937007874015748143, 7.897707860576847594 ) ) ;
#9839 = EDGE_LOOP ( 'NONE', ( #3215, #153, #1734, #8144 ) ) ;
#9840 = AXIS2_PLACEMENT_3D ( 'NONE', #5392, #11688, #3656 ) ;
#9841 = DIRECTION ( 'NONE',  ( 0.000000000000000000, 0.000000000000000000, 1.000000000000000000 ) ) ;
#9842 = ORIENTED_EDGE ( 'NONE', *, *, #2073, .F. ) ;
#9843 = DIRECTION ( 'NONE',  ( -0.000000000000000000, -1.000000000000000000, -0.000000000000000000 ) ) ;
#9844 = DIRECTION ( 'NONE',  ( -1.000000000000000000, 0.000000000000000000, 0.000000000000000000 ) ) ;
#9845 = DIRECTION ( 'NONE',  ( 0.000000000000000000, 0.000000000000000000, -1.000000000000000000 ) ) ;
#9846 = ORIENTED_EDGE ( 'NONE', *, *, #4407, .T. ) ;
#9847 = EDGE_CURVE ( 'NONE', #6563, #10827, #3781, .T. ) ;
#9848 = CARTESIAN_POINT ( 'NONE',  ( -3.192102363848772217, 3.937007874015748143, 7.799282663726457621 ) ) ;
#9849 = CARTESIAN_POINT ( 'NONE',  ( 4.361834186902583177, -3.553180463635375208, 0.000000000000000000 ) ) ;
#9850 = CARTESIAN_POINT ( 'NONE',  ( -4.197918901467038388, 9.055118110236220375, 8.233332301718865764 ) ) ;
#9851 = ORIENTED_EDGE ( 'NONE', *, *, #4729, .T. ) ;
#9852 = CARTESIAN_POINT ( 'NONE',  ( -0.5905511811023621549, -13.59255054237553573, 0.000000000000000000 ) ) ;
#9853 = DIRECTION ( 'NONE',  ( -1.000000000000000000, 0.000000000000000000, 0.000000000000000000 ) ) ;
#9854 = CARTESIAN_POINT ( 'NONE',  ( 0.000000000000000000, 0.000000000000000000, -6.889763779527560139 ) ) ;
#9855 = DIRECTION ( 'NONE',  ( 1.110223024625156146E-15, -1.000000000000000000, 0.000000000000000000 ) ) ;
#9856 = ORIENTED_EDGE ( 'NONE', *, *, #9093, .F. ) ;
#9857 = DIRECTION ( 'NONE',  ( -0.000000000000000000, -0.000000000000000000, 1.000000000000000000 ) ) ;
#9858 = ORIENTED_EDGE ( 'NONE', *, *, #3862, .T. ) ;
#9859 = FACE_OUTER_BOUND ( 'NONE', #11458, .T. ) ;
#9860 = ORIENTED_EDGE ( 'NONE', *, *, #10418, .T. ) ;
#9861 = EDGE_LOOP ( 'NONE', ( #1652, #3281, #5749, #10409 ) ) ;
#9862 = CARTESIAN_POINT ( 'NONE',  ( 0.000000000000000000, 8.267716535433070391, 0.000000000000000000 ) ) ;
#9863 = CARTESIAN_POINT ( 'NONE',  ( -4.921259842519680738, -10.44294424316293757, 0.3937007874015748254 ) ) ;
#9864 = EDGE_LOOP ( 'NONE', ( #2014, #10334 ) ) ;
#9865 = ADVANCED_FACE ( 'NONE', ( #9094 ), #6481, .F. ) ;
#9866 = DIRECTION ( 'NONE',  ( -0.000000000000000000, -0.000000000000000000, -1.000000000000000000 ) ) ;
#9867 = DIRECTION ( 'NONE',  ( 0.000000000000000000, 0.000000000000000000, 1.000000000000000000 ) ) ;
#9868 = VERTEX_POINT ( 'NONE', #3652 ) ;
#9869 = ADVANCED_FACE ( 'NONE', ( #59 ), #6536, .F. ) ;
#9870 = DIRECTION ( 'NONE',  ( 1.000000000000000000, 0.000000000000000000, 0.000000000000000000 ) ) ;
#9871 = FACE_OUTER_BOUND ( 'NONE', #8909, .T. ) ;
#9872 = DIRECTION ( 'NONE',  ( -1.000000000000000000, 6.982962677686266711E-15, 0.000000000000000000 ) ) ;
#9873 = VERTEX_POINT ( 'NONE', #4731 ) ;
#9874 = EDGE_CURVE ( 'NONE', #3080, #7135, #8869, .T. ) ;
#9875 = LENGTH_MEASURE_WITH_UNIT ( LENGTH_MEASURE( 0.02539999999999999897 ), #7282 );
#9876 = ORIENTED_EDGE ( 'NONE', *, *, #3425, .F. ) ;
#9877 = DIRECTION ( 'NONE',  ( 1.156482317317871478E-16, 0.000000000000000000, -1.000000000000000000 ) ) ;
#9878 = CARTESIAN_POINT ( 'NONE',  ( -4.724409448818897239, 0.000000000000000000, -5.965761340813562796 ) ) ;
#9879 = ADVANCED_FACE ( 'NONE', ( #5640 ), #2629, .F. ) ;
#9880 =( NAMED_UNIT ( * ) SI_UNIT ( $, .STERADIAN. ) SOLID_ANGLE_UNIT ( ) );
#9881 = DIRECTION ( 'NONE',  ( 0.000000000000000000, 0.000000000000000000, 1.000000000000000000 ) ) ;
#9882 = FACE_BOUND ( 'NONE', #8596, .T. ) ;
#9883 = DIRECTION ( 'NONE',  ( -1.000000000000000000, -1.541976423090495387E-16, 0.000000000000000000 ) ) ;
#9884 = AXIS2_PLACEMENT_3D ( 'NONE', #9556, #4303, #2383 ) ;
#9885 = DIRECTION ( 'NONE',  ( 1.040834085586068795E-14, 1.000000000000000000, 0.000000000000000000 ) ) ;
#9886 = DIRECTION ( 'NONE',  ( 0.000000000000000000, -1.000000000000000000, 0.000000000000000000 ) ) ;
#9887 = CYLINDRICAL_SURFACE ( 'NONE', #6617, 0.3937007874015751585 ) ;
#9888 = VERTEX_POINT ( 'NONE', #10980 ) ;
#9889 = EDGE_CURVE ( 'NONE', #6585, #5459, #9272, .T. ) ;
#9890 = EDGE_LOOP ( 'NONE', ( #6444, #6415, #9471, #6841 ) ) ;
#9891 = CARTESIAN_POINT ( 'NONE',  ( 0.006488179178569855252, 3.915065883440284278, -7.086614173228346303 ) ) ;
#9892 = VERTEX_POINT ( 'NONE', #9027 ) ;
#9893 = ADVANCED_FACE ( 'NONE', ( #825 ), #2743, .T. ) ;
#9894 = DIRECTION ( 'NONE',  ( -0.000000000000000000, 1.000000000000000000, 0.000000000000000000 ) ) ;
#9895 = ORIENTED_EDGE ( 'NONE', *, *, #9747, .T. ) ;
#9896 =( GEOMETRIC_REPRESENTATION_CONTEXT ( 3 ) GLOBAL_UNCERTAINTY_ASSIGNED_CONTEXT ( ( #7090 ) ) GLOBAL_UNIT_ASSIGNED_CONTEXT ( ( #5007, #2310, #9880 ) ) REPRESENTATION_CONTEXT ( 'NONE', 'WORKASPACE' ) );
#9897 = CARTESIAN_POINT ( 'NONE',  ( 4.923310919208261360, 1.368079378884309083, 0.000000000000000000 ) ) ;
#9898 = CARTESIAN_POINT ( 'NONE',  ( 3.693202048827119999, -10.44294424316293224, 0.000000000000000000 ) ) ;
#9899 = ORIENTED_EDGE ( 'NONE', *, *, #2031, .F. ) ;
#9900 = CARTESIAN_POINT ( 'NONE',  ( -3.937007874015811648, 3.149606299212599492, 4.638196495462627134 ) ) ;
#9901 = VECTOR ( 'NONE', #3306, 39.37007874015748143 ) ;
#9902 = AXIS2_PLACEMENT_3D ( 'NONE', #2649, #786, #1684 ) ;
#9903 = CYLINDRICAL_SURFACE ( 'NONE', #2182, 0.1968503937007864968 ) ;
#9904 = LINE ( 'NONE', #7192, #2179 ) ;
#9905 = VERTEX_POINT ( 'NONE', #5 ) ;
#9906 = ADVANCED_FACE ( 'NONE', ( #8315 ), #8141, .F. ) ;
#9907 = DIRECTION ( 'NONE',  ( 0.000000000000000000, 0.000000000000000000, 1.000000000000000000 ) ) ;
#9908 = DIRECTION ( 'NONE',  ( -0.000000000000000000, 0.000000000000000000, 1.000000000000000000 ) ) ;
#9909 = FACE_OUTER_BOUND ( 'NONE', #11290, .T. ) ;
#9910 = DIRECTION ( 'NONE',  ( -1.000000000000000000, 0.000000000000000000, 1.966319083971647814E-16 ) ) ;
#9911 = ORIENTED_EDGE ( 'NONE', *, *, #6636, .T. ) ;
#9912 = DIRECTION ( 'NONE',  ( -0.000000000000000000, -0.000000000000000000, 1.000000000000000000 ) ) ;
#9913 = ORIENTED_EDGE ( 'NONE', *, *, #1088, .T. ) ;
#9914 = VECTOR ( 'NONE', #6067, 39.37007874015748143 ) ;
#9915 = CARTESIAN_POINT ( 'NONE',  ( -3.693202048827113781, -6.505936369147188536, 0.3937007874015748254 ) ) ;
#9916 = EDGE_LOOP ( 'NONE', ( #10927, #885 ) ) ;
#9917 = AXIS2_PLACEMENT_3D ( 'NONE', #4000, #1121, #11082 ) ;
#9918 = ORIENTED_EDGE ( 'NONE', *, *, #2646, .T. ) ;
#9919 = FACE_OUTER_BOUND ( 'NONE', #2241, .T. ) ;
#9920 = CARTESIAN_POINT ( 'NONE',  ( -4.184668832571871278, -5.521684400643249724, 0.000000000000000000 ) ) ;
#9921 = EDGE_LOOP ( 'NONE', ( #62, #11098, #2337, #6245, #10144, #6955, #7362, #1892 ) ) ;
#9922 = DIRECTION ( 'NONE',  ( -1.000000000000000000, 0.000000000000000000, 1.966319083971647814E-16 ) ) ;
#9923 = FACE_OUTER_BOUND ( 'NONE', #11285, .T. ) ;
#9924 = EDGE_LOOP ( 'NONE', ( #5027, #2227, #1110, #11378 ) ) ;
#9925 = CARTESIAN_POINT ( 'NONE',  ( -2.952755905511811108, 3.336583315892183155, 0.3937007874015748254 ) ) ;
#9926 = EDGE_CURVE ( 'NONE', #7720, #11121, #6356, .T. ) ;
#9927 = FACE_OUTER_BOUND ( 'NONE', #10511, .T. ) ;
#9928 = ORIENTED_EDGE ( 'NONE', *, *, #6929, .T. ) ;
#9929 = CARTESIAN_POINT ( 'NONE',  ( 6.104413281412985448, -3.946881251036950200, 0.3937007874015748254 ) ) ;
#9930 = EDGE_LOOP ( 'NONE', ( #6759, #1515, #7, #730 ) ) ;
#9931 = CARTESIAN_POINT ( 'NONE',  ( 1.261104803704728772, 9.448818897637794478, 0.1482536524622699581 ) ) ;
#9932 = DIRECTION ( 'NONE',  ( 0.000000000000000000, 0.000000000000000000, 1.000000000000000000 ) ) ;
#9933 = VECTOR ( 'NONE', #8463, 39.37007874015748143 ) ;
#9934 = DIRECTION ( 'NONE',  ( 0.000000000000000000, 0.000000000000000000, 1.000000000000000000 ) ) ;
#9935 = DIRECTION ( 'NONE',  ( -0.000000000000000000, -1.000000000000000000, -0.000000000000000000 ) ) ;
#9936 = CARTESIAN_POINT ( 'NONE',  ( -3.838582677165350177, 3.937007874015748143, 6.395228468411555234 ) ) ;
#9937 = LINE ( 'NONE', #8116, #7374 ) ;
#9938 = VERTEX_POINT ( 'NONE', #6419 ) ;
#9939 = EDGE_CURVE ( 'NONE', #6549, #783, #6782, .T. ) ;
#9940 = CARTESIAN_POINT ( 'NONE',  ( -4.591619688868616045, 9.448818897637794478, -7.206675219446472269 ) ) ;
#9941 = EDGE_CURVE ( 'NONE', #7540, #7145, #125, .T. ) ;
#9942 = VERTEX_POINT ( 'NONE', #11275 ) ;
#9943 = LINE ( 'NONE', #1761, #5074 ) ;
#9944 = CARTESIAN_POINT ( 'NONE',  ( 4.392152166776199351, 7.874015748031496287, 7.445930726915714004 ) ) ;
#9945 = ORIENTED_EDGE ( 'NONE', *, *, #3263, .T. ) ;
#9946 = EDGE_LOOP ( 'NONE', ( #9992, #4622, #5284, #3411 ) ) ;
#9947 = LINE ( 'NONE', #7479, #8316 ) ;
#9948 = VECTOR ( 'NONE', #5597, 39.37007874015748143 ) ;
#9949 = ORIENTED_EDGE ( 'NONE', *, *, #4559, .F. ) ;
#9950 = DIRECTION ( 'NONE',  ( -0.000000000000000000, -1.000000000000000000, -0.000000000000000000 ) ) ;
#9951 = ORIENTED_EDGE ( 'NONE', *, *, #4523, .F. ) ;
#9952 = LINE ( 'NONE', #5443, #580 ) ;
#9953 = CARTESIAN_POINT ( 'NONE',  ( 3.693202048827112893, -6.505936369147187648, 0.000000000000000000 ) ) ;
#9954 = ORIENTED_EDGE ( 'NONE', *, *, #6850, .F. ) ;
#9955 = ADVANCED_FACE ( 'NONE', ( #4787 ), #2996, .F. ) ;
#9956 = DIRECTION ( 'NONE',  ( 0.000000000000000000, -0.000000000000000000, 1.000000000000000000 ) ) ;
#9957 = CARTESIAN_POINT ( 'NONE',  ( -4.347829632394716981, -11.77069179321712333, 0.3937007874015748254 ) ) ;
#9958 = LINE ( 'NONE', #8974, #8673 ) ;
#9959 = ORIENTED_EDGE ( 'NONE', *, *, #5894, .F. ) ;
#9960 = AXIS2_PLACEMENT_3D ( 'NONE', #1563, #6304, #3429 ) ;
#9961 = FACE_BOUND ( 'NONE', #2466, .T. ) ;
#9962 = FACE_BOUND ( 'NONE', #8993, .T. ) ;
#9963 = CIRCLE ( 'NONE', #3694, 1.181102362204724976 ) ;
#9964 = CARTESIAN_POINT ( 'NONE',  ( -4.985320476270190149, 9.055118110236220375, -7.165371565913558172 ) ) ;
#9965 = DIRECTION ( 'NONE',  ( -0.000000000000000000, -1.000000000000000000, -0.000000000000000000 ) ) ;
#9966 = ORIENTED_EDGE ( 'NONE', *, *, #11100, .T. ) ;
#9967 = DIRECTION ( 'NONE',  ( 1.000000000000000000, 0.000000000000000000, -0.000000000000000000 ) ) ;
#9969 = ORIENTED_EDGE ( 'NONE', *, *, #10578, .F. ) ;
#9968 = PRODUCT ( 'Assemblage AGV', 'Assemblage AGV', '', ( #11596 ) ) ;
#9970 = EDGE_CURVE ( 'NONE', #11238, #11047, #5638, .T. ) ;
#9971 =( REPRESENTATION_RELATIONSHIP ('NONE','NONE', #4507, #9006 ) REPRESENTATION_RELATIONSHIP_WITH_TRANSFORMATION ( #5786 )SHAPE_REPRESENTATION_RELATIONSHIP( ) );
#9972 = EDGE_CURVE ( 'NONE', #11466, #1759, #1300, .T. ) ;
#9973 = VECTOR ( 'NONE', #1146, 39.37007874015748143 ) ;
#9974 = DIRECTION ( 'NONE',  ( 0.000000000000000000, 1.000000000000000000, 0.000000000000000000 ) ) ;
#9975 = VERTEX_POINT ( 'NONE', #6838 ) ;
#9976 = ORIENTED_EDGE ( 'NONE', *, *, #2048, .F. ) ;
#9977 = PLANE ( 'NONE',  #5609 ) ;
#9978 = DIRECTION ( 'NONE',  ( -0.000000000000000000, 1.000000000000000000, -0.000000000000000000 ) ) ;
#9979 = VERTEX_POINT ( 'NONE', #7717 ) ;
#9980 = CIRCLE ( 'NONE', #3902, 0.3937007874015746034 ) ;
#9981 = CARTESIAN_POINT ( 'NONE',  ( -5.017424058054031022, 0.1062603045818660968, 5.115415261520184664 ) ) ;
#9982 = DIRECTION ( 'NONE',  ( -1.000000000000000000, 0.000000000000000000, 0.000000000000000000 ) ) ;
#9983 = VECTOR ( 'NONE', #5485, 39.37007874015748854 ) ;
#9984 = CIRCLE ( 'NONE', #5833, 1.181102362204725420 ) ;
#9985 = EDGE_CURVE ( 'NONE', #6325, #10765, #2926, .T. ) ;
#9986 = CARTESIAN_POINT ( 'NONE',  ( -4.197918901467038388, 7.874015748031496287, 8.233332301718865764 ) ) ;
#9987 = CIRCLE ( 'NONE', #80, 0.1968503937007875793 ) ;
#9988 = VECTOR ( 'NONE', #2507, 39.37007874015748143 ) ;
#9989 = DIRECTION ( 'NONE',  ( 0.000000000000000000, -1.000000000000000000, 0.000000000000000000 ) ) ;
#9990 = CARTESIAN_POINT ( 'NONE',  ( 0.000000000000000000, 0.000000000000000000, 0.000000000000000000 ) ) ;
#9991 = ORIENTED_EDGE ( 'NONE', *, *, #11617, .F. ) ;
#9992 = ORIENTED_EDGE ( 'NONE', *, *, #8803, .F. ) ;
#9993 = DIRECTION ( 'NONE',  ( 0.000000000000000000, 1.000000000000000000, 0.000000000000000000 ) ) ;
#9994 = CIRCLE ( 'NONE', #2372, 0.1968503937007875793 ) ;
#9995 = DIRECTION ( 'NONE',  ( 0.000000000000000000, 1.000000000000000000, 0.000000000000000000 ) ) ;
#9996 = CARTESIAN_POINT ( 'NONE',  ( 3.740157480314960647, -10.75790487308419685, 0.3937007874015748254 ) ) ;
#9997 = CARTESIAN_POINT ( 'NONE',  ( 2.778641590709047815, 3.937007874015748143, 7.874015748031494510 ) ) ;
#9998 = AXIS2_PLACEMENT_3D ( 'NONE', #4520, #6382, #2600 ) ;
#9999 = CARTESIAN_POINT ( 'NONE',  ( 5.905511811023623103, 0.000000000000000000, 0.5905511811023624880 ) ) ;
#10000 = VECTOR ( 'NONE', #5636, 39.37007874015748143 ) ;
#10001 = AXIS2_PLACEMENT_3D ( 'NONE', #2016, #6228, #3647 ) ;
#10002 = VERTEX_POINT ( 'NONE', #4961 ) ;
#10003 = CIRCLE ( 'NONE', #3546, 0.08858267716535440928 ) ;
#10004 = LINE ( 'NONE', #11732, #10962 ) ;
#10005 = EDGE_LOOP ( 'NONE', ( #10889, #4595, #3016, #1917 ) ) ;
#10006 = ORIENTED_EDGE ( 'NONE', *, *, #6366, .F. ) ;
#10007 = CARTESIAN_POINT ( 'NONE',  ( 4.252043450305097672, 3.937007874015748143, 7.501597746311236214 ) ) ;
#10008 = DIRECTION ( 'NONE',  ( 0.000000000000000000, 0.000000000000000000, 1.000000000000000000 ) ) ;
#10009 = ORIENTED_EDGE ( 'NONE', *, *, #9970, .T. ) ;
#10010 = AXIS2_PLACEMENT_3D ( 'NONE', #8105, #10769, #2529 ) ;
#10011 = AXIS2_PLACEMENT_3D ( 'NONE', #5740, #10190, #1167 ) ;
#10012 = AXIS2_PLACEMENT_3D ( 'NONE', #1353, #5009, #3337 ) ;
#10013 = VERTEX_POINT ( 'NONE', #10442 ) ;
#10014 = FACE_OUTER_BOUND ( 'NONE', #6692, .T. ) ;
#10015 = ORIENTED_EDGE ( 'NONE', *, *, #7533, .F. ) ;
#10016 = FACE_OUTER_BOUND ( 'NONE', #418, .T. ) ;
#10017 = AXIS2_PLACEMENT_3D ( 'NONE', #10477, #8761, #7814 ) ;
#10018 = CARTESIAN_POINT ( 'NONE',  ( 4.361834186902580512, -11.42719621166687283, 0.000000000000000000 ) ) ;
#10019 = ADVANCED_FACE ( 'NONE', ( #2260 ), #2143, .T. ) ;
#10020 = DIRECTION ( 'NONE',  ( 0.000000000000000000, 0.000000000000000000, -1.000000000000000000 ) ) ;
#10021 = ORIENTED_EDGE ( 'NONE', *, *, #8409, .T. ) ;
#10022 = PRODUCT_DEFINITION_FORMATION_WITH_SPECIFIED_SOURCE ( 'ANY', '', #9968, .NOT_KNOWN. ) ;
#10023 = CIRCLE ( 'NONE', #3163, 0.3937007874015751585 ) ;
#10024 = AXIS2_PLACEMENT_3D ( 'NONE', #6931, #10541, #8168 ) ;
#10025 = EDGE_CURVE ( 'NONE', #1876, #6590, #5940, .T. ) ;
#10026 = EDGE_CURVE ( 'NONE', #10933, #835, #9552, .T. ) ;
#10027 = DIRECTION ( 'NONE',  ( 0.000000000000000000, 0.000000000000000000, -1.000000000000000000 ) ) ;
#10028 = CARTESIAN_POINT ( 'NONE',  ( -3.740157480314960647, -10.75790487308419685, 0.3937007874015748254 ) ) ;
#10029 = DIRECTION ( 'NONE',  ( 1.000000000000000000, -0.000000000000000000, -0.000000000000000000 ) ) ;
#10030 = DIRECTION ( 'NONE',  ( -0.000000000000000000, -1.000000000000000000, -0.000000000000000000 ) ) ;
#10031 = ADVANCED_FACE ( 'NONE', ( #9330, #8549 ), #3955, .T. ) ;
#10032 = VECTOR ( 'NONE', #2925, 39.37007874015748143 ) ;
#10033 = EDGE_LOOP ( 'NONE', ( #208, #1086 ) ) ;
#10034 = DIRECTION ( 'NONE',  ( 0.000000000000000000, 1.000000000000000000, -0.000000000000000000 ) ) ;
#10035 = LINE ( 'NONE', #3053, #4529 ) ;
#10036 = FACE_OUTER_BOUND ( 'NONE', #2270, .T. ) ;
#10037 = DIRECTION ( 'NONE',  ( 0.000000000000000000, -0.000000000000000000, -1.000000000000000000 ) ) ;
#10038 = EDGE_CURVE ( 'NONE', #3596, #6751, #6403, .T. ) ;
#10039 = VERTEX_POINT ( 'NONE', #1130 ) ;
#10040 = FACE_BOUND ( 'NONE', #3763, .T. ) ;
#10041 = ORIENTED_EDGE ( 'NONE', *, *, #8266, .F. ) ;
#10042 = PRESENTATION_LAYER_ASSIGNMENT (  '', '', ( #2043 ) ) ;
#10043 = FACE_OUTER_BOUND ( 'NONE', #4476, .T. ) ;
#10044 = VERTEX_POINT ( 'NONE', #4843 ) ;
#10045 = AXIS2_PLACEMENT_3D ( 'NONE', #3024, #1337, #8636 ) ;
#10046 = EDGE_CURVE ( 'NONE', #10132, #11455, #343, .T. ) ;
#10047 = ORIENTED_EDGE ( 'NONE', *, *, #5249, .T. ) ;
#10048 = DIRECTION ( 'NONE',  ( -1.000000000000000000, 0.000000000000000000, 0.000000000000000000 ) ) ;
#10049 = CARTESIAN_POINT ( 'NONE',  ( -2.952755905511811108, -12.41144818017080986, 0.3937007874015748254 ) ) ;
#10050 = VERTEX_POINT ( 'NONE', #8431 ) ;
#10051 = EDGE_CURVE ( 'NONE', #9533, #8335, #2377, .T. ) ;
#10052 = ORIENTED_EDGE ( 'NONE', *, *, #6355, .T. ) ;
#10053 = CARTESIAN_POINT ( 'NONE',  ( -5.066827347074618793, 0.6395901838909474613, 4.982617258192943765 ) ) ;
#10054 = LINE ( 'NONE', #7402, #5045 ) ;
#10055 = CARTESIAN_POINT ( 'NONE',  ( -2.073640607983706197, 3.336583315892183155, 0.3937007874015748254 ) ) ;
#10056 = ORIENTED_EDGE ( 'NONE', *, *, #9482, .F. ) ;
#10057 = ORIENTED_EDGE ( 'NONE', *, *, #4226, .F. ) ;
#10058 = PLANE ( 'NONE',  #5421 ) ;
#10059 = LINE ( 'NONE', #4526, #6225 ) ;
#10060 = ADVANCED_FACE ( 'NONE', ( #9379 ), #6768, .F. ) ;
#10061 = CARTESIAN_POINT ( 'NONE',  ( -4.923310919208258696, -6.505936369147188536, 0.3937007874015748254 ) ) ;
#10062 = CARTESIAN_POINT ( 'NONE',  ( 6.104413281412985448, -5.127983613241675620, 0.000000000000000000 ) ) ;
#10063 = FACE_OUTER_BOUND ( 'NONE', #9441, .T. ) ;
#10064 = ORIENTED_EDGE ( 'NONE', *, *, #2082, .T. ) ;
#10065 = CARTESIAN_POINT ( 'NONE',  ( 2.464506571609102803, -2.698702213475663303, 0.7874015748031496509 ) ) ;
#10066 = VERTEX_POINT ( 'NONE', #6663 ) ;
#10067 = EDGE_LOOP ( 'NONE', ( #3825, #7969, #7185, #7137 ) ) ;
#10068 = DIRECTION ( 'NONE',  ( 4.163336342344337520E-16, 1.000000000000000000, 0.000000000000000000 ) ) ;
#10069 =( NAMED_UNIT ( * ) SI_UNIT ( $, .STERADIAN. ) SOLID_ANGLE_UNIT ( ) );
#10070 = ORIENTED_EDGE ( 'NONE', *, *, #1422, .F. ) ;
#10071 = ORIENTED_EDGE ( 'NONE', *, *, #4154, .T. ) ;
#10072 = CARTESIAN_POINT ( 'NONE',  ( 2.778641590709047371, 3.915065883440284278, 6.791338582677162172 ) ) ;
#10073 = ORIENTED_EDGE ( 'NONE', *, *, #4209, .F. ) ;
#10074 = CARTESIAN_POINT ( 'NONE',  ( 5.118110236220535292, 3.149606299212599492, -5.283063347057058046 ) ) ;
#10075 = ORIENTED_EDGE ( 'NONE', *, *, #5399, .F. ) ;
#10076 = DIRECTION ( 'NONE',  ( -0.000000000000000000, -1.000000000000000000, -0.000000000000000000 ) ) ;
#10077 = CYLINDRICAL_SURFACE ( 'NONE', #5840, 1.181102362204723200 ) ;
#10078 = VERTEX_POINT ( 'NONE', #2032 ) ;
#10079 = VECTOR ( 'NONE', #1544, 39.37007874015748143 ) ;
#10080 = CYLINDRICAL_SURFACE ( 'NONE', #4676, 0.08858267716535440928 ) ;
#10081 = EDGE_LOOP ( 'NONE', ( #11502, #11213, #7662, #2019 ) ) ;
#10082 = DIRECTION ( 'NONE',  ( -0.000000000000000000, -0.000000000000000000, 1.000000000000000000 ) ) ;
#10083 = ADVANCED_FACE ( 'NONE', ( #10376 ), #290, .F. ) ;
#10084 = DIRECTION ( 'NONE',  ( -0.000000000000000000, -0.000000000000000000, -1.000000000000000000 ) ) ;
#10086 = LINE ( 'NONE', #8489, #4638 ) ;
#10085 = CIRCLE ( 'NONE', #11031, 0.08858267716535440928 ) ;
#10087 = CARTESIAN_POINT ( 'NONE',  ( -0.5905511811023601565, -0.3937007874015748254, -7.874015748031495399 ) ) ;
#10088 = ORIENTED_EDGE ( 'NONE', *, *, #5357, .F. ) ;
#10089 = CARTESIAN_POINT ( 'NONE',  ( 4.392152166776199351, 9.055118110236220375, 8.233332301718865764 ) ) ;
#10090 = CARTESIAN_POINT ( 'NONE',  ( 3.693202048827116002, 1.368079378884309083, 0.3937007874015748254 ) ) ;
#10091 = EDGE_CURVE ( 'NONE', #8099, #2446, #6717, .T. ) ;
#10092 = DIRECTION ( 'NONE',  ( 0.000000000000000000, 0.000000000000000000, -1.000000000000000000 ) ) ;
#10093 = DIRECTION ( 'NONE',  ( -0.000000000000000000, -1.000000000000000000, -0.000000000000000000 ) ) ;
#10094 = ORIENTED_EDGE ( 'NONE', *, *, #3661, .T. ) ;
#10095 = FACE_BOUND ( 'NONE', #8933, .T. ) ;
#10096 = MANIFOLD_SOLID_BREP ( 'Cut-Extrude1', #8640 ) ;
#10097 = EDGE_LOOP ( 'NONE', ( #8242, #4230 ) ) ;
#10098 = AXIS2_PLACEMENT_3D ( 'NONE', #1820, #424, #10182 ) ;
#10099 = EDGE_CURVE ( 'NONE', #504, #2802, #6891, .T. ) ;
#10100 = AXIS2_PLACEMENT_3D ( 'NONE', #3758, #10950, #7413 ) ;
#10101 = ADVANCED_FACE ( 'NONE', ( #9672 ), #2379, .F. ) ;
#10102 = DIRECTION ( 'NONE',  ( -0.000000000000000000, -1.000000000000000000, -0.000000000000000000 ) ) ;
#10103 = VERTEX_POINT ( 'NONE', #9929 ) ;
#10104 = ORIENTED_EDGE ( 'NONE', *, *, #413, .F. ) ;
#10105 = DIRECTION ( 'NONE',  ( 0.000000000000000000, 0.000000000000000000, -1.000000000000000000 ) ) ;
#10106 = CARTESIAN_POINT ( 'NONE',  ( 3.456684561203211992, 0.01986406393673362594, 0.000000000000000000 ) ) ;
#10107 = EDGE_CURVE ( 'NONE', #9522, #3815, #5145, .T. ) ;
#10108 = AXIS2_PLACEMENT_3D ( 'NONE', #2697, #772, #958 ) ;
#10109 = LINE ( 'NONE', #6297, #4628 ) ;
#10110 = VECTOR ( 'NONE', #3536, 39.37007874015748143 ) ;
#10111 = CARTESIAN_POINT ( 'NONE',  ( 3.653534954903999488, -1.306301163389676168, 0.000000000000000000 ) ) ;
#10112 = DIRECTION ( 'NONE',  ( 1.000000000000000000, 0.000000000000000000, 0.000000000000000000 ) ) ;
#10113 = EDGE_CURVE ( 'NONE', #10066, #8197, #7153, .T. ) ;
#10114 = CIRCLE ( 'NONE', #3066, 0.5905511811023627100 ) ;
#10115 = EDGE_CURVE ( 'NONE', #1876, #5620, #9805, .T. ) ;
#10116 = DIRECTION ( 'NONE',  ( 0.000000000000000000, 0.000000000000000000, -1.000000000000000000 ) ) ;
#10117 = CONTEXT_DEPENDENT_SHAPE_REPRESENTATION ( #8779, #2835 ) ;
#10118 = ORIENTED_EDGE ( 'NONE', *, *, #8642, .F. ) ;
#10119 = ORIENTED_EDGE ( 'NONE', *, *, #9638, .F. ) ;
#10120 = DIRECTION ( 'NONE',  ( -0.000000000000000000, -0.000000000000000000, -1.000000000000000000 ) ) ;
#10121 = DIRECTION ( 'NONE',  ( -0.000000000000000000, -0.000000000000000000, -1.000000000000000000 ) ) ;
#10122 = DIRECTION ( 'NONE',  ( 0.000000000000000000, 0.000000000000000000, 1.000000000000000000 ) ) ;
#10123 = CARTESIAN_POINT ( 'NONE',  ( 0.4737032289015790099, 9.448818897637794478, -0.04859674123851762811 ) ) ;
#10124 = DIRECTION ( 'NONE',  ( 1.000000000000000000, 0.000000000000000000, 0.000000000000000000 ) ) ;
#10125 = ORIENTED_EDGE ( 'NONE', *, *, #7147, .F. ) ;
#10126 = EDGE_CURVE ( 'NONE', #4034, #6515, #1427, .T. ) ;
#10127 = CARTESIAN_POINT ( 'NONE',  ( 3.693202048827116002, 1.368079378884309083, 0.000000000000000000 ) ) ;
#10128 = ORIENTED_EDGE ( 'NONE', *, *, #6863, .F. ) ;
#10129 = ORIENTED_EDGE ( 'NONE', *, *, #9738, .T. ) ;
#10130 = EDGE_CURVE ( 'NONE', #5024, #3520, #10585, .T. ) ;
#10131 = CARTESIAN_POINT ( 'NONE',  ( 5.019685039370020085, 3.915065883440284278, 6.395228468411552569 ) ) ;
#10132 = VERTEX_POINT ( 'NONE', #2602 ) ;
#10133 = ORIENTED_EDGE ( 'NONE', *, *, #6426, .T. ) ;
#10134 = MANIFOLD_SOLID_BREP ( 'Cut-Extrude3', #422 ) ;
#10135 = FACE_OUTER_BOUND ( 'NONE', #9439, .T. ) ;
#10136 = EDGE_LOOP ( 'NONE', ( #622, #9340, #8940, #10860 ) ) ;
#10137 = FACE_OUTER_BOUND ( 'NONE', #1789, .T. ) ;
#10138 = DIRECTION ( 'NONE',  ( -1.000000000000000000, -1.387778780781447155E-16, 0.000000000000000000 ) ) ;
#10139 = CARTESIAN_POINT ( 'NONE',  ( -5.905511811023623103, 0.000000000000000000, -5.965761340813562796 ) ) ;
#10140 = ORIENTED_EDGE ( 'NONE', *, *, #11702, .T. ) ;
#10141 = LINE ( 'NONE', #7486, #11141 ) ;
#10142 = ADVANCED_FACE ( 'NONE', ( #1877 ), #522, .T. ) ;
#10143 = DIRECTION ( 'NONE',  ( -1.541976423090495387E-16, -1.000000000000000000, 0.000000000000000000 ) ) ;
#10144 = ORIENTED_EDGE ( 'NONE', *, *, #6993, .T. ) ;
#10145 = DIRECTION ( 'NONE',  ( 1.000000000000000000, 3.469446951953614189E-17, -0.000000000000000000 ) ) ;
#10146 = DIRECTION ( 'NONE',  ( -0.8574929257125448734, -0.5144957554275252365, 0.000000000000000000 ) ) ;
#10147 = FACE_OUTER_BOUND ( 'NONE', #10005, .T. ) ;
#10148 = ORIENTED_EDGE ( 'NONE', *, *, #3824, .F. ) ;
#10149 = CARTESIAN_POINT ( 'NONE',  ( -2.467341395385281633, 3.336583315892183155, 0.3937007874015748254 ) ) ;
#10150 = DIRECTION ( 'NONE',  ( 0.000000000000000000, 0.000000000000000000, 1.000000000000000000 ) ) ;
#10151 = CARTESIAN_POINT ( 'NONE',  ( 4.252043450305092342, 3.937007874015748143, -7.501597746311241544 ) ) ;
#10152 = CARTESIAN_POINT ( 'NONE',  ( 4.921259842519685179, 1.368079378884309083, 0.000000000000000000 ) ) ;
#10153 = DIRECTION ( 'NONE',  ( -0.000000000000000000, 1.000000000000000000, -0.000000000000000000 ) ) ;
#10154 = ORIENTED_EDGE ( 'NONE', *, *, #457, .F. ) ;
#10155 = CIRCLE ( 'NONE', #5988, 1.181102362204723200 ) ;
#10156 = EDGE_CURVE ( 'NONE', #1220, #5373, #5550, .T. ) ;
#10157 = EDGE_CURVE ( 'NONE', #5892, #3261, #10141, .T. ) ;
#10158 = EDGE_CURVE ( 'NONE', #1890, #7248, #2993, .T. ) ;
#10159 = VECTOR ( 'NONE', #2585, 39.37007874015748143 ) ;
#10160 = CARTESIAN_POINT ( 'NONE',  ( 0.5905511811023621549, 4.517685678096908575, 0.000000000000000000 ) ) ;
#10161 = ORIENTED_EDGE ( 'NONE', *, *, #1142, .F. ) ;
#10162 = VECTOR ( 'NONE', #8022, 39.37007874015748143 ) ;
#10163 = AXIS2_PLACEMENT_3D ( 'NONE', #11643, #2643, #6308 ) ;
#10164 = VERTEX_POINT ( 'NONE', #5574 ) ;
#10165 = FACE_OUTER_BOUND ( 'NONE', #761, .T. ) ;
#10166 = EDGE_CURVE ( 'NONE', #2797, #1034, #10316, .T. ) ;
#10167 = CARTESIAN_POINT ( 'NONE',  ( 0.4737032289015790099, 9.448818897637794478, -0.2454471349393049229 ) ) ;
#10168 = DIRECTION ( 'NONE',  ( -0.000000000000000000, -1.000000000000000000, -0.000000000000000000 ) ) ;
#10169 = DIRECTION ( 'NONE',  ( 1.000000000000000000, -1.526556658859591821E-15, 0.000000000000000000 ) ) ;
#10170 = CARTESIAN_POINT ( 'NONE',  ( -3.192102363848771773, 0.000000000000000000, -7.799282663726462062 ) ) ;
#10171 = EDGE_CURVE ( 'NONE', #10132, #7078, #1961, .T. ) ;
#10172 = AXIS2_PLACEMENT_3D ( 'NONE', #8155, #5592, #16 ) ;
#10173 = CIRCLE ( 'NONE', #8466, 0.08858267716535496439 ) ;
#10174 = EDGE_CURVE ( 'NONE', #8888, #6933, #7431, .T. ) ;
#10175 = CARTESIAN_POINT ( 'NONE',  ( 3.549822394964751382, 3.149606299212599492, 6.729326213142290847 ) ) ;
#10176 = ORIENTED_EDGE ( 'NONE', *, *, #5372, .T. ) ;
#10177 = AXIS2_PLACEMENT_3D ( 'NONE', #10111, #2589, #1029 ) ;
#10178 = ORIENTED_EDGE ( 'NONE', *, *, #7081, .F. ) ;
#10179 = DIRECTION ( 'NONE',  ( 0.000000000000000000, 0.000000000000000000, 1.000000000000000000 ) ) ;
#10180 = CARTESIAN_POINT ( 'NONE',  ( -6.104413281412983672, -3.946881251036951976, 0.000000000000000000 ) ) ;
#10181 = EDGE_CURVE ( 'NONE', #5730, #294, #5758, .T. ) ;
#10182 = DIRECTION ( 'NONE',  ( 1.000000000000000000, 0.000000000000000000, 0.000000000000000000 ) ) ;
#10183 = LINE ( 'NONE', #9997, #509 ) ;
#10184 = AXIS2_PLACEMENT_3D ( 'NONE', #6235, #4488, #1849 ) ;
#10185 = DIRECTION ( 'NONE',  ( 0.000000000000000000, -1.000000000000000000, 0.000000000000000000 ) ) ;
#10186 = EDGE_CURVE ( 'NONE', #4836, #9873, #1180, .T. ) ;
#10187 = VERTEX_POINT ( 'NONE', #4904 ) ;
#10188 = CIRCLE ( 'NONE', #646, 0.3937007874015748254 ) ;
#10189 = CIRCLE ( 'NONE', #5051, 0.1968503937007875793 ) ;
#10190 = DIRECTION ( 'NONE',  ( -2.775557561562893323E-15, 1.000000000000000000, 0.000000000000000000 ) ) ;
#10191 = ORIENTED_EDGE ( 'NONE', *, *, #5829, .F. ) ;
#10192 = CARTESIAN_POINT ( 'NONE',  ( 3.693202048827114670, -2.568928495131438172, 0.3937007874015748254 ) ) ;
#10193 = ORIENTED_EDGE ( 'NONE', *, *, #7666, .F. ) ;
#10194 = ORIENTED_EDGE ( 'NONE', *, *, #1574, .T. ) ;
#10195 = DIRECTION ( 'NONE',  ( 0.000000000000000000, -1.000000000000000000, 0.000000000000000000 ) ) ;
#10196 = EDGE_CURVE ( 'NONE', #1119, #3491, #7373, .T. ) ;
#10197 = AXIS2_PLACEMENT_3D ( 'NONE', #1002, #171, #340 ) ;
#10198 = ORIENTED_EDGE ( 'NONE', *, *, #8421, .T. ) ;
#10199 = AXIS2_PLACEMENT_3D ( 'NONE', #5633, #1122, #999 ) ;
#10200 = LINE ( 'NONE', #218, #11422 ) ;
#10201 = EDGE_LOOP ( 'NONE', ( #3032, #1091, #3751, #5978, #3724, #8186, #8762, #9173, #7983, #3907, #2084, #5581, #2200, #9728, #2459, #4382, #10328, #10075 ) ) ;
#10202 = CARTESIAN_POINT ( 'NONE',  ( -3.693202048827116002, 1.368079378884309083, 0.3937007874015748254 ) ) ;
#10203 = CARTESIAN_POINT ( 'NONE',  ( 0.000000000000000000, 8.267716535433070391, 7.445930726915714004 ) ) ;
#10204 = ADVANCED_FACE ( 'NONE', ( #2863 ), #10080, .F. ) ;
#10205 = ORIENTED_EDGE ( 'NONE', *, *, #10994, .F. ) ;
#10206 = AXIS2_PLACEMENT_3D ( 'NONE', #293, #10321, #5815 ) ;
#10207 = DIRECTION ( 'NONE',  ( 1.000000000000000000, 1.110223024625156146E-15, -0.000000000000000000 ) ) ;
#10208 = CIRCLE ( 'NONE', #1044, 1.181102362204725420 ) ;
#10209 = VECTOR ( 'NONE', #8901, 39.37007874015748143 ) ;
#10210 = AXIS2_PLACEMENT_3D ( 'NONE', #9837, #2673, #6339 ) ;
#10211 = DIRECTION ( 'NONE',  ( 0.000000000000000000, -1.000000000000000000, 0.000000000000000000 ) ) ;
#10212 = DIRECTION ( 'NONE',  ( 1.000000000000000000, 0.000000000000000000, -4.649641239344063863E-15 ) ) ;
#10213 = CIRCLE ( 'NONE', #1619, 0.3937007874015746034 ) ;
#10214 = DIRECTION ( 'NONE',  ( -0.000000000000000000, -0.000000000000000000, 1.000000000000000000 ) ) ;
#10215 = CARTESIAN_POINT ( 'NONE',  ( -2.464506571609101471, -2.698702213475664191, 0.7874015748031496509 ) ) ;
#10216 = APPLICATION_CONTEXT ( 'automotive_design' ) ;
#10217 = VERTEX_POINT ( 'NONE', #4784 ) ;
#10218 = CARTESIAN_POINT ( 'NONE',  ( -3.192102363848777991, 3.937007874015748143, 7.897707860576848482 ) ) ;
#10219 = DIRECTION ( 'NONE',  ( 1.000000000000000000, 1.387778780781446267E-15, -0.000000000000000000 ) ) ;
#10220 = CARTESIAN_POINT ( 'NONE',  ( 2.778641590709042930, 3.937007874015748143, -7.874015748031498951 ) ) ;
#10221 = DIRECTION ( 'NONE',  ( 1.000000000000000000, -0.000000000000000000, 4.649641239344063863E-15 ) ) ;
#10222 = VECTOR ( 'NONE', #10068, 39.37007874015748143 ) ;
#10223 = DIRECTION ( 'NONE',  ( -0.000000000000000000, -0.000000000000000000, 1.000000000000000000 ) ) ;
#10224 = EDGE_CURVE ( 'NONE', #5353, #7477, #9267, .T. ) ;
#10225 = ORIENTED_EDGE ( 'NONE', *, *, #10969, .F. ) ;
#10226 = AXIS2_PLACEMENT_3D ( 'NONE', #1942, #11781, #3625 ) ;
#10227 = DIRECTION ( 'NONE',  ( 1.000000000000000000, 0.000000000000000000, 0.000000000000000000 ) ) ;
#10228 = VECTOR ( 'NONE', #10679, 39.37007874015748143 ) ;
#10229 = CARTESIAN_POINT ( 'NONE',  ( -2.778641590709042930, 0.000000000000000000, -6.692913385826773087 ) ) ;
#10230 = ORIENTED_EDGE ( 'NONE', *, *, #2031, .T. ) ;
#10231 = ORIENTED_EDGE ( 'NONE', *, *, #7807, .T. ) ;
#10232 = CARTESIAN_POINT ( 'NONE',  ( 0.000000000000000000, 0.000000000000000000, 0.7874015748031496509 ) ) ;
#10233 = VECTOR ( 'NONE', #4807, 39.37007874015748143 ) ;
#10234 = DIRECTION ( 'NONE',  ( 0.000000000000000000, 0.000000000000000000, 1.000000000000000000 ) ) ;
#10235 = ORIENTED_EDGE ( 'NONE', *, *, #1648, .F. ) ;
#10236 = CARTESIAN_POINT ( 'NONE',  ( 5.905511811023623103, 0.000000000000000000, -5.965761340813563685 ) ) ;
#10237 = CYLINDRICAL_SURFACE ( 'NONE', #5646, 0.3937007874015748254 ) ;
#10238 = VECTOR ( 'NONE', #6049, 39.37007874015748143 ) ;
#10239 = CARTESIAN_POINT ( 'NONE',  ( -7.232166136696951570E-17, -13.00199936127317279, 0.3937007874015748810 ) ) ;
#10240 = APPLICATION_PROTOCOL_DEFINITION ( 'draft international standard', 'automotive_design', 1998, #6575 ) ;
#10241 = EDGE_LOOP ( 'NONE', ( #8739, #1492, #79, #278 ) ) ;
#10242 = EDGE_CURVE ( 'NONE', #2150, #5467, #11085, .T. ) ;
#10243 = ORIENTED_EDGE ( 'NONE', *, *, #8067, .F. ) ;
#10244 = PLANE ( 'NONE',  #4813 ) ;
#10245 = PLANE ( 'NONE',  #670 ) ;
#10246 = LINE ( 'NONE', #4940, #7603 ) ;
#10247 = CARTESIAN_POINT ( 'NONE',  ( -3.346456692913384323, 3.937007874015748143, 5.829937311063766892 ) ) ;
#10248 = VERTEX_POINT ( 'NONE', #7660 ) ;
#10249 = CARTESIAN_POINT ( 'NONE',  ( 4.923310919208258696, -6.505936369147187648, 0.000000000000000000 ) ) ;
#10250 = ADVANCED_FACE ( 'NONE', ( #4727 ), #120, .F. ) ;
#10251 = EDGE_LOOP ( 'NONE', ( #3654, #9037, #4751, #7058 ) ) ;
#10252 = DIRECTION ( 'NONE',  ( -0.000000000000000000, -0.000000000000000000, 1.000000000000000000 ) ) ;
#10253 = ORIENTED_EDGE ( 'NONE', *, *, #3661, .F. ) ;
#10254 = ADVANCED_FACE ( 'NONE', ( #4004 ), #2027, .F. ) ;
#10255 = ORIENTED_EDGE ( 'NONE', *, *, #2067, .F. ) ;
#10256 = DIRECTION ( 'NONE',  ( -0.000000000000000000, 1.000000000000000000, 0.000000000000000000 ) ) ;
#10257 = CARTESIAN_POINT ( 'NONE',  ( -5.120161312909050189, -4.537432432139312688, 0.3937007874015748810 ) ) ;
#10258 = ORIENTED_EDGE ( 'NONE', *, *, #63, .T. ) ;
#10259 = CARTESIAN_POINT ( 'NONE',  ( -2.778641590709042930, 3.937007874015748143, -7.972440944881890701 ) ) ;
#10260 = FACE_OUTER_BOUND ( 'NONE', #1737, .T. ) ;
#10261 = ORIENTED_EDGE ( 'NONE', *, *, #1359, .T. ) ;
#10262 = CARTESIAN_POINT ( 'NONE',  ( 4.923310919208258696, -6.505936369147187648, 0.3937007874015748254 ) ) ;
#10263 = EDGE_CURVE ( 'NONE', #3726, #5773, #3885, .T. ) ;
#10264 = VERTEX_POINT ( 'NONE', #1126 ) ;
#10265 = CIRCLE ( 'NONE', #5138, 1.181102362204725420 ) ;
#10266 = LINE ( 'NONE', #7613, #6448 ) ;
#10267 = EDGE_CURVE ( 'NONE', #4924, #11694, #11151, .T. ) ;
#10268 = CARTESIAN_POINT ( 'NONE',  ( 4.392152166776199351, 9.055118110236220375, 8.233332301718865764 ) ) ;
#10269 = DIRECTION ( 'NONE',  ( -0.000000000000000000, -0.000000000000000000, -1.000000000000000000 ) ) ;
#10270 = CARTESIAN_POINT ( 'NONE',  ( -2.464506571609101471, -6.438859693790625727, 0.7874015748031496509 ) ) ;
#10271 = ORIENTED_EDGE ( 'NONE', *, *, #9391, .F. ) ;
#10272 = DIRECTION ( 'NONE',  ( 0.000000000000000000, 0.000000000000000000, 1.000000000000000000 ) ) ;
#10273 = ORIENTED_EDGE ( 'NONE', *, *, #5148, .T. ) ;
#10274 = DIRECTION ( 'NONE',  ( -0.000000000000000000, -0.000000000000000000, 1.000000000000000000 ) ) ;
#10275 = DIRECTION ( 'NONE',  ( 0.000000000000000000, 0.000000000000000000, 1.000000000000000000 ) ) ;
#10276 = CARTESIAN_POINT ( 'NONE',  ( -5.513862100310625181, -4.537432432139312688, 0.3937007874015748810 ) ) ;
#10277 = EDGE_LOOP ( 'NONE', ( #4609, #10814, #9721, #3461 ) ) ;
#10278 = CARTESIAN_POINT ( 'NONE',  ( -4.985320476270190149, 7.480314960629921295, -7.559072353315134052 ) ) ;
#10279 = AXIS2_PLACEMENT_3D ( 'NONE', #7541, #277, #2801 ) ;
#10280 = EDGE_CURVE ( 'NONE', #8151, #9214, #6611, .T. ) ;
#10281 = DIRECTION ( 'NONE',  ( 1.040834085586068795E-14, 1.000000000000000000, 0.000000000000000000 ) ) ;
#10282 = ORIENTED_EDGE ( 'NONE', *, *, #1208, .F. ) ;
#10283 = ORIENTED_EDGE ( 'NONE', *, *, #5706, .T. ) ;
#10284 = CARTESIAN_POINT ( 'NONE',  ( -3.346456692913384323, 7.480314960629921295, 7.011039673268492756 ) ) ;
#10285 = LINE ( 'NONE', #11293, #9651 ) ;
#10286 = FACE_OUTER_BOUND ( 'NONE', #9311, .T. ) ;
#10287 = LINE ( 'NONE', #6556, #2540 ) ;
#10288 = MECHANICAL_DESIGN_GEOMETRIC_PRESENTATION_REPRESENTATION (  '', ( #4957 ), #3042 ) ;
#10289 = ORIENTED_EDGE ( 'NONE', *, *, #9453, .F. ) ;
#10290 = CARTESIAN_POINT ( 'NONE',  ( -0.4709337523242653201, 7.874015748031496287, -0.04859674123851779465 ) ) ;
#10291 = ORIENTED_EDGE ( 'NONE', *, *, #6217, .F. ) ;
#10292 = CIRCLE ( 'NONE', #7460, 0.1968503937007875793 ) ;
#10293 = AXIS2_PLACEMENT_3D ( 'NONE', #9705, #1522, #1470 ) ;
#10294 = ORIENTED_EDGE ( 'NONE', *, *, #6185, .T. ) ;
#10295 = DIRECTION ( 'NONE',  ( -0.000000000000000000, -0.000000000000000000, -1.000000000000000000 ) ) ;
#10296 = CARTESIAN_POINT ( 'NONE',  ( -2.467341395385280300, -12.41144818017080986, 0.7874015748031496509 ) ) ;
#10297 = LINE ( 'NONE', #2118, #1273 ) ;
#10298 = DIRECTION ( 'NONE',  ( 0.000000000000000000, 0.000000000000000000, -1.000000000000000000 ) ) ;
#10299 = ORIENTED_EDGE ( 'NONE', *, *, #2193, .T. ) ;
#10300 = VECTOR ( 'NONE', #8791, 39.37007874015748143 ) ;
#10301 = EDGE_CURVE ( 'NONE', #8185, #3178, #4838, .T. ) ;
#10302 = FACE_OUTER_BOUND ( 'NONE', #4136, .T. ) ;
#10303 = ORIENTED_EDGE ( 'NONE', *, *, #1322, .F. ) ;
#10304 = CARTESIAN_POINT ( 'NONE',  ( 3.299501261425539234, -6.505936369147188536, 1.968503937007874072 ) ) ;
#10305 = ORIENTED_EDGE ( 'NONE', *, *, #11272, .F. ) ;
#10306 = ORIENTED_EDGE ( 'NONE', *, *, #9258, .T. ) ;
#10307 = MANIFOLD_SOLID_BREP ( 'Cut-Extrude4[2]', #3870 ) ;
#10308 = VECTOR ( 'NONE', #11146, 39.37007874015748143 ) ;
#10309 = CARTESIAN_POINT ( 'NONE',  ( 2.467341395385281633, 1.564929772585096579, 0.7874015748031496509 ) ) ;
#10310 = CARTESIAN_POINT ( 'NONE',  ( 4.921259842519688732, -10.44294424316293224, 0.3937007874015748254 ) ) ;
#10311 = ORIENTED_EDGE ( 'NONE', *, *, #6142, .F. ) ;
#10312 = EDGE_CURVE ( 'NONE', #2828, #5842, #6110, .T. ) ;
#10313 = LINE ( 'NONE', #4723, #5962 ) ;
#10314 = CARTESIAN_POINT ( 'NONE',  ( -3.346456692913386100, 7.480314960629921295, -6.420488492166129824 ) ) ;
#10315 = EDGE_CURVE ( 'NONE', #10827, #9232, #8311, .T. ) ;
#10316 = LINE ( 'NONE', #10262, #4299 ) ;
#10317 = ORIENTED_EDGE ( 'NONE', *, *, #5086, .F. ) ;
#10318 = LINE ( 'NONE', #6767, #10032 ) ;
#10319 = CARTESIAN_POINT ( 'NONE',  ( -2.703458040287970654, 0.000000000000000000, -7.731481024822777215 ) ) ;
#10320 = PLANE ( 'NONE',  #3120 ) ;
#10321 = DIRECTION ( 'NONE',  ( 0.000000000000000000, 1.000000000000000000, -0.000000000000000000 ) ) ;
#10322 = ORIENTED_EDGE ( 'NONE', *, *, #3028, .T. ) ;
#10323 = LINE ( 'NONE', #1135, #2648 ) ;
#10324 = ORIENTED_EDGE ( 'NONE', *, *, #1735, .T. ) ;
#10325 = LINE ( 'NONE', #6605, #11555 ) ;
#10326 = EDGE_CURVE ( 'NONE', #6343, #6189, #6054, .T. ) ;
#10327 = LINE ( 'NONE', #1252, #4973 ) ;
#10328 = ORIENTED_EDGE ( 'NONE', *, *, #7824, .F. ) ;
#10329 = DIRECTION ( 'NONE',  ( 0.000000000000000000, 0.000000000000000000, 1.000000000000000000 ) ) ;
#10330 = ORIENTED_EDGE ( 'NONE', *, *, #6495, .F. ) ;
#10331 = DIRECTION ( 'NONE',  ( 0.000000000000000000, 0.000000000000000000, -1.000000000000000000 ) ) ;
#10332 = DIRECTION ( 'NONE',  ( 0.000000000000000000, -1.000000000000000000, 0.000000000000000000 ) ) ;
#10333 = VERTEX_POINT ( 'NONE', #11322 ) ;
#10334 = ORIENTED_EDGE ( 'NONE', *, *, #8206, .F. ) ;
#10335 = DIRECTION ( 'NONE',  ( -0.000000000000000000, -0.000000000000000000, 1.000000000000000000 ) ) ;
#10336 = CARTESIAN_POINT ( 'NONE',  ( 2.410722045565657611E-17, 0.000000000000000000, -7.086614173228347191 ) ) ;
#10337 = EDGE_CURVE ( 'NONE', #2797, #3879, #4236, .T. ) ;
#10338 = AXIS2_PLACEMENT_3D ( 'NONE', #9400, #3973, #7452 ) ;
#10339 = VERTEX_POINT ( 'NONE', #9720 ) ;
#10340 = ORIENTED_EDGE ( 'NONE', *, *, #11549, .T. ) ;
#10341 = FACE_BOUND ( 'NONE', #2680, .T. ) ;
#10342 = EDGE_CURVE ( 'NONE', #11393, #2984, #3160, .T. ) ;
#10343 = EDGE_LOOP ( 'NONE', ( #3939, #4599, #7512, #9000 ) ) ;
#10344 = CARTESIAN_POINT ( 'NONE',  ( -4.923310919208258696, -6.505936369147188536, 0.3937007874015748254 ) ) ;
#10345 = ORIENTED_EDGE ( 'NONE', *, *, #6355, .F. ) ;
#10346 = VERTEX_POINT ( 'NONE', #5141 ) ;
#10347 = DIRECTION ( 'NONE',  ( 0.000000000000000000, 0.000000000000000000, 1.000000000000000000 ) ) ;
#10348 = LINE ( 'NONE', #2176, #6233 ) ;
#10349 = AXIS2_PLACEMENT_3D ( 'NONE', #3483, #5400, #10812 ) ;
#10350 = CYLINDRICAL_SURFACE ( 'NONE', #7141, 0.1968503937007873017 ) ;
#10351 = CIRCLE ( 'NONE', #1014, 1.181102362204725420 ) ;
#10352 = DIRECTION ( 'NONE',  ( 1.000000000000000000, 0.000000000000000000, 0.000000000000000000 ) ) ;
#10353 = EDGE_CURVE ( 'NONE', #11040, #6610, #7888, .T. ) ;
#10354 = ORIENTED_EDGE ( 'NONE', *, *, #182, .T. ) ;
#10355 = FACE_BOUND ( 'NONE', #8789, .T. ) ;
#10356 = ORIENTED_EDGE ( 'NONE', *, *, #8396, .F. ) ;
#10357 = CIRCLE ( 'NONE', #10177, 0.1968503937007875793 ) ;
#10358 = DIRECTION ( 'NONE',  ( 0.000000000000000000, 0.000000000000000000, 1.000000000000000000 ) ) ;
#10359 = ORIENTED_EDGE ( 'NONE', *, *, #9203, .T. ) ;
#10360 = ORIENTED_EDGE ( 'NONE', *, *, #3492, .F. ) ;
#10361 = CARTESIAN_POINT ( 'NONE',  ( 2.778641590709047815, 3.937007874015748143, 7.874015748031494510 ) ) ;
#10362 = SURFACE_STYLE_USAGE ( .BOTH. , #5136 ) ;
#10363 = EDGE_LOOP ( 'NONE', ( #133, #668, #5435, #6960 ) ) ;
#10364 = LINE ( 'NONE', #4053, #1540 ) ;
#10365 = AXIS2_PLACEMENT_3D ( 'NONE', #7628, #10332, #5830 ) ;
#10366 = FACE_BOUND ( 'NONE', #1524, .T. ) ;
#10367 = AXIS2_PLACEMENT_3D ( 'NONE', #11284, #8497, #9215 ) ;
#10368 = EDGE_LOOP ( 'NONE', ( #7299, #3162, #4722, #468 ) ) ;
#10369 = CIRCLE ( 'NONE', #1412, 0.08858267716535440928 ) ;
#10370 = CARTESIAN_POINT ( 'NONE',  ( 3.560428057591566997, 3.168267873820385105, 0.3937007874015748254 ) ) ;
#10371 = EDGE_LOOP ( 'NONE', ( #9219, #8363, #7313, #1640 ) ) ;
#10372 = DIRECTION ( 'NONE',  ( -0.000000000000000000, -1.000000000000000000, -0.000000000000000000 ) ) ;
#10373 = FACE_OUTER_BOUND ( 'NONE', #10755, .T. ) ;
#10374 = COLOUR_RGB ( '',0.7921568627450980005, 0.8196078431372548767, 0.9333333333333333481 ) ;
#10375 = VECTOR ( 'NONE', #1600, 39.37007874015748143 ) ;
#10376 = FACE_OUTER_BOUND ( 'NONE', #1366, .T. ) ;
#10377 = CARTESIAN_POINT ( 'NONE',  ( 3.192102363848777102, 3.937007874015748143, -7.799282663726460285 ) ) ;
#10378 = DIRECTION ( 'NONE',  ( -1.000000000000000000, 0.000000000000000000, -0.000000000000000000 ) ) ;
#10379 = EDGE_CURVE ( 'NONE', #532, #9779, #2199, .T. ) ;
#10380 = ORIENTED_EDGE ( 'NONE', *, *, #10969, .T. ) ;
#10381 = CARTESIAN_POINT ( 'NONE',  ( -2.778641590709042930, 3.937007874015748143, -7.874015748031498063 ) ) ;
#10382 = ORIENTED_EDGE ( 'NONE', *, *, #1142, .T. ) ;
#10383 = CARTESIAN_POINT ( 'NONE',  ( -3.693202048827115558, -2.175227707729864512, 0.7874015748031496509 ) ) ;
#10384 = AXIS2_PLACEMENT_3D ( 'NONE', #5204, #2381, #4360 ) ;
#10385 = FACE_OUTER_BOUND ( 'NONE', #1889, .T. ) ;
#10386 = VERTEX_POINT ( 'NONE', #11497 ) ;
#10387 = CARTESIAN_POINT ( 'NONE',  ( 4.252043450305097672, 3.937007874015748143, 7.501597746311236214 ) ) ;
#10388 = EDGE_CURVE ( 'NONE', #7905, #3873, #5877, .T. ) ;
#10389 = EDGE_LOOP ( 'NONE', ( #158, #11106, #3436, #11766 ) ) ;
#10390 = EDGE_CURVE ( 'NONE', #6666, #514, #9547, .T. ) ;
#10391 = AXIS2_PLACEMENT_3D ( 'NONE', #5434, #9075, #3518 ) ;
#10392 = VECTOR ( 'NONE', #6534, 39.37007874015748143 ) ;
#10393 = AXIS2_PLACEMENT_3D ( 'NONE', #8725, #5880, #6111 ) ;
#10394 = DIRECTION ( 'NONE',  ( -0.000000000000000000, -1.000000000000000000, -0.000000000000000000 ) ) ;
#10395 = CIRCLE ( 'NONE', #11342, 1.181102362204725420 ) ;
#10396 = EDGE_CURVE ( 'NONE', #11721, #1890, #1355, .T. ) ;
#10397 = DIRECTION ( 'NONE',  ( -0.7165884869596742535, 0.000000000000000000, 0.6974961937938047862 ) ) ;
#10398 = ORIENTED_EDGE ( 'NONE', *, *, #10886, .T. ) ;
#10399 = EDGE_CURVE ( 'NONE', #10264, #8294, #2391, .T. ) ;
#10400 = AXIS2_PLACEMENT_3D ( 'NONE', #6940, #5199, #2314 ) ;
#10401 = CIRCLE ( 'NONE', #2980, 0.08858267716535496439 ) ;
#10402 = ORIENTED_EDGE ( 'NONE', *, *, #3081, .T. ) ;
#10403 = DIRECTION ( 'NONE',  ( -0.000000000000000000, -1.000000000000000000, -0.000000000000000000 ) ) ;
#10404 = DIRECTION ( 'NONE',  ( -1.000000000000000000, -0.000000000000000000, -0.000000000000000000 ) ) ;
#10405 = CARTESIAN_POINT ( 'NONE',  ( -0.3937007874015748810, 3.927134496994546087, 0.000000000000000000 ) ) ;
#10406 = DIRECTION ( 'NONE',  ( 1.000000000000000000, 0.000000000000000000, -0.000000000000000000 ) ) ;
#10407 = FACE_OUTER_BOUND ( 'NONE', #10604, .T. ) ;
#10408 = CIRCLE ( 'NONE', #9464, 0.3937007874015751585 ) ;
#10409 = ORIENTED_EDGE ( 'NONE', *, *, #8619, .T. ) ;
#10410 = VECTOR ( 'NONE', #4890, 39.37007874015748143 ) ;
#10411 = AXIS2_PLACEMENT_3D ( 'NONE', #146, #2056, #10116 ) ;
#10412 = UNCERTAINTY_MEASURE_WITH_UNIT (LENGTH_MEASURE( 1.000000000000000082E-05 ), #1584, 'distance_accuracy_value', 'NONE');
#10413 = ADVANCED_FACE ( 'NONE', ( #4294 ), #1296, .F. ) ;
#10414 = CARTESIAN_POINT ( 'NONE',  ( -0.1968503937007874127, -2.119596502482376632, 0.3937007874015748254 ) ) ;
#10415 = VERTEX_POINT ( 'NONE', #1758 ) ;
#10416 = VECTOR ( 'NONE', #2567, 39.37007874015748143 ) ;
#10417 = CARTESIAN_POINT ( 'NONE',  ( -2.703458040287970654, 0.000000000000000000, 5.905511811023622215 ) ) ;
#10418 = EDGE_CURVE ( 'NONE', #11013, #3588, #11559, .T. ) ;
#10419 = ORIENTED_EDGE ( 'NONE', *, *, #7517, .F. ) ;
#10420 = FACE_OUTER_BOUND ( 'NONE', #1833, .T. ) ;
#10421 = CARTESIAN_POINT ( 'NONE',  ( 4.921259842519688732, -10.44294424316293224, 0.3937007874015748254 ) ) ;
#10422 = ORIENTED_EDGE ( 'NONE', *, *, #8286, .T. ) ;
#10423 = DIRECTION ( 'NONE',  ( 0.000000000000000000, 1.000000000000000000, -0.000000000000000000 ) ) ;
#10424 = DIRECTION ( 'NONE',  ( 0.000000000000000000, 0.000000000000000000, 1.000000000000000000 ) ) ;
#10425 = ORIENTED_EDGE ( 'NONE', *, *, #11261, .T. ) ;
#10426 = AXIS2_PLACEMENT_3D ( 'NONE', #4793, #8437, #4915 ) ;
#10427 = CARTESIAN_POINT ( 'NONE',  ( -4.591619688868616045, 7.480314960629921295, 7.839631514317292549 ) ) ;
#10428 = CARTESIAN_POINT ( 'NONE',  ( -2.952755905511811108, -12.41144818017080986, 0.3937007874015748254 ) ) ;
#10429 =( NAMED_UNIT ( * ) PLANE_ANGLE_UNIT ( ) SI_UNIT ( $, .RADIAN. ) );
#10430 = ORIENTED_EDGE ( 'NONE', *, *, #7249, .T. ) ;
#10431 = EDGE_CURVE ( 'NONE', #4229, #10164, #7172, .T. ) ;
#10432 = ORIENTED_EDGE ( 'NONE', *, *, #8824, .F. ) ;
#10433 = DIRECTION ( 'NONE',  ( -0.000000000000000000, 1.000000000000000000, -0.000000000000000000 ) ) ;
#10434 = EDGE_LOOP ( 'NONE', ( #8088, #4040, #4217, #11019 ) ) ;
#10435 = CARTESIAN_POINT ( 'NONE',  ( -4.273251509737226783, -11.42719621166687105, 0.3937007874015748254 ) ) ;
#10436 = CYLINDRICAL_SURFACE ( 'NONE', #10751, 0.3937007874015751585 ) ;
#10437 = ORIENTED_EDGE ( 'NONE', *, *, #5300, .F. ) ;
#10438 = SURFACE_SIDE_STYLE ('',( #6830 ) ) ;
#10439 = ORIENTED_EDGE ( 'NONE', *, *, #1377, .T. ) ;
#10440 = CARTESIAN_POINT ( 'NONE',  ( -3.693202048827116002, 1.368079378884309083, 0.7874015748031496509 ) ) ;
#10441 = CARTESIAN_POINT ( 'NONE',  ( 4.361834186902583177, -5.521684400643250612, 0.000000000000000000 ) ) ;
#10442 = CARTESIAN_POINT ( 'NONE',  ( -4.184668832571872166, -3.553180463635376096, 0.000000000000000000 ) ) ;
#10443 = CARTESIAN_POINT ( 'NONE',  ( 0.1968503937007882731, -7.034450261923434589, 0.7874015748031496509 ) ) ;
#10444 = LINE ( 'NONE', #5997, #1606 ) ;
#10445 = VERTEX_POINT ( 'NONE', #5315 ) ;
#10446 = PLANE ( 'NONE',  #1882 ) ;
#10447 = LINE ( 'NONE', #10508, #754 ) ;
#10448 = ORIENTED_EDGE ( 'NONE', *, *, #2000, .T. ) ;
#10449 = ORIENTED_EDGE ( 'NONE', *, *, #6118, .T. ) ;
#10450 = CYLINDRICAL_SURFACE ( 'NONE', #6201, 1.181102362204724310 ) ;
#10451 = VERTEX_POINT ( 'NONE', #10783 ) ;
#10452 = EDGE_LOOP ( 'NONE', ( #4966, #11169, #9567, #10119 ) ) ;
#10453 = EDGE_CURVE ( 'NONE', #11051, #5469, #10004, .T. ) ;
#10454 = LINE ( 'NONE', #4605, #9474 ) ;
#10455 = FACE_OUTER_BOUND ( 'NONE', #10673, .T. ) ;
#10456 = ORIENTED_EDGE ( 'NONE', *, *, #6353, .F. ) ;
#10457 = EDGE_CURVE ( 'NONE', #2470, #10339, #748, .T. ) ;
#10458 = EDGE_LOOP ( 'NONE', ( #4728, #6671, #10340, #1275 ) ) ;
#10459 = DIMENSIONAL_EXPONENTS ( 1.000000000000000000, 0.000000000000000000, 0.000000000000000000, 0.000000000000000000, 0.000000000000000000, 0.000000000000000000, 0.000000000000000000 ) ;
#10460 = LINE ( 'NONE', #1317, #728 ) ;
#10461 = CARTESIAN_POINT ( 'NONE',  ( -4.273251509737226783, -5.521684400643249724, 0.3937007874015748254 ) ) ;
#10462 = VERTEX_POINT ( 'NONE', #10715 ) ;
#10463 = DIRECTION ( 'NONE',  ( 0.000000000000000000, 0.000000000000000000, 1.000000000000000000 ) ) ;
#10464 = DIRECTION ( 'NONE',  ( -0.000000000000000000, -0.000000000000000000, 1.000000000000000000 ) ) ;
#10465 = VERTEX_POINT ( 'NONE', #2614 ) ;
#10466 = DIRECTION ( 'NONE',  ( 1.110223024625156146E-15, -1.000000000000000000, 0.000000000000000000 ) ) ;
#10467 = EDGE_CURVE ( 'NONE', #1738, #4554, #10837, .T. ) ;
#10468 = VERTEX_POINT ( 'NONE', #8179 ) ;
#10469 = AXIS2_PLACEMENT_3D ( 'NONE', #4373, #9155, #7123 ) ;
#10470 = EDGE_CURVE ( 'NONE', #9759, #4632, #4532, .T. ) ;
#10471 = MANIFOLD_SOLID_BREP ( 'Cut-Extrude3', #1746 ) ;
#10472 = LINE ( 'NONE', #2171, #5622 ) ;
#10473 = ORIENTED_EDGE ( 'NONE', *, *, #1155, .T. ) ;
#10474 = DIRECTION ( 'NONE',  ( -0.000000000000000000, -1.000000000000000000, -0.000000000000000000 ) ) ;
#10475 = VERTEX_POINT ( 'NONE', #6336 ) ;
#10476 = LINE ( 'NONE', #5053, #809 ) ;
#10477 = CARTESIAN_POINT ( 'NONE',  ( 0.000000000000000000, 0.000000000000000000, -6.889763779527560139 ) ) ;
#10478 = VECTOR ( 'NONE', #10901, 39.37007874015748143 ) ;
#10479 = ORIENTED_EDGE ( 'NONE', *, *, #7723, .T. ) ;
#10480 = CARTESIAN_POINT ( 'NONE',  ( -0.5905511811023621549, 4.517685678096908575, 0.3937007874015748254 ) ) ;
#10481 = EDGE_CURVE ( 'NONE', #2753, #4361, #875, .T. ) ;
#10482 = CARTESIAN_POINT ( 'NONE',  ( -4.184668832571872166, -3.553180463635376096, 0.000000000000000000 ) ) ;
#10483 = ORIENTED_EDGE ( 'NONE', *, *, #6711, .T. ) ;
#10484 = CIRCLE ( 'NONE', #1143, 0.3937007874015751030 ) ;
#10485 = DIRECTION ( 'NONE',  ( 0.000000000000000000, 1.000000000000000000, 0.000000000000000000 ) ) ;
#10486 = AXIS2_PLACEMENT_3D ( 'NONE', #9049, #1632, #8821 ) ;
#10487 = DIRECTION ( 'NONE',  ( 0.000000000000000000, 0.000000000000000000, 1.000000000000000000 ) ) ;
#10488 = EDGE_LOOP ( 'NONE', ( #7266, #5849, #5065, #9047 ) ) ;
#10489 = ORIENTED_EDGE ( 'NONE', *, *, #1311, .F. ) ;
#10490 = CARTESIAN_POINT ( 'NONE',  ( 0.000000000000000000, 8.267716535433070391, 7.445930726915714004 ) ) ;
#10491 = DIRECTION ( 'NONE',  ( -1.000000000000000000, -0.000000000000000000, -0.000000000000000000 ) ) ;
#10492 = VECTOR ( 'NONE', #7673, 39.37007874015748143 ) ;
#10493 = EDGE_CURVE ( 'NONE', #3240, #99, #11607, .T. ) ;
#10494 = CARTESIAN_POINT ( 'NONE',  ( 0.5905511811023621549, 0.000000000000000000, 9.055118110236220375 ) ) ;
#10495 = DIRECTION ( 'NONE',  ( -0.000000000000000000, -1.000000000000000000, -0.000000000000000000 ) ) ;
#10496 = ADVANCED_FACE ( 'NONE', ( #9071 ), #6215, .T. ) ;
#10497 = ORIENTED_EDGE ( 'NONE', *, *, #4930, .F. ) ;
#10498 = DIRECTION ( 'NONE',  ( 0.000000000000000000, 0.000000000000000000, -1.000000000000000000 ) ) ;
#10499 = DIRECTION ( 'NONE',  ( -0.000000000000000000, -0.000000000000000000, -1.000000000000000000 ) ) ;
#10500 = VECTOR ( 'NONE', #9142, 39.37007874015748143 ) ;
#10501 = APPLICATION_CONTEXT ( 'automotive_design' ) ;
#10502 = CARTESIAN_POINT ( 'NONE',  ( 2.467341395385283409, -12.41144818017080809, 0.7874015748031496509 ) ) ;
#10503 = DIRECTION ( 'NONE',  ( 0.000000000000000000, 0.000000000000000000, 1.000000000000000000 ) ) ;
#10504 = DIRECTION ( 'NONE',  ( 0.000000000000000000, 1.000000000000000000, -0.000000000000000000 ) ) ;
#10505 = ORIENTED_EDGE ( 'NONE', *, *, #7249, .F. ) ;
#10506 = DIRECTION ( 'NONE',  ( -0.000000000000000000, -1.000000000000000000, -0.000000000000000000 ) ) ;
#10507 = EDGE_LOOP ( 'NONE', ( #1439, #5755, #3094, #4995 ) ) ;
#10508 = CARTESIAN_POINT ( 'NONE',  ( 3.693202048827114670, -2.568928495131438172, 0.000000000000000000 ) ) ;
#10509 = VERTEX_POINT ( 'NONE', #9772 ) ;
#10510 = DIRECTION ( 'NONE',  ( 1.804112415015880956E-15, -1.000000000000000000, 0.000000000000000000 ) ) ;
#10511 = EDGE_LOOP ( 'NONE', ( #7396, #5797, #8281, #5598 ) ) ;
#10512 = EDGE_CURVE ( 'NONE', #4377, #11027, #1589, .T. ) ;
#10513 = CARTESIAN_POINT ( 'NONE',  ( 3.192102363848781987, 3.915065883440284278, -7.897707860576852035 ) ) ;
#10514 = DIRECTION ( 'NONE',  ( 1.000000000000000000, -0.000000000000000000, -0.000000000000000000 ) ) ;
#10515 = ORIENTED_EDGE ( 'NONE', *, *, #11582, .T. ) ;
#10516 = ORIENTED_EDGE ( 'NONE', *, *, #7050, .F. ) ;
#10517 = DIRECTION ( 'NONE',  ( 1.000000000000000000, 0.000000000000000000, 0.000000000000000000 ) ) ;
#10518 = CARTESIAN_POINT ( 'NONE',  ( -6.104413281412983672, -3.946881251036951976, 0.000000000000000000 ) ) ;
#10519 = ORIENTED_EDGE ( 'NONE', *, *, #4209, .T. ) ;
#10520 = LINE ( 'NONE', #9513, #3101 ) ;
#10521 = LINE ( 'NONE', #1559, #1324 ) ;
#10522 = PRODUCT_RELATED_PRODUCT_CATEGORY ( 'part', '', ( #2525 ) ) ;
#10523 = ADVANCED_FACE ( 'NONE', ( #695 ), #8001, .T. ) ;
#10524 = VERTEX_POINT ( 'NONE', #10127 ) ;
#10525 = LINE ( 'NONE', #3482, #6026 ) ;
#10526 = FACE_OUTER_BOUND ( 'NONE', #1084, .T. ) ;
#10527 = ORIENTED_EDGE ( 'NONE', *, *, #8070, .F. ) ;
#10528 = CARTESIAN_POINT ( 'NONE',  ( 4.273251509737226783, -11.42719621166687283, 0.3937007874015748254 ) ) ;
#10529 = ORIENTED_EDGE ( 'NONE', *, *, #6509, .F. ) ;
#10530 = PLANE ( 'NONE',  #10720 ) ;
#10531 = DIRECTION ( 'NONE',  ( 0.8574929257125443183, 0.5144957554275262357, 0.000000000000000000 ) ) ;
#10532 = VERTEX_POINT ( 'NONE', #3686 ) ;
#10533 = EDGE_CURVE ( 'NONE', #11109, #561, #8412, .T. ) ;
#10534 = LINE ( 'NONE', #10480, #8667 ) ;
#10535 = DIRECTION ( 'NONE',  ( 1.000000000000000000, 0.000000000000000000, 2.139492287038062346E-15 ) ) ;
#10536 = EDGE_CURVE ( 'NONE', #11047, #11238, #9817, .T. ) ;
#10537 = ORIENTED_EDGE ( 'NONE', *, *, #3814, .T. ) ;
#10538 = ADVANCED_FACE ( 'NONE', ( #267 ), #101, .T. ) ;
#10539 = EDGE_LOOP ( 'NONE', ( #7623, #6677, #1953, #8571 ) ) ;
#10540 = CARTESIAN_POINT ( 'NONE',  ( -4.591619688868613380, 9.448818897637794478, -7.952773140716710820 ) ) ;
#10541 = DIRECTION ( 'NONE',  ( 0.000000000000000000, 0.000000000000000000, 1.000000000000000000 ) ) ;
#10542 = ORIENTED_EDGE ( 'NONE', *, *, #3876, .F. ) ;
#10543 = ADVANCED_FACE ( 'NONE', ( #10302 ), #7598, .F. ) ;
#10544 = ORIENTED_EDGE ( 'NONE', *, *, #9068, .T. ) ;
#10545 = DIRECTION ( 'NONE',  ( 0.000000000000000000, 0.000000000000000000, 1.000000000000000000 ) ) ;
#10546 = VECTOR ( 'NONE', #6482, 39.37007874015748143 ) ;
#10547 = ADVANCED_FACE ( 'NONE', ( #7415 ), #3762, .F. ) ;
#10548 = LINE ( 'NONE', #6105, #9712 ) ;
#10549 = LINE ( 'NONE', #2311, #5367 ) ;
#10550 = LINE ( 'NONE', #394, #6429 ) ;
#10551 = VECTOR ( 'NONE', #10690, 39.37007874015748143 ) ;
#10552 =( NAMED_UNIT ( * ) PLANE_ANGLE_UNIT ( ) SI_UNIT ( $, .RADIAN. ) );
#10553 = AXIS2_PLACEMENT_3D ( 'NONE', #9059, #9993, #4576 ) ;
#10554 = ORIENTED_EDGE ( 'NONE', *, *, #2646, .F. ) ;
#10555 = DIRECTION ( 'NONE',  ( -0.000000000000000000, -0.000000000000000000, -1.000000000000000000 ) ) ;
#10556 = CARTESIAN_POINT ( 'NONE',  ( -3.693202048827113781, -10.44294424316293224, 1.968503937007874072 ) ) ;
#10557 = EDGE_CURVE ( 'NONE', #2282, #9938, #4884, .T. ) ;
#10558 = DIRECTION ( 'NONE',  ( -0.000000000000000000, -0.000000000000000000, 1.000000000000000000 ) ) ;
#10559 = DIRECTION ( 'NONE',  ( 1.000000000000000000, -1.387778780781444571E-14, 0.000000000000000000 ) ) ;
#10560 = VERTEX_POINT ( 'NONE', #4768 ) ;
#10561 = EDGE_CURVE ( 'NONE', #5998, #1401, #2123, .T. ) ;
#10562 = VECTOR ( 'NONE', #10650, 39.37007874015748143 ) ;
#10563 = DIRECTION ( 'NONE',  ( 0.000000000000000000, -0.000000000000000000, -1.000000000000000000 ) ) ;
#10564 = CIRCLE ( 'NONE', #5430, 0.07868300030473396323 ) ;
#10565 = FACE_OUTER_BOUND ( 'NONE', #8334, .T. ) ;
#10566 = ORIENTED_EDGE ( 'NONE', *, *, #1272, .F. ) ;
#10567 = FACE_OUTER_BOUND ( 'NONE', #1799, .T. ) ;
#10568 = ORIENTED_EDGE ( 'NONE', *, *, #678, .F. ) ;
#10569 = ORIENTED_EDGE ( 'NONE', *, *, #10786, .F. ) ;
#10570 = VECTOR ( 'NONE', #5455, 39.37007874015748143 ) ;
#10571 = VECTOR ( 'NONE', #9912, 39.37007874015748143 ) ;
#10572 = DIRECTION ( 'NONE',  ( -0.000000000000000000, -0.000000000000000000, -1.000000000000000000 ) ) ;
#10573 = LINE ( 'NONE', #8973, #11130 ) ;
#10574 = ORIENTED_EDGE ( 'NONE', *, *, #6197, .F. ) ;
#10575 = AXIS2_PLACEMENT_3D ( 'NONE', #2998, #2209, #10378 ) ;
#10576 = VERTEX_POINT ( 'NONE', #6648 ) ;
#10577 = EDGE_LOOP ( 'NONE', ( #10094, #4947, #89, #7852, #7100, #8674, #4319, #2855, #2296, #6572, #5514, #231, #1787, #4439, #1159, #11161 ) ) ;
#10578 = EDGE_CURVE ( 'NONE', #4082, #1034, #1050, .T. ) ;
#10579 = DIRECTION ( 'NONE',  ( 0.000000000000000000, 1.000000000000000000, -0.000000000000000000 ) ) ;
#10580 = CARTESIAN_POINT ( 'NONE',  ( 3.693202048827116002, 1.368079378884309083, 0.000000000000000000 ) ) ;
#10581 = ORIENTED_EDGE ( 'NONE', *, *, #8527, .T. ) ;
#10582 = AXIS2_PLACEMENT_3D ( 'NONE', #9270, #1074, #1488 ) ;
#10583 = FACE_OUTER_BOUND ( 'NONE', #3442, .T. ) ;
#10584 = CARTESIAN_POINT ( 'NONE',  ( 4.273251509737228560, -3.553180463635375208, 0.000000000000000000 ) ) ;
#10585 = CIRCLE ( 'NONE', #11701, 0.1968503937007875793 ) ;
#10587 = ORIENTED_EDGE ( 'NONE', *, *, #5161, .F. ) ;
#10586 = AXIS2_PLACEMENT_3D ( 'NONE', #6169, #1659, #5326 ) ;
#10588 = DIRECTION ( 'NONE',  ( -1.387778780781444492E-15, -1.000000000000000000, -0.000000000000000000 ) ) ;
#10589 = VECTOR ( 'NONE', #7881, 39.37007874015748143 ) ;
#10590 = AXIS2_PLACEMENT_3D ( 'NONE', #11270, #4057, #576 ) ;
#10591 = CIRCLE ( 'NONE', #4113, 0.5905511811023627100 ) ;
#10592 = PLANE ( 'NONE',  #9960 ) ;
#10593 = VERTEX_POINT ( 'NONE', #8291 ) ;
#10594 = CARTESIAN_POINT ( 'NONE',  ( -5.905511811023618662, 0.000000000000000000, 5.965761340813562796 ) ) ;
#10595 = ORIENTED_EDGE ( 'NONE', *, *, #2100, .F. ) ;
#10596 = LINE ( 'NONE', #610, #11669 ) ;
#10597 = AXIS2_PLACEMENT_3D ( 'NONE', #6146, #1568, #2644 ) ;
#10598 = DIRECTION ( 'NONE',  ( 0.000000000000000000, 1.000000000000000000, 0.000000000000000000 ) ) ;
#10599 = EDGE_LOOP ( 'NONE', ( #9356, #11148 ) ) ;
#10600 = CARTESIAN_POINT ( 'NONE',  ( -4.923310919208260472, -5.127983613241676508, 0.3937007874015748254 ) ) ;
#10601 = DIRECTION ( 'NONE',  ( 1.000000000000000000, 0.000000000000000000, 0.000000000000000000 ) ) ;
#10602 = AXIS2_PLACEMENT_3D ( 'NONE', #8851, #5030, #6008 ) ;
#10603 = CIRCLE ( 'NONE', #7952, 1.181102362204724310 ) ;
#10604 = EDGE_LOOP ( 'NONE', ( #379, #2588, #139, #3469 ) ) ;
#10605 = EDGE_LOOP ( 'NONE', ( #4035, #9654, #10635, #2796, #5178, #5985 ) ) ;
#10606 = PLANE ( 'NONE',  #4112 ) ;
#10607 = EDGE_CURVE ( 'NONE', #1438, #8128, #9414, .T. ) ;
#10608 = CARTESIAN_POINT ( 'NONE',  ( 3.693202048827114670, -2.568928495131438172, 0.3937007874015748254 ) ) ;
#10609 = ORIENTED_EDGE ( 'NONE', *, *, #2590, .T. ) ;
#10610 = CIRCLE ( 'NONE', #5486, 1.181102362204724310 ) ;
#10611 = ORIENTED_EDGE ( 'NONE', *, *, #1763, .T. ) ;
#10612 = EDGE_CURVE ( 'NONE', #6383, #6365, #3027, .T. ) ;
#10613 = CARTESIAN_POINT ( 'NONE',  ( 2.952755905511811108, -11.23034581796608578, 0.000000000000000000 ) ) ;
#10614 = PRESENTATION_STYLE_ASSIGNMENT (( #10362 ) ) ;
#10615 = CARTESIAN_POINT ( 'NONE',  ( -4.921259842519685179, -10.75790487308419685, 0.3937007874015748254 ) ) ;
#10616 = DIRECTION ( 'NONE',  ( -1.000000000000000000, 0.000000000000000000, 0.000000000000000000 ) ) ;
#10617 = FACE_BOUND ( 'NONE', #10033, .T. ) ;
#10618 = EDGE_CURVE ( 'NONE', #4886, #7720, #7748, .T. ) ;
#10619 =( CONVERSION_BASED_UNIT ( 'INCH', #11384 ) LENGTH_UNIT ( ) NAMED_UNIT ( #8956 ) );
#10620 = ADVANCED_FACE ( 'NONE', ( #5619 ), #6574, .F. ) ;
#10621 = ORIENTED_EDGE ( 'NONE', *, *, #7515, .F. ) ;
#10622 = DIRECTION ( 'NONE',  ( -1.000000000000000000, -0.000000000000000000, -0.000000000000000000 ) ) ;
#10623 = PLANE ( 'NONE',  #8715 ) ;
#10624 = LINE ( 'NONE', #11670, #11515 ) ;
#10625 = ORIENTED_EDGE ( 'NONE', *, *, #1591, .F. ) ;
#10626 = DIRECTION ( 'NONE',  ( 1.000000000000000000, 0.000000000000000000, 0.000000000000000000 ) ) ;
#10627 = CARTESIAN_POINT ( 'NONE',  ( -6.496062992125986035, -0.3937007874015748254, 0.000000000000000000 ) ) ;
#10628 = CARTESIAN_POINT ( 'NONE',  ( -2.778641590709038489, 3.937007874015748143, 6.692913385826771311 ) ) ;
#10629 = ORIENTED_EDGE ( 'NONE', *, *, #3480, .F. ) ;
#10630 = EDGE_CURVE ( 'NONE', #6563, #710, #2773, .T. ) ;
#10631 = ADVANCED_FACE ( 'NONE', ( #2790 ), #1888, .F. ) ;
#10632 = FACE_OUTER_BOUND ( 'NONE', #2911, .T. ) ;
#10633 = DIRECTION ( 'NONE',  ( -1.000000000000000000, 0.000000000000000000, 0.000000000000000000 ) ) ;
#10634 = ORIENTED_EDGE ( 'NONE', *, *, #10171, .T. ) ;
#10635 = ORIENTED_EDGE ( 'NONE', *, *, #10158, .F. ) ;
#10636 = CARTESIAN_POINT ( 'NONE',  ( -3.346456692913384323, 3.937007874015748143, 6.420488492166129824 ) ) ;
#10637 = CARTESIAN_POINT ( 'NONE',  ( 4.370956789862821150E-15, 3.937007874015748143, 7.086614173228344526 ) ) ;
#10638 = EDGE_LOOP ( 'NONE', ( #10920, #4372, #11256, #1023 ) ) ;
#10639 = CARTESIAN_POINT ( 'NONE',  ( 2.858207359010676019, -6.438859693790624839, 0.3937007874015748254 ) ) ;
#10640 = DIRECTION ( 'NONE',  ( 1.000000000000000000, 1.387778780781445676E-16, -0.000000000000000000 ) ) ;
#10641 = LINE ( 'NONE', #6182, #1418 ) ;
#10642 = EDGE_CURVE ( 'NONE', #5971, #3881, #5559, .T. ) ;
#10643 = CARTESIAN_POINT ( 'NONE',  ( -4.591619688868616045, 8.267716535433070391, -7.206675219446472269 ) ) ;
#10644 = VERTEX_POINT ( 'NONE', #8469 ) ;
#10645 = DIRECTION ( 'NONE',  ( 1.000000000000000000, 0.000000000000000000, 0.000000000000000000 ) ) ;
#10646 = EDGE_LOOP ( 'NONE', ( #6683, #11450, #11718, #8180 ) ) ;
#10647 = CARTESIAN_POINT ( 'NONE',  ( -3.456684561203211992, -1.306301163389676168, 0.3937007874015748254 ) ) ;
#10648 = LINE ( 'NONE', #8634, #2394 ) ;
#10649 = ORIENTED_EDGE ( 'NONE', *, *, #10994, .T. ) ;
#10650 = DIRECTION ( 'NONE',  ( -0.000000000000000000, 1.000000000000000000, -0.000000000000000000 ) ) ;
#10651 = VECTOR ( 'NONE', #6116, 39.37007874015748143 ) ;
#10652 = DIRECTION ( 'NONE',  ( -0.000000000000000000, -1.000000000000000000, -0.000000000000000000 ) ) ;
#10653 = ORIENTED_EDGE ( 'NONE', *, *, #11286, .T. ) ;
#10654 = EDGE_CURVE ( 'NONE', #6582, #7736, #1046, .T. ) ;
#10655 = DIRECTION ( 'NONE',  ( -0.000000000000000000, -1.000000000000000000, -0.000000000000000000 ) ) ;
#10656 = CARTESIAN_POINT ( 'NONE',  ( -2.467341395385281633, -10.63979463686372284, 0.7874015748031496509 ) ) ;
#10657 = ORIENTED_EDGE ( 'NONE', *, *, #11216, .F. ) ;
#10658 = VECTOR ( 'NONE', #8246, 39.37007874015748143 ) ;
#10659 = EDGE_LOOP ( 'NONE', ( #10971, #10271, #1471, #1765 ) ) ;
#10660 = CARTESIAN_POINT ( 'NONE',  ( 4.347829632394716093, 2.695826928938496625, 0.000000000000000000 ) ) ;
#10661 = LINE ( 'NONE', #4457, #6694 ) ;
#10662 = CARTESIAN_POINT ( 'NONE',  ( 6.104413281412985448, -3.946881251036950200, 0.000000000000000000 ) ) ;
#10663 = FACE_BOUND ( 'NONE', #5316, .T. ) ;
#10664 = PRODUCT_DEFINITION ( 'UNKNOWN', '', #10022, #7184 ) ;
#10665 = FACE_OUTER_BOUND ( 'NONE', #10488, .T. ) ;
#10666 = MECHANICAL_DESIGN_GEOMETRIC_PRESENTATION_REPRESENTATION (  '', ( #3048 ), #3435 ) ;
#10667 = EDGE_LOOP ( 'NONE', ( #1187, #936 ) ) ;
#10668 = LINE ( 'NONE', #1708, #1047 ) ;
#10669 = DIRECTION ( 'NONE',  ( -1.000000000000000000, 0.000000000000000000, 0.000000000000000000 ) ) ;
#10670 = VECTOR ( 'NONE', #8735, 39.37007874015748143 ) ;
#10671 = DIRECTION ( 'NONE',  ( -1.000000000000000000, -0.000000000000000000, -0.000000000000000000 ) ) ;
#10672 = CIRCLE ( 'NONE', #8216, 0.3937007874015751030 ) ;
#10673 = EDGE_LOOP ( 'NONE', ( #3254, #8384, #8714, #7416 ) ) ;
#10674 = DIRECTION ( 'NONE',  ( -1.000000000000000000, 0.000000000000000000, 0.000000000000000000 ) ) ;
#10675 = CARTESIAN_POINT ( 'NONE',  ( 0.000000000000000000, -0.3937007874015748254, -8.858267716535433323 ) ) ;
#10676 = ADVANCED_FACE ( 'NONE', ( #1473 ), #5862, .F. ) ;
#10677 = CARTESIAN_POINT ( 'NONE',  ( -4.921259842519685179, -10.75790487308419685, 0.000000000000000000 ) ) ;
#10678 = EDGE_LOOP ( 'NONE', ( #11053, #8264, #498, #9555, #6595, #7424, #8347, #8639, #8737, #8800, #6914, #8986, #8310, #11744, #1940, #526 ) ) ;
#10679 = DIRECTION ( 'NONE',  ( 1.000000000000000000, 0.000000000000000000, 0.000000000000000000 ) ) ;
#10680 = LINE ( 'NONE', #4369, #4093 ) ;
#10681 = CARTESIAN_POINT ( 'NONE',  ( -6.496062992125986035, -0.3937007874015748254, 0.000000000000000000 ) ) ;
#10682 = ADVANCED_FACE ( 'NONE', ( #7698 ), #10606, .F. ) ;
#10683 = EDGE_LOOP ( 'NONE', ( #8697, #1486, #3003, #11395 ) ) ;
#10684 = DIRECTION ( 'NONE',  ( 0.000000000000000000, 0.000000000000000000, -1.000000000000000000 ) ) ;
#10685 = CARTESIAN_POINT ( 'NONE',  ( 2.952755905511811108, 2.155480953687459067, 0.000000000000000000 ) ) ;
#10686 = CARTESIAN_POINT ( 'NONE',  ( -3.693202048827119999, -10.44294424316293224, 0.000000000000000000 ) ) ;
#10687 = CARTESIAN_POINT ( 'NONE',  ( -4.273251509737226783, -3.553180463635376096, 0.000000000000000000 ) ) ;
#10688 = ADVANCED_FACE ( 'NONE', ( #8582 ), #5981, .F. ) ;
#10689 = DIRECTION ( 'NONE',  ( -0.000000000000000000, -0.000000000000000000, 1.000000000000000000 ) ) ;
#10690 = DIRECTION ( 'NONE',  ( -0.000000000000000000, -0.000000000000000000, -1.000000000000000000 ) ) ;
#10691 = ORIENTED_EDGE ( 'NONE', *, *, #11193, .F. ) ;
#10692 = EDGE_CURVE ( 'NONE', #2636, #4521, #564, .T. ) ;
#10693 = CARTESIAN_POINT ( 'NONE',  ( 2.410722045565656686E-17, 3.937007874015748143, -7.086614173228347191 ) ) ;
#10694 = VERTEX_POINT ( 'NONE', #6817 ) ;
#10695 = CARTESIAN_POINT ( 'NONE',  ( 3.346456692913386100, 7.480314960629921295, -7.011039673268492756 ) ) ;
#10696 = PLANE ( 'NONE',  #4313 ) ;
#10697 = ORIENTED_EDGE ( 'NONE', *, *, #4307, .T. ) ;
#10698 = ADVANCED_FACE ( 'NONE', ( #328, #5066, #7766, #3145, #9652, #8712, #10355, #2426, #6750 ), #510, .F. ) ;
#10699 = DIRECTION ( 'NONE',  ( 0.000000000000000000, 0.000000000000000000, 1.000000000000000000 ) ) ;
#10700 = DIRECTION ( 'NONE',  ( -0.000000000000000000, -1.000000000000000000, -0.000000000000000000 ) ) ;
#10701 = ORIENTED_EDGE ( 'NONE', *, *, #6662, .F. ) ;
#10702 = DIRECTION ( 'NONE',  ( 0.000000000000000000, 0.000000000000000000, 1.000000000000000000 ) ) ;
#10703 = DIRECTION ( 'NONE',  ( -1.000000000000000000, 0.000000000000000000, -1.156482317317871478E-16 ) ) ;
#10704 = APPLICATION_PROTOCOL_DEFINITION ( 'draft international standard', 'automotive_design', 1998, #6035 ) ;
#10705 = VERTEX_POINT ( 'NONE', #10540 ) ;
#10706 = EDGE_LOOP ( 'NONE', ( #164, #7607, #9559, #4928 ) ) ;
#10707 = LINE ( 'NONE', #3395, #1239 ) ;
#10708 = EDGE_CURVE ( 'NONE', #620, #9390, #2246, .T. ) ;
#10709 = PLANE ( 'NONE',  #7068 ) ;
#10710 = DIRECTION ( 'NONE',  ( 1.000000000000000000, 0.000000000000000000, 0.000000000000000000 ) ) ;
#10711 = AXIS2_PLACEMENT_3D ( 'NONE', #6681, #3014, #2831 ) ;
#10712 = DIRECTION ( 'NONE',  ( 0.000000000000000000, -0.000000000000000000, -1.000000000000000000 ) ) ;
#10713 = PLANE ( 'NONE',  #1615 ) ;
#10714 = AXIS2_PLACEMENT_3D ( 'NONE', #10935, #3672, #2834 ) ;
#10715 = CARTESIAN_POINT ( 'NONE',  ( -4.591619688868616045, 8.267716535433070391, -7.206675219446472269 ) ) ;
#10716 = DIRECTION ( 'NONE',  ( -1.000000000000000000, 0.000000000000000000, 0.000000000000000000 ) ) ;
#10717 = CYLINDRICAL_SURFACE ( 'NONE', #9077, 1.181102362204724310 ) ;
#10718 = EDGE_LOOP ( 'NONE', ( #10118, #7447 ) ) ;
#10719 = VECTOR ( 'NONE', #11632, 39.37007874015748143 ) ;
#10720 = AXIS2_PLACEMENT_3D ( 'NONE', #1466, #2516, #5179 ) ;
#10721 = DIRECTION ( 'NONE',  ( 0.000000000000000000, -0.000000000000000000, 1.000000000000000000 ) ) ;
#10722 = ORIENTED_EDGE ( 'NONE', *, *, #1551, .T. ) ;
#10723 = CARTESIAN_POINT ( 'NONE',  ( -0.5905511811023620439, 3.336583315892183599, 0.000000000000000000 ) ) ;
#10724 = DIRECTION ( 'NONE',  ( 0.000000000000000000, 0.000000000000000000, -1.000000000000000000 ) ) ;
#10725 = DIRECTION ( 'NONE',  ( 0.000000000000000000, 0.000000000000000000, 1.000000000000000000 ) ) ;
#10726 = VECTOR ( 'NONE', #665, 39.37007874015748143 ) ;
#10727 = VERTEX_POINT ( 'NONE', #6876 ) ;
#10728 = CIRCLE ( 'NONE', #5626, 0.3937007874015751585 ) ;
#10729 = CARTESIAN_POINT ( 'NONE',  ( -2.467341395385281633, 3.336583315892183155, 0.7874015748031496509 ) ) ;
#10730 = EDGE_CURVE ( 'NONE', #2502, #10415, #5921, .T. ) ;
#10731 = VECTOR ( 'NONE', #3373, 39.37007874015748143 ) ;
#10732 = DIRECTION ( 'NONE',  ( -0.000000000000000000, -0.000000000000000000, 1.000000000000000000 ) ) ;
#10733 = LINE ( 'NONE', #2630, #8100 ) ;
#10734 = VERTEX_POINT ( 'NONE', #9534 ) ;
#10735 = EDGE_CURVE ( 'NONE', #8128, #8024, #11430, .T. ) ;
#10736 = FACE_BOUND ( 'NONE', #3503, .T. ) ;
#10737 = FACE_OUTER_BOUND ( 'NONE', #10577, .T. ) ;
#10738 = EDGE_CURVE ( 'NONE', #6644, #1435, #1223, .T. ) ;
#10739 = CARTESIAN_POINT ( 'NONE',  ( 4.921259842519685179, 1.683040008805569476, 0.3937007874015748254 ) ) ;
#10740 = CARTESIAN_POINT ( 'NONE',  ( 4.923310919208258696, -6.505936369147187648, 0.3937007874015748254 ) ) ;
#10741 = VERTEX_POINT ( 'NONE', #443 ) ;
#10742 = CARTESIAN_POINT ( 'NONE',  ( 3.740157480314960647, -10.75790487308419685, 0.3937007874015748254 ) ) ;
#10743 = VERTEX_POINT ( 'NONE', #4105 ) ;
#10744 = CIRCLE ( 'NONE', #455, 0.3937007874015751585 ) ;
#10745 = EDGE_CURVE ( 'NONE', #1255, #5044, #2782, .T. ) ;
#10746 = VECTOR ( 'NONE', #6267, 39.37007874015748143 ) ;
#10747 = VECTOR ( 'NONE', #7492, 39.37007874015748143 ) ;
#10748 = EDGE_CURVE ( 'NONE', #7645, #8440, #7647, .T. ) ;
#10749 = CARTESIAN_POINT ( 'NONE',  ( -4.591619688868615157, 8.267716535433070391, 7.577239534397965492 ) ) ;
#10750 = ORIENTED_EDGE ( 'NONE', *, *, #10181, .F. ) ;
#10751 = AXIS2_PLACEMENT_3D ( 'NONE', #7828, #8653, #3093 ) ;
#10752 = ORIENTED_EDGE ( 'NONE', *, *, #10315, .T. ) ;
#10753 = CARTESIAN_POINT ( 'NONE',  ( -4.361834186902581401, -11.42719621166687105, 0.3937007874015748254 ) ) ;
#10754 = DIRECTION ( 'NONE',  ( 0.000000000000000000, 0.000000000000000000, -1.000000000000000000 ) ) ;
#10755 = EDGE_LOOP ( 'NONE', ( #7819, #9576, #6950, #8417 ) ) ;
#10756 = UNCERTAINTY_MEASURE_WITH_UNIT (LENGTH_MEASURE( 1.000000000000000082E-05 ), #451, 'distance_accuracy_value', 'NONE');
#10757 = DIRECTION ( 'NONE',  ( -0.000000000000000000, -1.000000000000000000, -0.000000000000000000 ) ) ;
#10758 = VECTOR ( 'NONE', #4301, 39.37007874015748143 ) ;
#10759 = CARTESIAN_POINT ( 'NONE',  ( 4.347829632394716093, -11.77069179321712333, 0.3937007874015748254 ) ) ;
#10760 = VERTEX_POINT ( 'NONE', #8533 ) ;
#10761 = ADVANCED_FACE ( 'NONE', ( #6037 ), #8767, .F. ) ;
#10762 = VECTOR ( 'NONE', #1762, 39.37007874015748143 ) ;
#10763 = AXIS2_PLACEMENT_3D ( 'NONE', #11198, #985, #11133 ) ;
#10764 = AXIS2_PLACEMENT_3D ( 'NONE', #4464, #11735, #10716 ) ;
#10765 = VERTEX_POINT ( 'NONE', #3389 ) ;
#10766 = LINE ( 'NONE', #2526, #3754 ) ;
#10767 = ADVANCED_FACE ( 'NONE', ( #3565 ), #1637, .F. ) ;
#10768 = DIRECTION ( 'NONE',  ( -0.000000000000000000, -0.000000000000000000, 1.000000000000000000 ) ) ;
#10769 = DIRECTION ( 'NONE',  ( -6.982962677686266711E-15, -1.000000000000000000, 1.059690869644418255E-14 ) ) ;
#10770 = ORIENTED_EDGE ( 'NONE', *, *, #2233, .T. ) ;
#10771 = AXIS2_PLACEMENT_3D ( 'NONE', #6756, #7773, #2982 ) ;
#10772 = CARTESIAN_POINT ( 'NONE',  ( 0.5905511811023639313, -0.3937007874015748254, -7.874015748031495399 ) ) ;
#10773 = VERTEX_POINT ( 'NONE', #5302 ) ;
#10774 = CARTESIAN_POINT ( 'NONE',  ( -2.952755905511811108, -12.41144818017080986, 0.000000000000000000 ) ) ;
#10775 = DIRECTION ( 'NONE',  ( 0.9367259886217312870, 0.000000000000000000, -0.3500634545916500029 ) ) ;
#10776 = ORIENTED_EDGE ( 'NONE', *, *, #8292, .F. ) ;
#10777 = VECTOR ( 'NONE', #2271, 39.37007874015748143 ) ;
#10778 = AXIS2_PLACEMENT_3D ( 'NONE', #2836, #1032, #6506 ) ;
#10779 = PLANE ( 'NONE',  #9186 ) ;
#10780 = PLANE ( 'NONE',  #10951 ) ;
#10781 = ORIENTED_EDGE ( 'NONE', *, *, #7924, .F. ) ;
#10782 = AXIS2_PLACEMENT_3D ( 'NONE', #9809, #1394, #3260 ) ;
#10783 = CARTESIAN_POINT ( 'NONE',  ( -3.192102363848777991, 3.937007874015748143, 7.897707860576848482 ) ) ;
#10784 = VECTOR ( 'NONE', #8726, 39.37007874015748143 ) ;
#10785 = VECTOR ( 'NONE', #11186, 39.37007874015748143 ) ;
#10786 = EDGE_CURVE ( 'NONE', #1939, #456, #7219, .T. ) ;
#10787 = CARTESIAN_POINT ( 'NONE',  ( -3.346456692913386100, 7.480314960629921295, -6.420488492166129824 ) ) ;
#10788 = CARTESIAN_POINT ( 'NONE',  ( 4.392152166776199351, 8.267716535433070391, 0.000000000000000000 ) ) ;
#10789 = ORIENTED_EDGE ( 'NONE', *, *, #6795, .F. ) ;
#10790 = ORIENTED_EDGE ( 'NONE', *, *, #2789, .T. ) ;
#10791 = CIRCLE ( 'NONE', #124, 0.08858267716535440928 ) ;
#10792 = LINE ( 'NONE', #7057, #5654 ) ;
#10793 = ORIENTED_EDGE ( 'NONE', *, *, #10171, .F. ) ;
#10794 = LINE ( 'NONE', #10723, #2847 ) ;
#10795 = DIRECTION ( 'NONE',  ( 1.000000000000000000, 0.000000000000000000, 0.000000000000000000 ) ) ;
#10796 = CARTESIAN_POINT ( 'NONE',  ( 4.395064010318477482E-15, 3.937007874015748143, 6.692913385826771311 ) ) ;
#10797 = ORIENTED_EDGE ( 'NONE', *, *, #10267, .T. ) ;
#10798 = CYLINDRICAL_SURFACE ( 'NONE', #7770, 0.08858267716535496439 ) ;
#10799 = DIRECTION ( 'NONE',  ( -1.000000000000000000, 0.000000000000000000, 0.000000000000000000 ) ) ;
#10800 = DIRECTION ( 'NONE',  ( 0.000000000000000000, 0.000000000000000000, 1.000000000000000000 ) ) ;
#10801 = VERTEX_POINT ( 'NONE', #3617 ) ;
#10802 = DIRECTION ( 'NONE',  ( 0.000000000000000000, 0.000000000000000000, 1.000000000000000000 ) ) ;
#10803 = FACE_OUTER_BOUND ( 'NONE', #3075, .T. ) ;
#10804 = CARTESIAN_POINT ( 'NONE',  ( 5.118110236220535292, 0.000000000000000000, -5.283063347057058046 ) ) ;
#10805 = LINE ( 'NONE', #1669, #3835 ) ;
#10806 = VERTEX_POINT ( 'NONE', #6319 ) ;
#10807 = CARTESIAN_POINT ( 'NONE',  ( 4.273251509737228560, -5.521684400643250612, 0.000000000000000000 ) ) ;
#10808 = EDGE_LOOP ( 'NONE', ( #8572, #4511, #5153, #7893 ) ) ;
#10809 = EDGE_CURVE ( 'NONE', #11584, #2026, #4343, .T. ) ;
#10810 = EDGE_CURVE ( 'NONE', #10475, #793, #8045, .T. ) ;
#10811 = EDGE_CURVE ( 'NONE', #5541, #9114, #5866, .T. ) ;
#10812 = DIRECTION ( 'NONE',  ( 1.000000000000000000, 0.000000000000000000, -0.000000000000000000 ) ) ;
#10813 = ORIENTED_EDGE ( 'NONE', *, *, #2015, .F. ) ;
#10814 = ORIENTED_EDGE ( 'NONE', *, *, #8154, .F. ) ;
#10815 = DIRECTION ( 'NONE',  ( -0.000000000000000000, -1.000000000000000000, -0.000000000000000000 ) ) ;
#10816 = DIRECTION ( 'NONE',  ( -0.000000000000000000, -0.000000000000000000, 1.000000000000000000 ) ) ;
#10817 = EDGE_CURVE ( 'NONE', #1401, #9291, #789, .T. ) ;
#10818 = ORIENTED_EDGE ( 'NONE', *, *, #4347, .F. ) ;
#10819 = CARTESIAN_POINT ( 'NONE',  ( -5.020923066777026378, 0.1853738352698175440, 5.107386401319416791 ) ) ;
#10820 = CYLINDRICAL_SURFACE ( 'NONE', #8583, 0.5905511811023627100 ) ;
#10821 = EDGE_CURVE ( 'NONE', #4619, #4770, #857, .T. ) ;
#10822 = ORIENTED_EDGE ( 'NONE', *, *, #6460, .T. ) ;
#10823 = PRODUCT_DEFINITION_SHAPE ( 'NONE', 'NONE',  #11798 ) ;
#10824 = DIRECTION ( 'NONE',  ( 0.9367259886217343956, 0.000000000000000000, 0.3500634545916413431 ) ) ;
#10825 = CARTESIAN_POINT ( 'NONE',  ( -0.1968503937007865523, -7.034450261923434589, 0.7874015748031496509 ) ) ;
#10826 = ORIENTED_EDGE ( 'NONE', *, *, #11075, .F. ) ;
#10827 = VERTEX_POINT ( 'NONE', #11774 ) ;
#10828 = CARTESIAN_POINT ( 'NONE',  ( -3.693202048827115558, -2.568928495131439060, 0.3937007874015748254 ) ) ;
#10829 = CARTESIAN_POINT ( 'NONE',  ( 3.192102363848777102, 3.937007874015748143, -7.799282663726460285 ) ) ;
#10830 = EDGE_CURVE ( 'NONE', #10475, #819, #10766, .T. ) ;
#10831 = DIRECTION ( 'NONE',  ( -1.000000000000000000, 4.163336342344338506E-16, 0.000000000000000000 ) ) ;
#10832 = DIRECTION ( 'NONE',  ( 1.000000000000000000, 0.000000000000000000, 0.000000000000000000 ) ) ;
#10833 = DIRECTION ( 'NONE',  ( -1.000000000000000000, 4.163336342344338506E-16, 0.000000000000000000 ) ) ;
#10834 = DIRECTION ( 'NONE',  ( -1.000000000000000000, 0.000000000000000000, 0.000000000000000000 ) ) ;
#10835 = ORIENTED_EDGE ( 'NONE', *, *, #226, .T. ) ;
#10836 = CIRCLE ( 'NONE', #8953, 1.181102362204724310 ) ;
#10837 = LINE ( 'NONE', #11789, #2005 ) ;
#10838 = DIRECTION ( 'NONE',  ( -0.000000000000000000, 1.000000000000000000, -0.000000000000000000 ) ) ;
#10839 = CARTESIAN_POINT ( 'NONE',  ( 0.000000000000000000, 8.267716535433070391, 0.000000000000000000 ) ) ;
#10840 = ORIENTED_EDGE ( 'NONE', *, *, #8067, .T. ) ;
#10841 = ORIENTED_EDGE ( 'NONE', *, *, #1042, .T. ) ;
#10842 = LINE ( 'NONE', #5509, #2770 ) ;
#10843 = ADVANCED_FACE ( 'NONE', ( #8826 ), #8166, .T. ) ;
#10844 = ORIENTED_EDGE ( 'NONE', *, *, #4178, .F. ) ;
#10845 = CARTESIAN_POINT ( 'NONE',  ( -4.273251509737226783, -5.521684400643249724, 0.3937007874015748254 ) ) ;
#10846 = CIRCLE ( 'NONE', #5933, 0.3937007874015751585 ) ;
#10847 = FACE_OUTER_BOUND ( 'NONE', #10507, .T. ) ;
#10848 = LINE ( 'NONE', #2625, #8870 ) ;
#10849 = EDGE_CURVE ( 'NONE', #3553, #1307, #3500, .T. ) ;
#10850 = ORIENTED_EDGE ( 'NONE', *, *, #11432, .T. ) ;
#10851 = CARTESIAN_POINT ( 'NONE',  ( -3.693202048827113781, -10.44294424316293224, 0.3937007874015748254 ) ) ;
#10852 = AXIS2_PLACEMENT_3D ( 'NONE', #6966, #6019, #3194 ) ;
#10853 = DIRECTION ( 'NONE',  ( 1.966319083971647568E-16, -0.000000000000000000, 1.000000000000000000 ) ) ;
#10854 = CARTESIAN_POINT ( 'NONE',  ( -0.5905511811023621549, -0.3937007874015748254, 9.055118110236220375 ) ) ;
#10855 = ORIENTED_EDGE ( 'NONE', *, *, #234, .F. ) ;
#10856 = LINE ( 'NONE', #6176, #1908 ) ;
#10857 = CARTESIAN_POINT ( 'NONE',  ( 2.778641590709042042, 3.937007874015748143, -7.972440944881891589 ) ) ;
#10858 = DIRECTION ( 'NONE',  ( -0.000000000000000000, -0.000000000000000000, -1.000000000000000000 ) ) ;
#10859 = DIRECTION ( 'NONE',  ( -1.000000000000000000, -3.469446951953614189E-17, 0.000000000000000000 ) ) ;
#10860 = ORIENTED_EDGE ( 'NONE', *, *, #10974, .T. ) ;
#10861 = CARTESIAN_POINT ( 'NONE',  ( 5.039146606210001877, 0.4158349883538569602, 5.063131763353629466 ) ) ;
#10862 = ADVANCED_FACE ( 'NONE', ( #4279 ), #11546, .T. ) ;
#10863 = VERTEX_POINT ( 'NONE', #2710 ) ;
#10864 = CIRCLE ( 'NONE', #8592, 0.08858267716535440928 ) ;
#10865 = CARTESIAN_POINT ( 'NONE',  ( 2.073640607983706197, -10.63979463686372284, 0.7874015748031496509 ) ) ;
#10866 = ORIENTED_EDGE ( 'NONE', *, *, #8602, .T. ) ;
#10867 = AXIS2_PLACEMENT_3D ( 'NONE', #8965, #2803, #11745 ) ;
#10868 = VERTEX_POINT ( 'NONE', #4448 ) ;
#10869 = CARTESIAN_POINT ( 'NONE',  ( 1.261104803704728772, 9.448818897637794478, -0.2454471349393046453 ) ) ;
#10870 = DIRECTION ( 'NONE',  ( 0.000000000000000000, 0.000000000000000000, 1.000000000000000000 ) ) ;
#10871 = ORIENTED_EDGE ( 'NONE', *, *, #4352, .T. ) ;
#10872 = LINE ( 'NONE', #9048, #3706 ) ;
#10873 = FACE_OUTER_BOUND ( 'NONE', #52, .T. ) ;
#10874 = DIRECTION ( 'NONE',  ( -0.000000000000000000, 0.000000000000000000, 1.000000000000000000 ) ) ;
#10875 = CARTESIAN_POINT ( 'NONE',  ( 4.921259842519685179, 1.683040008805569476, 0.3937007874015748254 ) ) ;
#10876 = DIRECTION ( 'NONE',  ( 0.000000000000000000, 0.000000000000000000, 1.000000000000000000 ) ) ;
#10877 = ORIENTED_EDGE ( 'NONE', *, *, #2983, .T. ) ;
#10878 = PRESENTATION_STYLE_ASSIGNMENT (( #5361 ) ) ;
#10879 = ADVANCED_FACE ( 'NONE', ( #8101 ), #9708, .F. ) ;
#10880 = ORIENTED_EDGE ( 'NONE', *, *, #10817, .T. ) ;
#10881 = CARTESIAN_POINT ( 'NONE',  ( 4.921259842519685179, 1.368079378884309083, 0.3937007874015748254 ) ) ;
#10882 = FACE_OUTER_BOUND ( 'NONE', #447, .T. ) ;
#10883 = CIRCLE ( 'NONE', #7874, 1.181102362204724310 ) ;
#10884 = LINE ( 'NONE', #1696, #563 ) ;
#10885 = DIRECTION ( 'NONE',  ( -0.000000000000000000, -0.000000000000000000, -1.000000000000000000 ) ) ;
#10886 = EDGE_CURVE ( 'NONE', #8158, #11516, #2651, .T. ) ;
#10887 = EDGE_CURVE ( 'NONE', #8024, #148, #7987, .T. ) ;
#10888 = CARTESIAN_POINT ( 'NONE',  ( -3.346456692913386100, 7.480314960629921295, -7.011039673268492756 ) ) ;
#10889 = ORIENTED_EDGE ( 'NONE', *, *, #3988, .F. ) ;
#10890 = DIRECTION ( 'NONE',  ( 1.000000000000000000, 0.000000000000000000, 0.000000000000000000 ) ) ;
#10891 = EDGE_CURVE ( 'NONE', #4144, #11109, #8885, .T. ) ;
#10892 = ORIENTED_EDGE ( 'NONE', *, *, #6667, .F. ) ;
#10893 = CARTESIAN_POINT ( 'NONE',  ( -3.192102363848771773, 3.937007874015748143, -7.799282663726462062 ) ) ;
#10894 = FACE_OUTER_BOUND ( 'NONE', #8606, .T. ) ;
#10895 = ORIENTED_EDGE ( 'NONE', *, *, #8329, .F. ) ;
#10896 = EDGE_CURVE ( 'NONE', #6751, #3596, #7004, .T. ) ;
#10897 = ORIENTED_EDGE ( 'NONE', *, *, #821, .F. ) ;
#10898 = CARTESIAN_POINT ( 'NONE',  ( -2.952755905511811108, 3.336583315892183155, 0.3937007874015748254 ) ) ;
#10899 = CIRCLE ( 'NONE', #2142, 0.5905511811023627100 ) ;
#10900 = EDGE_LOOP ( 'NONE', ( #11045, #7194 ) ) ;
#10901 = DIRECTION ( 'NONE',  ( 0.000000000000000000, 0.000000000000000000, 1.000000000000000000 ) ) ;
#10902 = VERTEX_POINT ( 'NONE', #9819 ) ;
#10903 = DIRECTION ( 'NONE',  ( -0.000000000000000000, -0.000000000000000000, -1.000000000000000000 ) ) ;
#10904 = CARTESIAN_POINT ( 'NONE',  ( -3.192102363848783320, 3.937007874015748143, -7.897707860576850258 ) ) ;
#10905 = ORIENTED_EDGE ( 'NONE', *, *, #5686, .F. ) ;
#10906 = ADVANCED_FACE ( 'NONE', ( #1312 ), #2218, .T. ) ;
#10907 = ORIENTED_EDGE ( 'NONE', *, *, #11269, .T. ) ;
#10908 = DIRECTION ( 'NONE',  ( -0.000000000000000000, -0.000000000000000000, 1.000000000000000000 ) ) ;
#10909 = EDGE_CURVE ( 'NONE', #10801, #7449, #6820, .T. ) ;
#10910 = DIRECTION ( 'NONE',  ( 1.000000000000000000, 0.000000000000000000, -1.966319083971647568E-16 ) ) ;
#10911 = CYLINDRICAL_SURFACE ( 'NONE', #831, 0.1968503937007875793 ) ;
#10912 = DIRECTION ( 'NONE',  ( 0.000000000000000000, 0.000000000000000000, 1.000000000000000000 ) ) ;
#10913 = VERTEX_POINT ( 'NONE', #1810 ) ;
#10914 = VECTOR ( 'NONE', #11639, 39.37007874015748143 ) ;
#10915 = FACE_OUTER_BOUND ( 'NONE', #3369, .T. ) ;
#10916 = CARTESIAN_POINT ( 'NONE',  ( -0.3937007874015751585, -13.00199936127317279, 1.968503937007874072 ) ) ;
#10917 = AXIS2_PLACEMENT_3D ( 'NONE', #1132, #3956, #6600 ) ;
#10918 = DIRECTION ( 'NONE',  ( -0.000000000000000000, -1.000000000000000000, -0.000000000000000000 ) ) ;
#10919 = PLANE ( 'NONE',  #5762 ) ;
#10920 = ORIENTED_EDGE ( 'NONE', *, *, #7999, .T. ) ;
#10921 = FACE_BOUND ( 'NONE', #8831, .T. ) ;
#10923 = ORIENTED_EDGE ( 'NONE', *, *, #2557, .T. ) ;
#10922 = PRODUCT_DEFINITION_SHAPE ( 'NONE', 'NONE',  #11794 ) ;
#10924 = AXIS2_PLACEMENT_3D ( 'NONE', #376, #4038, #7695 ) ;
#10925 = ADVANCED_FACE ( 'NONE', ( #3967 ), #9506, .T. ) ;
#10926 = DIRECTION ( 'NONE',  ( 0.000000000000000000, -1.000000000000000000, 0.000000000000000000 ) ) ;
#10927 = ORIENTED_EDGE ( 'NONE', *, *, #10280, .T. ) ;
#10928 = ORIENTED_EDGE ( 'NONE', *, *, #6122, .T. ) ;
#10929 = CARTESIAN_POINT ( 'NONE',  ( 4.273251509737228560, -3.553180463635375208, 0.3937007874015748254 ) ) ;
#10930 = DIRECTION ( 'NONE',  ( -1.000000000000000000, 0.000000000000000000, 0.000000000000000000 ) ) ;
#10931 = ORIENTED_EDGE ( 'NONE', *, *, #4049, .T. ) ;
#10933 = VERTEX_POINT ( 'NONE', #10278 ) ;
#10932 = VECTOR ( 'NONE', #11356, 39.37007874015748143 ) ;
#10934 = DIRECTION ( 'NONE',  ( 1.000000000000000000, 0.000000000000000000, 0.000000000000000000 ) ) ;
#10935 = CARTESIAN_POINT ( 'NONE',  ( 0.000000000000000000, -0.3937007874015748254, -8.464566929133857442 ) ) ;
#10936 = AXIS2_PLACEMENT_3D ( 'NONE', #1934, #5600, #9227 ) ;
#10937 = AXIS2_PLACEMENT_3D ( 'NONE', #3419, #540, #10517 ) ;
#10938 = VECTOR ( 'NONE', #8680, 39.37007874015748143 ) ;
#10939 = AXIS2_PLACEMENT_3D ( 'NONE', #9201, #11026, #2861 ) ;
#10940 = DIRECTION ( 'NONE',  ( -0.000000000000000000, 1.000000000000000000, -0.000000000000000000 ) ) ;
#10941 = ORIENTED_EDGE ( 'NONE', *, *, #6331, .F. ) ;
#10942 = DIRECTION ( 'NONE',  ( -1.000000000000000000, 0.000000000000000000, 0.000000000000000000 ) ) ;
#10943 = VERTEX_POINT ( 'NONE', #4856 ) ;
#10944 = CARTESIAN_POINT ( 'NONE',  ( -5.905511811023623103, -0.3937007874015748254, 0.5905511811023624880 ) ) ;
#10945 = VECTOR ( 'NONE', #10912, 39.37007874015748143 ) ;
#10946 = LINE ( 'NONE', #8110, #2974 ) ;
#10947 =( LENGTH_UNIT ( ) NAMED_UNIT ( * ) SI_UNIT ( $, .METRE. ) );
#10948 = LINE ( 'NONE', #2784, #7022 ) ;
#10949 = AXIS2_PLACEMENT_3D ( 'NONE', #2714, #7151, #6321 ) ;
#10950 = DIRECTION ( 'NONE',  ( 0.000000000000000000, 0.000000000000000000, 1.000000000000000000 ) ) ;
#10951 = AXIS2_PLACEMENT_3D ( 'NONE', #873, #11663, #8055 ) ;
#10952 = VERTEX_POINT ( 'NONE', #4975 ) ;
#10953 = ADVANCED_FACE ( 'NONE', ( #9117 ), #414, .F. ) ;
#10954 = VECTOR ( 'NONE', #10433, 39.37007874015748143 ) ;
#10955 = CARTESIAN_POINT ( 'NONE',  ( 4.370956789862821150E-15, 3.149606299212599492, 6.889763779527557475 ) ) ;
#10956 = ORIENTED_EDGE ( 'NONE', *, *, #10896, .F. ) ;
#10957 = ORIENTED_EDGE ( 'NONE', *, *, #11414, .F. ) ;
#10958 = FACE_OUTER_BOUND ( 'NONE', #1099, .T. ) ;
#10959 = CARTESIAN_POINT ( 'NONE',  ( 2.778641590709047371, 3.937007874015748143, 6.791338582677162172 ) ) ;
#10960 = ORIENTED_EDGE ( 'NONE', *, *, #5254, .F. ) ;
#10961 = AXIS2_PLACEMENT_3D ( 'NONE', #5304, #920, #4573 ) ;
#10962 = VECTOR ( 'NONE', #10890, 39.37007874015748143 ) ;
#10963 = ORIENTED_EDGE ( 'NONE', *, *, #353, .T. ) ;
#10964 = DIRECTION ( 'NONE',  ( -0.8574929257125443183, 0.5144957554275262357, -0.000000000000000000 ) ) ;
#10965 = ORIENTED_EDGE ( 'NONE', *, *, #11189, .T. ) ;
#10966 = DIRECTION ( 'NONE',  ( 0.000000000000000000, -1.000000000000000000, 0.000000000000000000 ) ) ;
#10967 = EDGE_LOOP ( 'NONE', ( #6204, #8273, #7965, #5607 ) ) ;
#10968 = AXIS2_PLACEMENT_3D ( 'NONE', #78, #2830, #4564 ) ;
#10969 = EDGE_CURVE ( 'NONE', #10468, #5340, #4077, .T. ) ;
#10970 = CARTESIAN_POINT ( 'NONE',  ( 7.086614173228347191, -0.3937007874015748254, 0.5905511811023629321 ) ) ;
#10971 = ORIENTED_EDGE ( 'NONE', *, *, #4170, .T. ) ;
#10972 = DIRECTION ( 'NONE',  ( 0.000000000000000000, 0.000000000000000000, -1.000000000000000000 ) ) ;
#10973 = EDGE_LOOP ( 'NONE', ( #7199, #10956, #9945, #11134 ) ) ;
#10974 = EDGE_CURVE ( 'NONE', #8346, #7408, #9451, .T. ) ;
#10975 = AXIS2_PLACEMENT_3D ( 'NONE', #5131, #3269, #2357 ) ;
#10976 = VECTOR ( 'NONE', #734, 39.37007874015748143 ) ;
#10977 = ORIENTED_EDGE ( 'NONE', *, *, #9545, .F. ) ;
#10978 = DIRECTION ( 'NONE',  ( 0.000000000000000000, 1.000000000000000000, 0.000000000000000000 ) ) ;
#10979 = VECTOR ( 'NONE', #11755, 39.37007874015748143 ) ;
#10980 = CARTESIAN_POINT ( 'NONE',  ( 3.549822394964751382, 0.000000000000000000, 6.729326213142290847 ) ) ;
#10981 = CARTESIAN_POINT ( 'NONE',  ( -4.273251509737226783, -5.521684400643249724, 0.3937007874015748254 ) ) ;
#10982 = CARTESIAN_POINT ( 'NONE',  ( -4.519676687187463848, -1.295201033765735366, 0.000000000000000000 ) ) ;
#10983 = AXIS2_PLACEMENT_3D ( 'NONE', #2628, #10978, #9956 ) ;
#10984 = ORIENTED_EDGE ( 'NONE', *, *, #3028, .F. ) ;
#10985 = LINE ( 'NONE', #3597, #10110 ) ;
#10986 = DIRECTION ( 'NONE',  ( -0.000000000000000000, -0.000000000000000000, -1.000000000000000000 ) ) ;
#10987 = EDGE_CURVE ( 'NONE', #5575, #5835, #3116, .T. ) ;
#10988 = CYLINDRICAL_SURFACE ( 'NONE', #7125, 0.1968503937007873017 ) ;
#10989 = DIRECTION ( 'NONE',  ( -0.000000000000000000, -0.000000000000000000, -1.000000000000000000 ) ) ;
#10990 = VERTEX_POINT ( 'NONE', #11341 ) ;
#10991 = FACE_BOUND ( 'NONE', #7802, .T. ) ;
#10992 = EDGE_LOOP ( 'NONE', ( #8424, #4214, #9707, #7964 ) ) ;
#10993 = AXIS2_PLACEMENT_3D ( 'NONE', #2844, #6330, #9240 ) ;
#10994 = EDGE_CURVE ( 'NONE', #6227, #3872, #10023, .T. ) ;
#10995 = CYLINDRICAL_SURFACE ( 'NONE', #9410, 0.5905511811023627100 ) ;
#10996 = VERTEX_POINT ( 'NONE', #304 ) ;
#10997 = ORIENTED_EDGE ( 'NONE', *, *, #905, .T. ) ;
#10998 = CARTESIAN_POINT ( 'NONE',  ( 4.921259842519685179, -10.75790487308419685, 0.000000000000000000 ) ) ;
#10999 = CARTESIAN_POINT ( 'NONE',  ( 3.693202048827113781, -6.505936369147188536, 1.968503937007874072 ) ) ;
#11000 = ORIENTED_EDGE ( 'NONE', *, *, #2232, .T. ) ;
#11001 = DIRECTION ( 'NONE',  ( 0.000000000000000000, -8.881784197001248379E-16, -1.000000000000000000 ) ) ;
#11002 = CARTESIAN_POINT ( 'NONE',  ( 0.000000000000000000, 0.000000000000000000, 0.7874015748031496509 ) ) ;
#11003 = EDGE_CURVE ( 'NONE', #6343, #784, #6784, .T. ) ;
#11004 = DIRECTION ( 'NONE',  ( -0.000000000000000000, -0.000000000000000000, 1.000000000000000000 ) ) ;
#11005 = ORIENTED_EDGE ( 'NONE', *, *, #8659, .F. ) ;
#11006 = ORIENTED_EDGE ( 'NONE', *, *, #4352, .F. ) ;
#11007 = DIRECTION ( 'NONE',  ( 0.000000000000000000, 0.000000000000000000, 1.000000000000000000 ) ) ;
#11008 = CARTESIAN_POINT ( 'NONE',  ( 3.549822394964751382, 0.000000000000000000, 6.729326213142290847 ) ) ;
#11009 = FACE_OUTER_BOUND ( 'NONE', #8033, .T. ) ;
#11010 = DIRECTION ( 'NONE',  ( 0.000000000000000000, 0.000000000000000000, -1.000000000000000000 ) ) ;
#11011 = DIRECTION ( 'NONE',  ( 0.000000000000000000, 0.000000000000000000, 1.000000000000000000 ) ) ;
#11012 = EDGE_CURVE ( 'NONE', #10445, #876, #8222, .T. ) ;
#11013 = VERTEX_POINT ( 'NONE', #1260 ) ;
#11014 = CARTESIAN_POINT ( 'NONE',  ( -3.549822394964751382, 0.000000000000000000, -7.374193064736720871 ) ) ;
#11015 = ORIENTED_EDGE ( 'NONE', *, *, #8619, .F. ) ;
#11016 = EDGE_LOOP ( 'NONE', ( #1269, #9017, #11597, #1462, #9458, #3349 ) ) ;
#11017 = CARTESIAN_POINT ( 'NONE',  ( -0.4709337523242653201, 7.480314960629921295, -0.04859674123851779465 ) ) ;
#11018 = ORIENTED_EDGE ( 'NONE', *, *, #1295, .T. ) ;
#11019 = ORIENTED_EDGE ( 'NONE', *, *, #7390, .F. ) ;
#11020 = LINE ( 'NONE', #2854, #10954 ) ;
#11021 = PRODUCT_DEFINITION ( 'UNKNOWN', '', #484, #5384 ) ;
#11022 = ORIENTED_EDGE ( 'NONE', *, *, #372, .T. ) ;
#11023 = CARTESIAN_POINT ( 'NONE',  ( -0.5905511811023601565, -0.3937007874015748254, -7.874015748031495399 ) ) ;
#11024 = ORIENTED_EDGE ( 'NONE', *, *, #5868, .T. ) ;
#11025 = DIRECTION ( 'NONE',  ( -0.8574929257125448734, 0.5144957554275252365, 0.000000000000000000 ) ) ;
#11026 = DIRECTION ( 'NONE',  ( -0.000000000000000000, 1.000000000000000000, -0.000000000000000000 ) ) ;
#11027 = VERTEX_POINT ( 'NONE', #4801 ) ;
#11028 = CARTESIAN_POINT ( 'NONE',  ( -3.693202048827119999, -10.44294424316293224, 0.3937007874015748254 ) ) ;
#11029 = DIRECTION ( 'NONE',  ( -1.156482317317872465E-16, -1.000000000000000000, -0.000000000000000000 ) ) ;
#11030 = DIRECTION ( 'NONE',  ( -0.000000000000000000, 1.000000000000000000, -0.000000000000000000 ) ) ;
#11032 = PLANE ( 'NONE',  #4839 ) ;
#11031 = AXIS2_PLACEMENT_3D ( 'NONE', #11264, #6824, #1414 ) ;
#11033 = CARTESIAN_POINT ( 'NONE',  ( -7.232166136696967594E-17, 3.927134496994546087, 1.968503937007874072 ) ) ;
#11034 = EDGE_CURVE ( 'NONE', #2124, #9415, #4922, .T. ) ;
#11035 = ORIENTED_EDGE ( 'NONE', *, *, #3184, .F. ) ;
#11036 = LINE ( 'NONE', #1913, #9146 ) ;
#11037 = DIRECTION ( 'NONE',  ( -1.000000000000000000, -0.000000000000000000, -0.000000000000000000 ) ) ;
#11038 = DIRECTION ( 'NONE',  ( -0.000000000000000000, -1.000000000000000000, -0.000000000000000000 ) ) ;
#11039 = CARTESIAN_POINT ( 'NONE',  ( 0.000000000000000000, 0.000000000000000000, 1.968503937007874072 ) ) ;
#11040 = VERTEX_POINT ( 'NONE', #26 ) ;
#11041 = AXIS2_PLACEMENT_3D ( 'NONE', #10584, #5964, #9694 ) ;
#11042 = VECTOR ( 'NONE', #6258, 39.37007874015748143 ) ;
#11043 = EDGE_CURVE ( 'NONE', #2792, #2603, #2044, .T. ) ;
#11044 = CARTESIAN_POINT ( 'NONE',  ( 4.783372228692590156, 0.000000000000000000, -6.106877749175724901 ) ) ;
#11045 = ORIENTED_EDGE ( 'NONE', *, *, #11127, .F. ) ;
#11046 = EDGE_CURVE ( 'NONE', #9198, #4646, #2941, .T. ) ;
#11047 = VERTEX_POINT ( 'NONE', #11101 ) ;
#11048 = DIRECTION ( 'NONE',  ( 0.000000000000000000, 0.000000000000000000, -1.000000000000000000 ) ) ;
#11049 = CARTESIAN_POINT ( 'NONE',  ( -7.086614173228347191, 0.000000000000000000, 0.5905511811023629321 ) ) ;
#11050 = VECTOR ( 'NONE', #4363, 39.37007874015748143 ) ;
#11051 = VERTEX_POINT ( 'NONE', #5717 ) ;
#11052 = VECTOR ( 'NONE', #2264, 39.37007874015748143 ) ;
#11053 = ORIENTED_EDGE ( 'NONE', *, *, #3876, .T. ) ;
#11054 = FACE_BOUND ( 'NONE', #768, .T. ) ;
#11055 = DIRECTION ( 'NONE',  ( 0.000000000000000000, -1.000000000000000000, 0.000000000000000000 ) ) ;
#11056 = AXIS2_PLACEMENT_3D ( 'NONE', #3830, #10138, #336 ) ;
#11057 = EDGE_CURVE ( 'NONE', #2654, #3832, #8560, .T. ) ;
#11058 = DIRECTION ( 'NONE',  ( -1.526556658859591821E-15, -1.000000000000000000, 0.000000000000000000 ) ) ;
#11059 = CONTEXT_DEPENDENT_SHAPE_REPRESENTATION ( #6957, #7336 ) ;
#11060 = ORIENTED_EDGE ( 'NONE', *, *, #6864, .F. ) ;
#11061 = EDGE_CURVE ( 'NONE', #1947, #6831, #6230, .T. ) ;
#11062 = VERTEX_POINT ( 'NONE', #7627 ) ;
#11063 = DIRECTION ( 'NONE',  ( -1.804112415015880956E-15, 1.000000000000000000, -0.000000000000000000 ) ) ;
#11064 = FACE_OUTER_BOUND ( 'NONE', #8369, .T. ) ;
#11065 = DIRECTION ( 'NONE',  ( 1.000000000000000000, 0.000000000000000000, 0.000000000000000000 ) ) ;
#11066 = CARTESIAN_POINT ( 'NONE',  ( -4.361834186902581401, -5.521684400643249724, 0.3937007874015748254 ) ) ;
#11067 = CARTESIAN_POINT ( 'NONE',  ( 4.273251509737226783, -11.42719621166687283, 0.000000000000000000 ) ) ;
#11068 = ORIENTED_EDGE ( 'NONE', *, *, #11046, .F. ) ;
#11069 = DIRECTION ( 'NONE',  ( 1.000000000000000000, -0.000000000000000000, -0.000000000000000000 ) ) ;
#11070 = EDGE_LOOP ( 'NONE', ( #7400, #1160, #7875, #2276 ) ) ;
#11071 = ORIENTED_EDGE ( 'NONE', *, *, #9670, .F. ) ;
#11072 = DIRECTION ( 'NONE',  ( 0.000000000000000000, 0.000000000000000000, 1.000000000000000000 ) ) ;
#11073 = CYLINDRICAL_SURFACE ( 'NONE', #6799, 0.08858267716535440928 ) ;
#11074 = ORIENTED_EDGE ( 'NONE', *, *, #1211, .T. ) ;
#11075 = EDGE_CURVE ( 'NONE', #8356, #3639, #6057, .T. ) ;
#11076 = EDGE_LOOP ( 'NONE', ( #2511, #7876, #4446, #1537 ) ) ;
#11077 = VECTOR ( 'NONE', #10403, 39.37007874015748143 ) ;
#11078 = DIRECTION ( 'NONE',  ( -0.000000000000000000, 1.000000000000000000, 0.000000000000000000 ) ) ;
#11079 = VERTEX_POINT ( 'NONE', #10513 ) ;
#11080 = CARTESIAN_POINT ( 'NONE',  ( -4.921259842519680738, -10.44294424316293757, 0.000000000000000000 ) ) ;
#11081 = VERTEX_POINT ( 'NONE', #11456 ) ;
#11082 = DIRECTION ( 'NONE',  ( 0.000000000000000000, 0.000000000000000000, -1.000000000000000000 ) ) ;
#11083 = CYLINDRICAL_SURFACE ( 'NONE', #6417, 0.1968503937007874127 ) ;
#11084 = ORIENTED_EDGE ( 'NONE', *, *, #7039, .T. ) ;
#11085 = LINE ( 'NONE', #6594, #8882 ) ;
#11086 = ORIENTED_EDGE ( 'NONE', *, *, #6878, .F. ) ;
#11087 = DIRECTION ( 'NONE',  ( 0.000000000000000000, 0.000000000000000000, 1.000000000000000000 ) ) ;
#11088 = CLOSED_SHELL ( 'NONE', ( #323, #3547, #5000, #8580, #242, #1861, #5697, #6434 ) ) ;
#11089 = CARTESIAN_POINT ( 'NONE',  ( -5.019685039370078705, 3.937007874015748143, -6.395228468411556122 ) ) ;
#11090 = CARTESIAN_POINT ( 'NONE',  ( 0.006488179178569855252, 3.937007874015748143, 6.692913385826771311 ) ) ;
#11091 = LINE ( 'NONE', #6483, #7157 ) ;
#11092 = ORIENTED_EDGE ( 'NONE', *, *, #3858, .T. ) ;
#11093 = FACE_OUTER_BOUND ( 'NONE', #9304, .T. ) ;
#11094 = CARTESIAN_POINT ( 'NONE',  ( 4.361834186902583177, -5.521684400643250612, 0.000000000000000000 ) ) ;
#11095 = LINE ( 'NONE', #10151, #5217 ) ;
#11096 = DIRECTION ( 'NONE',  ( 0.000000000000000000, 0.000000000000000000, -1.000000000000000000 ) ) ;
#11097 = DIRECTION ( 'NONE',  ( -1.000000000000000000, 0.000000000000000000, 0.000000000000000000 ) ) ;
#11098 = ORIENTED_EDGE ( 'NONE', *, *, #3005, .T. ) ;
#11099 = AXIS2_PLACEMENT_3D ( 'NONE', #8079, #11690, #899 ) ;
#11100 = EDGE_CURVE ( 'NONE', #5174, #3676, #3237, .T. ) ;
#11101 = CARTESIAN_POINT ( 'NONE',  ( 4.370956789862821150E-15, 3.149606299212599492, 7.086614173228346303 ) ) ;
#11102 = DIRECTION ( 'NONE',  ( 0.000000000000000000, 0.000000000000000000, -1.000000000000000000 ) ) ;
#11103 = ORIENTED_EDGE ( 'NONE', *, *, #2447, .F. ) ;
#11104 = EDGE_CURVE ( 'NONE', #2292, #6629, #6076, .T. ) ;
#11105 = AXIS2_PLACEMENT_3D ( 'NONE', #7754, #9752, #8760 ) ;
#11106 = ORIENTED_EDGE ( 'NONE', *, *, #5203, .T. ) ;
#11107 = CARTESIAN_POINT ( 'NONE',  ( -1.258335327127414915, 7.874015748031496287, 0.1482536524622696250 ) ) ;
#11108 = CARTESIAN_POINT ( 'NONE',  ( 3.693202048827114670, -2.568928495131439060, 0.7874015748031496509 ) ) ;
#11109 = VERTEX_POINT ( 'NONE', #8918 ) ;
#11110 = VERTEX_POINT ( 'NONE', #534 ) ;
#11111 = FACE_OUTER_BOUND ( 'NONE', #10659, .T. ) ;
#11112 = ADVANCED_FACE ( 'NONE', ( #9564 ), #8679, .F. ) ;
#11113 = CARTESIAN_POINT ( 'NONE',  ( -3.693202048827115558, -2.568928495131439060, 0.3937007874015748254 ) ) ;
#11114 = VECTOR ( 'NONE', #3132, 39.37007874015748143 ) ;
#11115 = ADVANCED_FACE ( 'NONE', ( #7901 ), #480, .T. ) ;
#11116 = DIRECTION ( 'NONE',  ( 1.000000000000000000, -0.000000000000000000, 4.649641239344063863E-15 ) ) ;
#11117 = ITEM_DEFINED_TRANSFORMATION ( 'NONE', 'NONE', #10949,  #7171 ) ;
#11118 = VERTEX_POINT ( 'NONE', #3297 ) ;
#11119 = EDGE_CURVE ( 'NONE', #4316, #2422, #2331, .T. ) ;
#11120 = VECTOR ( 'NONE', #6503, 39.37007874015748143 ) ;
#11121 = VERTEX_POINT ( 'NONE', #7794 ) ;
#11122 = CARTESIAN_POINT ( 'NONE',  ( -3.693202048827115558, -2.175227707729864512, 0.3937007874015748254 ) ) ;
#11123 = CARTESIAN_POINT ( 'NONE',  ( 0.000000000000000000, -0.3937007874015748254, 8.464566929133857442 ) ) ;
#11124 = LINE ( 'NONE', #7910, #1703 ) ;
#11125 = DIRECTION ( 'NONE',  ( -1.541976423090495387E-16, 1.000000000000000000, -0.000000000000000000 ) ) ;
#11126 = AXIS2_PLACEMENT_3D ( 'NONE', #7120, #6174, #8195 ) ;
#11127 = EDGE_CURVE ( 'NONE', #4508, #11027, #8136, .T. ) ;
#11128 = DIRECTION ( 'NONE',  ( 0.000000000000000000, 0.000000000000000000, -1.000000000000000000 ) ) ;
#11129 = EDGE_LOOP ( 'NONE', ( #155, #3481, #3749, #10907 ) ) ;
#11130 = VECTOR ( 'NONE', #2332, 39.37007874015748143 ) ;
#11131 = EDGE_CURVE ( 'NONE', #5811, #2802, #5667, .T. ) ;
#11132 = VECTOR ( 'NONE', #6005, 39.37007874015748143 ) ;
#11133 = DIRECTION ( 'NONE',  ( -1.000000000000000000, 0.000000000000000000, 0.000000000000000000 ) ) ;
#11134 = ORIENTED_EDGE ( 'NONE', *, *, #4500, .T. ) ;
#11135 = LINE ( 'NONE', #2977, #6437 ) ;
#11136 = DIRECTION ( 'NONE',  ( 0.000000000000000000, 0.000000000000000000, 1.000000000000000000 ) ) ;
#11137 = VERTEX_POINT ( 'NONE', #8743 ) ;
#11138 = AXIS2_PLACEMENT_3D ( 'NONE', #7176, #10559, #6113 ) ;
#11139 = ORIENTED_EDGE ( 'NONE', *, *, #9540, .F. ) ;
#11140 = FACE_OUTER_BOUND ( 'NONE', #9321, .T. ) ;
#11141 = VECTOR ( 'NONE', #1240, 39.37007874015748143 ) ;
#11142 = ORIENTED_EDGE ( 'NONE', *, *, #7426, .F. ) ;
#11143 = VECTOR ( 'NONE', #3775, 39.37007874015748143 ) ;
#11144 = DIRECTION ( 'NONE',  ( 0.000000000000000000, 1.000000000000000000, -0.000000000000000000 ) ) ;
#11145 = ORIENTED_EDGE ( 'NONE', *, *, #2491, .F. ) ;
#11146 = DIRECTION ( 'NONE',  ( -0.000000000000000000, -0.000000000000000000, -1.000000000000000000 ) ) ;
#11147 = DIRECTION ( 'NONE',  ( 0.000000000000000000, 0.000000000000000000, 1.000000000000000000 ) ) ;
#11148 = ORIENTED_EDGE ( 'NONE', *, *, #3851, .T. ) ;
#11149 = AXIS2_PLACEMENT_3D ( 'NONE', #1116, #8589, #4774 ) ;
#11150 = ADVANCED_FACE ( 'NONE', ( #10632 ), #9787, .T. ) ;
#11151 = LINE ( 'NONE', #6478, #10392 ) ;
#11152 = AXIS2_PLACEMENT_3D ( 'NONE', #806, #8906, #2543 ) ;
#11153 = ORIENTED_EDGE ( 'NONE', *, *, #8230, .F. ) ;
#11154 = AXIS2_PLACEMENT_3D ( 'NONE', #3516, #1705, #7166 ) ;
#11155 = CIRCLE ( 'NONE', #6047, 0.5905511811023627100 ) ;
#11156 = CARTESIAN_POINT ( 'NONE',  ( -4.921259842519680738, -10.44294424316293757, 0.3937007874015748254 ) ) ;
#11157 = CARTESIAN_POINT ( 'NONE',  ( 4.273251509737226783, -11.42719621166687283, 0.000000000000000000 ) ) ;
#11158 = AXIS2_PLACEMENT_3D ( 'NONE', #1215, #3023, #7591 ) ;
#11159 = DIRECTION ( 'NONE',  ( 1.000000000000000000, -0.000000000000000000, 4.649641239344063863E-15 ) ) ;
#11160 = LINE ( 'NONE', #3170, #9623 ) ;
#11161 = ORIENTED_EDGE ( 'NONE', *, *, #8955, .F. ) ;
#11162 = CARTESIAN_POINT ( 'NONE',  ( 0.006488179178569830098, 3.915065883440284278, 6.889763779527559251 ) ) ;
#11163 = DIRECTION ( 'NONE',  ( -0.000000000000000000, -0.000000000000000000, -1.000000000000000000 ) ) ;
#11164 = AXIS2_PLACEMENT_3D ( 'NONE', #9120, #1688, #8047 ) ;
#11165 = CARTESIAN_POINT ( 'NONE',  ( 3.693202048827116002, 1.368079378884309083, 0.000000000000000000 ) ) ;
#11166 = CARTESIAN_POINT ( 'NONE',  ( 4.273251509737228560, -5.521684400643250612, 0.000000000000000000 ) ) ;
#11167 = AXIS2_PLACEMENT_3D ( 'NONE', #5156, #4312, #6956 ) ;
#11168 = CIRCLE ( 'NONE', #1621, 1.181102362204723200 ) ;
#11169 = ORIENTED_EDGE ( 'NONE', *, *, #11609, .T. ) ;
#11170 = CARTESIAN_POINT ( 'NONE',  ( -2.952755905511811108, 2.155480953687459067, 0.3937007874015748254 ) ) ;
#11171 = ORIENTED_EDGE ( 'NONE', *, *, #7911, .F. ) ;
#11172 = VECTOR ( 'NONE', #10404, 39.37007874015748143 ) ;
#11173 = CARTESIAN_POINT ( 'NONE',  ( 0.000000000000000000, 0.000000000000000000, 1.574803149606299302 ) ) ;
#11174 = VECTOR ( 'NONE', #4484, 39.37007874015748143 ) ;
#11175 = CARTESIAN_POINT ( 'NONE',  ( -4.361834186902581401, -5.521684400643249724, 0.3937007874015748254 ) ) ;
#11176 = ORIENTED_EDGE ( 'NONE', *, *, #9696, .T. ) ;
#11177 = ORIENTED_EDGE ( 'NONE', *, *, #892, .T. ) ;
#11178 = CARTESIAN_POINT ( 'NONE',  ( 4.392152166776199351, 9.055118110236220375, -7.206675219446472269 ) ) ;
#11179 = VECTOR ( 'NONE', #1914, 39.37007874015748143 ) ;
#11180 = CARTESIAN_POINT ( 'NONE',  ( -6.496062992125986035, 0.000000000000000000, 0.3937007874015751585 ) ) ;
#11181 = ORIENTED_EDGE ( 'NONE', *, *, #7529, .F. ) ;
#11182 = ADVANCED_FACE ( 'NONE', ( #648 ), #6123, .T. ) ;
#11183 = ADVANCED_FACE ( 'NONE', ( #1501, #1604, #6904, #1550, #3360 ), #2448, .F. ) ;
#11184 = FACE_BOUND ( 'NONE', #6358, .T. ) ;
#11185 = EDGE_LOOP ( 'NONE', ( #10015, #1920 ) ) ;
#11186 = DIRECTION ( 'NONE',  ( -0.000000000000000000, -0.000000000000000000, -1.000000000000000000 ) ) ;
#11187 = SHAPE_DEFINITION_REPRESENTATION ( #5531, #2973 ) ;
#11188 = EDGE_LOOP ( 'NONE', ( #2080, #9976 ) ) ;
#11189 = EDGE_CURVE ( 'NONE', #9406, #308, #5104, .T. ) ;
#11190 = ORIENTED_EDGE ( 'NONE', *, *, #1763, .F. ) ;
#11191 = DIRECTION ( 'NONE',  ( -0.000000000000000000, -0.000000000000000000, -1.000000000000000000 ) ) ;
#11192 = DIRECTION ( 'NONE',  ( 0.000000000000000000, 0.000000000000000000, 1.000000000000000000 ) ) ;
#11193 = EDGE_CURVE ( 'NONE', #2636, #9905, #11570, .T. ) ;
#11194 = CYLINDRICAL_SURFACE ( 'NONE', #10045, 0.08858267716535440928 ) ;
#11195 = CARTESIAN_POINT ( 'NONE',  ( 4.370956789862821150E-15, 3.937007874015748143, 6.889763779527557475 ) ) ;
#11196 = ORIENTED_EDGE ( 'NONE', *, *, #10051, .F. ) ;
#11197 = ORIENTED_EDGE ( 'NONE', *, *, #2759, .F. ) ;
#11198 = CARTESIAN_POINT ( 'NONE',  ( 4.273251509737228560, -3.553180463635375208, 0.3937007874015748254 ) ) ;
#11199 =( REPRESENTATION_RELATIONSHIP ('NONE','NONE', #4507, #2973 ) REPRESENTATION_RELATIONSHIP_WITH_TRANSFORMATION ( #974 )SHAPE_REPRESENTATION_RELATIONSHIP( ) );
#11200 = ORIENTED_EDGE ( 'NONE', *, *, #3626, .F. ) ;
#11201 = DIRECTION ( 'NONE',  ( 0.000000000000000000, 1.000000000000000000, 0.000000000000000000 ) ) ;
#11202 = FACE_OUTER_BOUND ( 'NONE', #9924, .T. ) ;
#11203 = ORIENTED_EDGE ( 'NONE', *, *, #3839, .F. ) ;
#11204 = EDGE_CURVE ( 'NONE', #2422, #2185, #5955, .T. ) ;
#11205 = ORIENTED_EDGE ( 'NONE', *, *, #5012, .F. ) ;
#11206 = DIRECTION ( 'NONE',  ( -1.000000000000000000, 0.000000000000000000, 0.000000000000000000 ) ) ;
#11207 = DIRECTION ( 'NONE',  ( -0.000000000000000000, -0.000000000000000000, -1.000000000000000000 ) ) ;
#11208 = VERTEX_POINT ( 'NONE', #4192 ) ;
#11209 = FACE_OUTER_BOUND ( 'NONE', #7473, .T. ) ;
#11210 = FACE_OUTER_BOUND ( 'NONE', #8741, .T. ) ;
#11211 = ORIENTED_EDGE ( 'NONE', *, *, #4286, .F. ) ;
#11212 = DIRECTION ( 'NONE',  ( -2.807670561062811415E-16, -0.000000000000000000, -1.000000000000000000 ) ) ;
#11213 = ORIENTED_EDGE ( 'NONE', *, *, #7281, .T. ) ;
#11214 = DIMENSIONAL_EXPONENTS ( 1.000000000000000000, 0.000000000000000000, 0.000000000000000000, 0.000000000000000000, 0.000000000000000000, 0.000000000000000000, 0.000000000000000000 ) ;
#11215 = FACE_OUTER_BOUND ( 'NONE', #4817, .T. ) ;
#11216 = EDGE_CURVE ( 'NONE', #5730, #10694, #10454, .T. ) ;
#11217 = DIRECTION ( 'NONE',  ( 1.000000000000000000, 0.000000000000000000, 0.000000000000000000 ) ) ;
#11218 = DIRECTION ( 'NONE',  ( 0.000000000000000000, 0.000000000000000000, 1.000000000000000000 ) ) ;
#11219 = CARTESIAN_POINT ( 'NONE',  ( 4.821444091131316454E-17, 0.000000000000000000, 8.858267716535433323 ) ) ;
#11220 = ORIENTED_EDGE ( 'NONE', *, *, #3196, .F. ) ;
#11221 = EDGE_CURVE ( 'NONE', #7140, #5892, #8071, .T. ) ;
#11222 = PLANE ( 'NONE',  #4974 ) ;
#11223 = ORIENTED_EDGE ( 'NONE', *, *, #2036, .T. ) ;
#11224 = CARTESIAN_POINT ( 'NONE',  ( 0.000000000000000000, 3.937007874015748143, 8.464566929133857442 ) ) ;
#11225 = CARTESIAN_POINT ( 'NONE',  ( -4.197918901467038388, 9.055118110236220375, 8.233332301718865764 ) ) ;
#11226 = ORIENTED_EDGE ( 'NONE', *, *, #9603, .F. ) ;
#11227 = DIRECTION ( 'NONE',  ( -1.000000000000000000, 0.000000000000000000, 0.000000000000000000 ) ) ;
#11228 = ORIENTED_EDGE ( 'NONE', *, *, #2160, .T. ) ;
#11229 = CARTESIAN_POINT ( 'NONE',  ( 4.519676687187463848, -1.295201033765735366, 0.3937007874015748254 ) ) ;
#11230 = AXIS2_PLACEMENT_3D ( 'NONE', #7423, #6473, #3944 ) ;
#11231 = CARTESIAN_POINT ( 'NONE',  ( 4.921259842519685179, 1.368079378884309083, 0.3937007874015748254 ) ) ;
#11232 = ORIENTED_EDGE ( 'NONE', *, *, #1481, .T. ) ;
#11233 = VERTEX_POINT ( 'NONE', #7375 ) ;
#11234 = ADVANCED_FACE ( 'NONE', ( #2 ), #7189, .F. ) ;
#11235 = DIRECTION ( 'NONE',  ( 1.000000000000000000, 0.000000000000000000, 0.000000000000000000 ) ) ;
#11236 = CARTESIAN_POINT ( 'NONE',  ( -3.299501261425539234, -6.505936369147188536, 0.3937007874015748254 ) ) ;
#11237 = CYLINDRICAL_SURFACE ( 'NONE', #5603, 0.3937007874015751585 ) ;
#11238 = VERTEX_POINT ( 'NONE', #6480 ) ;
#11239 = DIRECTION ( 'NONE',  ( 1.000000000000000000, 0.000000000000000000, 0.000000000000000000 ) ) ;
#11240 = UNCERTAINTY_MEASURE_WITH_UNIT (LENGTH_MEASURE( 1.000000000000000082E-05 ), #3633, 'distance_accuracy_value', 'NONE');
#11241 = ADVANCED_FACE ( 'NONE', ( #5454 ), #3710, .F. ) ;
#11242 = FACE_OUTER_BOUND ( 'NONE', #487, .T. ) ;
#11243 = VERTEX_POINT ( 'NONE', #6354 ) ;
#11244 = VECTOR ( 'NONE', #10275, 39.37007874015748143 ) ;
#11245 = VECTOR ( 'NONE', #6033, 39.37007874015748143 ) ;
#11246 = ORIENTED_EDGE ( 'NONE', *, *, #8456, .T. ) ;
#11247 = CARTESIAN_POINT ( 'NONE',  ( 3.740157480314960647, -10.75790487308419685, 0.3937007874015748254 ) ) ;
#11248 = LINE ( 'NONE', #6688, #3168 ) ;
#11249 = CARTESIAN_POINT ( 'NONE',  ( -3.299501261425538789, -6.505936369147188536, 0.7874015748031496509 ) ) ;
#11250 = DIRECTION ( 'NONE',  ( 1.000000000000000000, -0.000000000000000000, -0.000000000000000000 ) ) ;
#11251 = ORIENTED_EDGE ( 'NONE', *, *, #8012, .F. ) ;
#11252 = ORIENTED_EDGE ( 'NONE', *, *, #7016, .T. ) ;
#11253 = AXIS2_PLACEMENT_3D ( 'NONE', #9936, #6210, #10712 ) ;
#11254 = DIRECTION ( 'NONE',  ( 0.000000000000000000, -1.000000000000000000, 0.000000000000000000 ) ) ;
#11255 = EDGE_CURVE ( 'NONE', #4624, #1179, #3375, .T. ) ;
#11256 = ORIENTED_EDGE ( 'NONE', *, *, #9663, .F. ) ;
#11257 = LINE ( 'NONE', #10428, #6231 ) ;
#11258 = ORIENTED_EDGE ( 'NONE', *, *, #904, .F. ) ;
#11259 = EDGE_LOOP ( 'NONE', ( #11196, #6779 ) ) ;
#11260 = ADVANCED_FACE ( 'NONE', ( #6232 ), #10798, .F. ) ;
#11261 = EDGE_CURVE ( 'NONE', #6781, #6477, #7251, .T. ) ;
#11262 = VECTOR ( 'NONE', #8898, 39.37007874015748143 ) ;
#11263 = PLANE ( 'NONE',  #10771 ) ;
#11264 = CARTESIAN_POINT ( 'NONE',  ( 4.273251509737226783, -11.42719621166687283, 0.3937007874015748254 ) ) ;
#11265 = ORIENTED_EDGE ( 'NONE', *, *, #9829, .T. ) ;
#11266 = LINE ( 'NONE', #4779, #6332 ) ;
#11267 = CARTESIAN_POINT ( 'NONE',  ( 3.693202048827114670, -2.568928495131438172, 0.3937007874015748254 ) ) ;
#11268 = ORIENTED_EDGE ( 'NONE', *, *, #1995, .T. ) ;
#11269 = EDGE_CURVE ( 'NONE', #2802, #5811, #8499, .T. ) ;
#11270 = CARTESIAN_POINT ( 'NONE',  ( 3.838582677165354173, 3.937007874015748143, -6.395228468411556122 ) ) ;
#11271 = EDGE_LOOP ( 'NONE', ( #4025, #11145, #8498, #5586 ) ) ;
#11272 = EDGE_CURVE ( 'NONE', #7167, #5991, #5387, .T. ) ;
#11273 = LINE ( 'NONE', #2375, #659 ) ;
#11274 = LINE ( 'NONE', #8486, #1796 ) ;
#11275 = CARTESIAN_POINT ( 'NONE',  ( 4.785852954177774343, 9.448818897637794478, -7.952773140716710820 ) ) ;
#11276 = FACE_OUTER_BOUND ( 'NONE', #4718, .T. ) ;
#11277 = DIRECTION ( 'NONE',  ( -1.000000000000000000, 0.000000000000000000, 0.000000000000000000 ) ) ;
#11278 = VERTEX_POINT ( 'NONE', #11679 ) ;
#11279 = CARTESIAN_POINT ( 'NONE',  ( 2.073640607983706641, 3.336583315892183155, 0.3937007874015748254 ) ) ;
#11280 = ORIENTED_EDGE ( 'NONE', *, *, #10533, .T. ) ;
#11281 =( NAMED_UNIT ( * ) PLANE_ANGLE_UNIT ( ) SI_UNIT ( $, .RADIAN. ) );
#11282 = FACE_OUTER_BOUND ( 'NONE', #1772, .T. ) ;
#11283 = ORIENTED_EDGE ( 'NONE', *, *, #788, .T. ) ;
#11284 = CARTESIAN_POINT ( 'NONE',  ( 0.000000000000000000, 0.000000000000000000, 0.000000000000000000 ) ) ;
#11285 = EDGE_LOOP ( 'NONE', ( #10813, #8588, #11000, #997 ) ) ;
#11286 = EDGE_CURVE ( 'NONE', #9905, #8188, #823, .T. ) ;
#11287 = EDGE_CURVE ( 'NONE', #10132, #3863, #5518, .T. ) ;
#11288 = DIRECTION ( 'NONE',  ( -0.8574929257125443183, -0.5144957554275262357, 0.000000000000000000 ) ) ;
#11289 = DIRECTION ( 'NONE',  ( -0.000000000000000000, 1.000000000000000000, -0.000000000000000000 ) ) ;
#11290 = EDGE_LOOP ( 'NONE', ( #6789, #4017, #10790, #1802 ) ) ;
#11291 = VERTEX_POINT ( 'NONE', #9848 ) ;
#11292 = CARTESIAN_POINT ( 'NONE',  ( -4.724409448818893686, 3.937007874015748143, 5.965761340813562796 ) ) ;
#11293 = CARTESIAN_POINT ( 'NONE',  ( 4.785852954177777008, 8.267716535433070391, -7.206675219446472269 ) ) ;
#11294 = EDGE_LOOP ( 'NONE', ( #10905, #9313 ) ) ;
#11295 = VECTOR ( 'NONE', #8687, 39.37007874015748143 ) ;
#11296 = DIRECTION ( 'NONE',  ( -0.000000000000000000, -1.000000000000000000, -0.000000000000000000 ) ) ;
#11297 = CARTESIAN_POINT ( 'NONE',  ( -3.693202048827115558, -2.175227707729864512, 0.7874015748031496509 ) ) ;
#11298 = EDGE_CURVE ( 'NONE', #5048, #10002, #1662, .T. ) ;
#11299 = CARTESIAN_POINT ( 'NONE',  ( 0.006488179178569855252, 3.915065883440284278, 6.692913385826771311 ) ) ;
#11300 = VERTEX_POINT ( 'NONE', #8969 ) ;
#11301 = CARTESIAN_POINT ( 'NONE',  ( 3.299501261425539234, -6.899637156548763528, 0.7874015748031496509 ) ) ;
#11302 = VERTEX_POINT ( 'NONE', #8138 ) ;
#11303 = PLANE ( 'NONE',  #2129 ) ;
#11304 = DIRECTION ( 'NONE',  ( 0.000000000000000000, -1.000000000000000000, 0.000000000000000000 ) ) ;
#11305 = CARTESIAN_POINT ( 'NONE',  ( 4.184668832571873942, -3.553180463635375208, 0.3937007874015748254 ) ) ;
#11306 = CARTESIAN_POINT ( 'NONE',  ( 3.693202048827114670, -2.568928495131438172, 0.000000000000000000 ) ) ;
#11307 = ORIENTED_EDGE ( 'NONE', *, *, #1211, .F. ) ;
#11308 = CARTESIAN_POINT ( 'NONE',  ( -4.921259842519685179, 1.368079378884309083, 0.3937007874015748254 ) ) ;
#11309 = VERTEX_POINT ( 'NONE', #3530 ) ;
#11310 = AXIS2_PLACEMENT_3D ( 'NONE', #197, #364, #9516 ) ;
#11311 = FACE_OUTER_BOUND ( 'NONE', #8162, .T. ) ;
#11312 = EDGE_LOOP ( 'NONE', ( #4055, #11730, #4534, #3177 ) ) ;
#11313 = ORIENTED_EDGE ( 'NONE', *, *, #10379, .T. ) ;
#11314 = FACE_OUTER_BOUND ( 'NONE', #1061, .T. ) ;
#11315 = LINE ( 'NONE', #1478, #2462 ) ;
#11316 = FACE_OUTER_BOUND ( 'NONE', #1498, .T. ) ;
#11317 = EDGE_CURVE ( 'NONE', #11137, #8429, #3918, .T. ) ;
#11318 = CIRCLE ( 'NONE', #10365, 1.181102362204723200 ) ;
#11319 = FACE_OUTER_BOUND ( 'NONE', #29, .T. ) ;
#11320 = CIRCLE ( 'NONE', #2742, 0.5905511811023627100 ) ;
#11321 = CIRCLE ( 'NONE', #4100, 0.1968503937007875793 ) ;
#11322 = CARTESIAN_POINT ( 'NONE',  ( -2.778641590709038045, 3.937007874015748143, 7.972440944881888036 ) ) ;
#11323 = VERTEX_POINT ( 'NONE', #11750 ) ;
#11324 = LINE ( 'NONE', #10440, #3735 ) ;
#11325 = PLANE ( 'NONE',  #6985 ) ;
#11326 = AXIS2_PLACEMENT_3D ( 'NONE', #5810, #10207, #3778 ) ;
#11327 = VECTOR ( 'NONE', #5990, 39.37007874015748854 ) ;
#11328 = CARTESIAN_POINT ( 'NONE',  ( 4.370956789862821150E-15, 3.149606299212599492, 6.889763779527557475 ) ) ;
#11329 = CARTESIAN_POINT ( 'NONE',  ( -4.923310919208258696, -3.946881251036951088, 0.3937007874015748254 ) ) ;
#11330 = CARTESIAN_POINT ( 'NONE',  ( 4.921259842519688732, -10.44294424316293224, 0.3937007874015748254 ) ) ;
#11331 = EDGE_CURVE ( 'NONE', #10760, #2811, #10610, .T. ) ;
#11332 = VERTEX_POINT ( 'NONE', #9149 ) ;
#11333 = CARTESIAN_POINT ( 'NONE',  ( -4.197918901467038388, 9.055118110236220375, 7.445930726915714004 ) ) ;
#11334 = CARTESIAN_POINT ( 'NONE',  ( 3.346456692913387876, 7.480314960629921295, 7.011039673268492756 ) ) ;
#11335 = EDGE_CURVE ( 'NONE', #257, #9591, #765, .T. ) ;
#11336 = EDGE_LOOP ( 'NONE', ( #9928, #10793, #1543, #9131, #2389, #2915 ) ) ;
#11337 = EDGE_LOOP ( 'NONE', ( #5666, #10625, #11197, #9665 ) ) ;
#11338 = CARTESIAN_POINT ( 'NONE',  ( -0.1968503937007865523, -7.034450261923434589, 0.7874015748031496509 ) ) ;
#11339 = VECTOR ( 'NONE', #11069, 39.37007874015748143 ) ;
#11340 = AXIS2_PLACEMENT_3D ( 'NONE', #1587, #4239, #8782 ) ;
#11341 = CARTESIAN_POINT ( 'NONE',  ( -6.104413281412983672, -3.946881251036951976, 0.3937007874015748254 ) ) ;
#11342 = AXIS2_PLACEMENT_3D ( 'NONE', #9878, #9125, #9932 ) ;
#11343 = LINE ( 'NONE', #3118, #3309 ) ;
#11344 = ORIENTED_EDGE ( 'NONE', *, *, #1757, .T. ) ;
#11345 = EDGE_CURVE ( 'NONE', #2618, #8598, #4423, .T. ) ;
#11346 = EDGE_LOOP ( 'NONE', ( #7799, #5288, #4468, #3111, #107, #9537, #11360, #9501, #6313, #4308, #398, #4604 ) ) ;
#11347 = VECTOR ( 'NONE', #7568, 39.37007874015748143 ) ;
#11348 = VECTOR ( 'NONE', #9365, 39.37007874015748143 ) ;
#11349 = ORIENTED_EDGE ( 'NONE', *, *, #8082, .F. ) ;
#11350 = CYLINDRICAL_SURFACE ( 'NONE', #11614, 0.1968503937007875793 ) ;
#11351 = DIRECTION ( 'NONE',  ( -0.000000000000000000, -0.000000000000000000, 1.000000000000000000 ) ) ;
#11352 = VERTEX_POINT ( 'NONE', #948 ) ;
#11353 = DIRECTION ( 'NONE',  ( 0.000000000000000000, 0.000000000000000000, 1.000000000000000000 ) ) ;
#11354 = CYLINDRICAL_SURFACE ( 'NONE', #10098, 0.08858267716535440928 ) ;
#11355 = EDGE_CURVE ( 'NONE', #5044, #6256, #11274, .T. ) ;
#11356 = DIRECTION ( 'NONE',  ( -0.000000000000000000, 1.000000000000000000, -0.000000000000000000 ) ) ;
#11357 = VECTOR ( 'NONE', #8160, 39.37007874015748143 ) ;
#11358 = CIRCLE ( 'NONE', #8904, 0.1968503937007875793 ) ;
#11359 = CARTESIAN_POINT ( 'NONE',  ( -4.273251509737226783, -5.521684400643249724, 0.000000000000000000 ) ) ;
#11360 = ORIENTED_EDGE ( 'NONE', *, *, #11034, .F. ) ;
#11361 = VECTOR ( 'NONE', #4492, 39.37007874015748143 ) ;
#11362 = EDGE_CURVE ( 'NONE', #10217, #4619, #8143, .T. ) ;
#11363 = CARTESIAN_POINT ( 'NONE',  ( -0.3937007874015748810, 3.927134496994546087, 1.968503937007874072 ) ) ;
#11364 = ORIENTED_EDGE ( 'NONE', *, *, #6993, .F. ) ;
#11365 = DIRECTION ( 'NONE',  ( 0.000000000000000000, 1.000000000000000000, 0.000000000000000000 ) ) ;
#11366 = DIRECTION ( 'NONE',  ( 0.000000000000000000, -0.000000000000000000, 1.000000000000000000 ) ) ;
#11367 = ORIENTED_EDGE ( 'NONE', *, *, #8444, .T. ) ;
#11368 = EDGE_CURVE ( 'NONE', #6091, #6972, #2029, .T. ) ;
#11369 = CARTESIAN_POINT ( 'NONE',  ( -5.019685039370078705, 3.937007874015748143, -6.395228468411556122 ) ) ;
#11370 = CARTESIAN_POINT ( 'NONE',  ( -7.232166136696951570E-17, -13.00199936127317279, 0.000000000000000000 ) ) ;
#11371 = DIMENSIONAL_EXPONENTS ( 1.000000000000000000, 0.000000000000000000, 0.000000000000000000, 0.000000000000000000, 0.000000000000000000, 0.000000000000000000, 0.000000000000000000 ) ;
#11372 = EDGE_LOOP ( 'NONE', ( #10897, #2857, #8093, #606 ) ) ;
#11373 = VECTOR ( 'NONE', #4707, 39.37007874015748143 ) ;
#11374 = DIRECTION ( 'NONE',  ( 0.000000000000000000, -0.000000000000000000, 1.000000000000000000 ) ) ;
#11375 = CARTESIAN_POINT ( 'NONE',  ( 3.299501261425538789, -10.44294424316293224, 1.968503937007874072 ) ) ;
#11376 =( NAMED_UNIT ( * ) PLANE_ANGLE_UNIT ( ) SI_UNIT ( $, .RADIAN. ) );
#11377 = ORIENTED_EDGE ( 'NONE', *, *, #3626, .T. ) ;
#11378 = ORIENTED_EDGE ( 'NONE', *, *, #11480, .T. ) ;
#11379 = CARTESIAN_POINT ( 'NONE',  ( 3.693202048827112893, -6.505936369147187648, 0.3937007874015748254 ) ) ;
#11380 = EDGE_CURVE ( 'NONE', #5961, #10002, #8548, .T. ) ;
#11381 = FILL_AREA_STYLE ('',( #3090 ) ) ;
#11382 = CARTESIAN_POINT ( 'NONE',  ( -3.346456692913384323, 7.480314960629921295, 6.420488492166129824 ) ) ;
#11383 = FACE_BOUND ( 'NONE', #300, .T. ) ;
#11384 = LENGTH_MEASURE_WITH_UNIT ( LENGTH_MEASURE( 0.02539999999999999897 ), #3340 );
#11385 = ORIENTED_EDGE ( 'NONE', *, *, #11407, .T. ) ;
#11386 = LINE ( 'NONE', #9496, #8695 ) ;
#11387 = LINE ( 'NONE', #10556, #10784 ) ;
#11388 = DIRECTION ( 'NONE',  ( -0.000000000000000000, -0.000000000000000000, 1.000000000000000000 ) ) ;
#11389 = CARTESIAN_POINT ( 'NONE',  ( 6.496062992125987812, 0.000000000000000000, 1.591076550073333536E-15 ) ) ;
#11390 = DIRECTION ( 'NONE',  ( 0.000000000000000000, 0.000000000000000000, 1.000000000000000000 ) ) ;
#11391 = ORIENTED_EDGE ( 'NONE', *, *, #7740, .F. ) ;
#11392 = CARTESIAN_POINT ( 'NONE',  ( 3.549822394964751382, 3.149606299212599492, 6.729326213142290847 ) ) ;
#11393 = VERTEX_POINT ( 'NONE', #8313 ) ;
#11394 = CARTESIAN_POINT ( 'NONE',  ( 4.392152166776199351, 7.874015748031496287, 8.233332301718865764 ) ) ;
#11395 = ORIENTED_EDGE ( 'NONE', *, *, #6636, .F. ) ;
#11396 = DIRECTION ( 'NONE',  ( 1.000000000000000000, 0.000000000000000000, -0.000000000000000000 ) ) ;
#11397 = EDGE_LOOP ( 'NONE', ( #681, #11307, #1548, #1057 ) ) ;
#11398 = EDGE_LOOP ( 'NONE', ( #6386, #358 ) ) ;
#11399 = DIRECTION ( 'NONE',  ( -1.000000000000000000, 0.000000000000000000, 0.000000000000000000 ) ) ;
#11400 = ADVANCED_FACE ( 'NONE', ( #11215 ), #3099, .F. ) ;
#11401 = CYLINDRICAL_SURFACE ( 'NONE', #2369, 0.1968503937007864968 ) ;
#11402 = ORIENTED_EDGE ( 'NONE', *, *, #9024, .T. ) ;
#11403 = VERTEX_POINT ( 'NONE', #4907 ) ;
#11404 = EDGE_CURVE ( 'NONE', #5831, #10103, #10318, .T. ) ;
#11405 = DIRECTION ( 'NONE',  ( -0.000000000000000000, 1.000000000000000000, 0.000000000000000000 ) ) ;
#11406 = LINE ( 'NONE', #3191, #2409 ) ;
#11407 = EDGE_CURVE ( 'NONE', #5409, #1625, #6596, .T. ) ;
#11408 = ORIENTED_EDGE ( 'NONE', *, *, #3901, .T. ) ;
#11409 = CARTESIAN_POINT ( 'NONE',  ( 3.346456692913386100, 3.937007874015748143, -6.420488492166129824 ) ) ;
#11410 = FACE_OUTER_BOUND ( 'NONE', #5111, .T. ) ;
#11411 = ORIENTED_EDGE ( 'NONE', *, *, #7648, .F. ) ;
#11412 = CARTESIAN_POINT ( 'NONE',  ( 1.261104803704728772, 7.874015748031496287, 0.1482536524622699581 ) ) ;
#11413 = AXIS2_PLACEMENT_3D ( 'NONE', #8976, #10034, #769 ) ;
#11414 = EDGE_CURVE ( 'NONE', #10560, #11403, #5705, .T. ) ;
#11415 = ADVANCED_FACE ( 'NONE', ( #10373 ), #9329, .F. ) ;
#11416 = DIRECTION ( 'NONE',  ( 1.000000000000000000, 0.000000000000000000, 0.000000000000000000 ) ) ;
#11417 = ORIENTED_EDGE ( 'NONE', *, *, #1482, .T. ) ;
#11418 = CARTESIAN_POINT ( 'NONE',  ( -3.653534954903999488, -1.306301163389676168, 0.000000000000000000 ) ) ;
#11419 = ORIENTED_EDGE ( 'NONE', *, *, #5444, .T. ) ;
#11420 = DIRECTION ( 'NONE',  ( -1.156482317317871478E-16, 0.000000000000000000, -1.000000000000000000 ) ) ;
#11421 = DIRECTION ( 'NONE',  ( 0.000000000000000000, 1.000000000000000000, 0.000000000000000000 ) ) ;
#11422 = VECTOR ( 'NONE', #4832, 39.37007874015748143 ) ;
#11423 = ORIENTED_EDGE ( 'NONE', *, *, #4812, .T. ) ;
#11424 = DIRECTION ( 'NONE',  ( 1.040834085586068795E-14, 1.000000000000000000, 0.000000000000000000 ) ) ;
#11425 = CARTESIAN_POINT ( 'NONE',  ( 5.905511811023623103, 0.000000000000000000, -0.5905511811023639313 ) ) ;
#11426 = EDGE_LOOP ( 'NONE', ( #8068, #10128 ) ) ;
#11427 = EDGE_CURVE ( 'NONE', #5376, #9216, #5881, .T. ) ;
#11428 = ORIENTED_EDGE ( 'NONE', *, *, #3255, .T. ) ;
#11429 = AXIS2_PLACEMENT_3D ( 'NONE', #11553, #3396, #691 ) ;
#11430 = LINE ( 'NONE', #6099, #1253 ) ;
#11431 = AXIS2_PLACEMENT_3D ( 'NONE', #3141, #3208, #3079 ) ;
#11432 = EDGE_CURVE ( 'NONE', #8462, #90, #4903, .T. ) ;
#11433 = CARTESIAN_POINT ( 'NONE',  ( -3.693202048827116002, 1.368079378884309083, 0.3937007874015748254 ) ) ;
#11434 = ORIENTED_EDGE ( 'NONE', *, *, #11269, .F. ) ;
#11435 = ORIENTED_EDGE ( 'NONE', *, *, #4726, .F. ) ;
#11436 = DIRECTION ( 'NONE',  ( -1.000000000000000000, 0.000000000000000000, 0.000000000000000000 ) ) ;
#11437 = AXIS2_PLACEMENT_3D ( 'NONE', #9781, #9678, #3353 ) ;
#11438 = CARTESIAN_POINT ( 'NONE',  ( -3.299501261425538345, -10.04924345576135813, 0.7874015748031496509 ) ) ;
#11439 = FACE_BOUND ( 'NONE', #9324, .T. ) ;
#11440 =( NAMED_UNIT ( * ) SI_UNIT ( $, .STERADIAN. ) SOLID_ANGLE_UNIT ( ) );
#11441 = EDGE_CURVE ( 'NONE', #4554, #4592, #11550, .T. ) ;
#11442 = CARTESIAN_POINT ( 'NONE',  ( -4.921259842519685179, 1.683040008805569476, 0.3937007874015748254 ) ) ;
#11443 = PLANE ( 'NONE',  #1459 ) ;
#11444 = VECTOR ( 'NONE', #7543, 39.37007874015748143 ) ;
#11445 = FILL_AREA_STYLE ('',( #4181 ) ) ;
#11446 = LINE ( 'NONE', #5814, #7899 ) ;
#11447 = DIRECTION ( 'NONE',  ( -0.000000000000000000, -0.000000000000000000, 1.000000000000000000 ) ) ;
#11448 = ORIENTED_EDGE ( 'NONE', *, *, #9663, .T. ) ;
#11449 = CARTESIAN_POINT ( 'NONE',  ( 0.09842519685039370636, 1.205361022782828035E-17, 1.574803149606299302 ) ) ;
#11450 = ORIENTED_EDGE ( 'NONE', *, *, #4754, .F. ) ;
#11451 = DIRECTION ( 'NONE',  ( 0.000000000000000000, -1.000000000000000000, 0.000000000000000000 ) ) ;
#11452 = VERTEX_POINT ( 'NONE', #7551 ) ;
#11453 = DIRECTION ( 'NONE',  ( 0.000000000000000000, 0.000000000000000000, 1.000000000000000000 ) ) ;
#11454 = ORIENTED_EDGE ( 'NONE', *, *, #2309, .F. ) ;
#11455 = VERTEX_POINT ( 'NONE', #11156 ) ;
#11456 = CARTESIAN_POINT ( 'NONE',  ( -5.137870221958633188, 3.937007874015748143, -7.072130618713249994 ) ) ;
#11457 = CARTESIAN_POINT ( 'NONE',  ( -3.299501261425539234, -6.505936369147188536, 1.968503937007874072 ) ) ;
#11458 = EDGE_LOOP ( 'NONE', ( #9205, #6151, #2052, #5817 ) ) ;
#11459 = VECTOR ( 'NONE', #11191, 39.37007874015748143 ) ;
#11460 = ORIENTED_EDGE ( 'NONE', *, *, #7679, .T. ) ;
#11461 = CARTESIAN_POINT ( 'NONE',  ( 3.560428057591566997, -12.24313273809901048, 0.000000000000000000 ) ) ;
#11462 = CARTESIAN_POINT ( 'NONE',  ( -4.923310919208258696, -6.505936369147188536, 0.000000000000000000 ) ) ;
#11463 = ORIENTED_EDGE ( 'NONE', *, *, #3824, .T. ) ;
#11464 = CARTESIAN_POINT ( 'NONE',  ( -4.591619688868616045, 9.448818897637794478, -7.559072353315135828 ) ) ;
#11465 = CARTESIAN_POINT ( 'NONE',  ( -3.549822394964751382, 0.000000000000000000, 6.729326213142290847 ) ) ;
#11466 = VERTEX_POINT ( 'NONE', #3954 ) ;
#11467 = PLANE ( 'NONE',  #839 ) ;
#11468 = ADVANCED_FACE ( 'NONE', ( #342 ), #3045, .F. ) ;
#11469 = LINE ( 'NONE', #3310, #8848 ) ;
#11470 = VERTEX_POINT ( 'NONE', #6535 ) ;
#11471 = AXIS2_PLACEMENT_3D ( 'NONE', #4322, #11353, #6793 ) ;
#11472 = LINE ( 'NONE', #3257, #6022 ) ;
#11473 = ORIENTED_EDGE ( 'NONE', *, *, #6625, .T. ) ;
#11474 = CARTESIAN_POINT ( 'NONE',  ( 4.921259842519685179, -10.75790487308419685, 0.3937007874015748254 ) ) ;
#11475 = CARTESIAN_POINT ( 'NONE',  ( -5.513862100310625181, -4.537432432139312688, 0.000000000000000000 ) ) ;
#11476 = EDGE_CURVE ( 'NONE', #10415, #1581, #10266, .T. ) ;
#11477 = ORIENTED_EDGE ( 'NONE', *, *, #4744, .T. ) ;
#11478 = DIRECTION ( 'NONE',  ( -0.000000000000000000, -0.000000000000000000, 1.000000000000000000 ) ) ;
#11479 = LINE ( 'NONE', #11425, #950 ) ;
#11480 = EDGE_CURVE ( 'NONE', #10743, #2440, #1261, .T. ) ;
#11481 = ORIENTED_EDGE ( 'NONE', *, *, #8516, .T. ) ;
#11482 = VECTOR ( 'NONE', #3788, 39.37007874015748143 ) ;
#11483 = EDGE_CURVE ( 'NONE', #6260, #1063, #4006, .T. ) ;
#11484 = CARTESIAN_POINT ( 'NONE',  ( -3.693202048827113781, -6.505936369147188536, 1.968503937007874072 ) ) ;
#11485 = PLANE ( 'NONE',  #7583 ) ;
#11486 = ORIENTED_EDGE ( 'NONE', *, *, #9666, .F. ) ;
#11487 = VECTOR ( 'NONE', #9575, 39.37007874015748143 ) ;
#11488 = ORIENTED_EDGE ( 'NONE', *, *, #10046, .T. ) ;
#11489 = FACE_OUTER_BOUND ( 'NONE', #2307, .T. ) ;
#11490 = ADVANCED_FACE ( 'NONE', ( #1963 ), #5637, .F. ) ;
#11491 = VECTOR ( 'NONE', #8317, 39.37007874015748143 ) ;
#11492 = SURFACE_STYLE_FILL_AREA ( #3998 ) ;
#11493 = LINE ( 'NONE', #7160, #3190 ) ;
#11494 = PLANE ( 'NONE',  #4593 ) ;
#11495 = DIRECTION ( 'NONE',  ( 1.000000000000000000, 0.000000000000000000, -2.807670561062811415E-16 ) ) ;
#11496 = AXIS2_PLACEMENT_3D ( 'NONE', #6682, #5782, #1207 ) ;
#11497 = CARTESIAN_POINT ( 'NONE',  ( 4.785852954177777896, 9.448818897637794478, 7.577239534397965492 ) ) ;
#11498 = EDGE_LOOP ( 'NONE', ( #10422, #5671, #9856, #9333, #5808, #9509, #6155, #11391 ) ) ;
#11499 = CARTESIAN_POINT ( 'NONE',  ( -2.467341395385281633, 3.336583315892183155, 0.7874015748031496509 ) ) ;
#11500 = LINE ( 'NONE', #4297, #3345 ) ;
#11501 = LINE ( 'NONE', #3463, #1793 ) ;
#11502 = ORIENTED_EDGE ( 'NONE', *, *, #9972, .T. ) ;
#11503 = VECTOR ( 'NONE', #8764, 39.37007874015748143 ) ;
#11504 = DIRECTION ( 'NONE',  ( -0.000000000000000000, -0.000000000000000000, 1.000000000000000000 ) ) ;
#11505 = LINE ( 'NONE', #2385, #10670 ) ;
#11506 = PLANE ( 'NONE',  #11696 ) ;
#11507 = ADVANCED_FACE ( 'NONE', ( #7954 ), #10623, .T. ) ;
#11508 = EDGE_LOOP ( 'NONE', ( #10835, #10957, #4742, #6072, #4699, #5314 ) ) ;
#11509 = VECTOR ( 'NONE', #1379, 39.37007874015748143 ) ;
#11510 = VECTOR ( 'NONE', #10732, 39.37007874015748143 ) ;
#11511 = AXIS2_PLACEMENT_3D ( 'NONE', #4325, #10689, #5285 ) ;
#11512 = DIRECTION ( 'NONE',  ( -0.000000000000000000, -0.000000000000000000, 1.000000000000000000 ) ) ;
#11513 = DIRECTION ( 'NONE',  ( 1.156482317317871478E-16, 0.000000000000000000, -1.000000000000000000 ) ) ;
#11514 = VERTEX_POINT ( 'NONE', #4061 ) ;
#11515 = VECTOR ( 'NONE', #10671, 39.37007874015748143 ) ;
#11516 = VERTEX_POINT ( 'NONE', #461 ) ;
#11517 = CYLINDRICAL_SURFACE ( 'NONE', #6328, 0.3937007874015746034 ) ;
#11518 = CARTESIAN_POINT ( 'NONE',  ( 4.471879931551174359, -0.6432185497264709673, 0.000000000000000000 ) ) ;
#11519 = ORIENTED_EDGE ( 'NONE', *, *, #1043, .F. ) ;
#11520 = DIRECTION ( 'NONE',  ( 0.000000000000000000, 0.000000000000000000, 1.000000000000000000 ) ) ;
#11521 = CARTESIAN_POINT ( 'NONE',  ( 3.693202048827114670, -2.175227707729864512, 0.3937007874015748254 ) ) ;
#11522 = ADVANCED_FACE ( 'NONE', ( #6834 ), #11443, .T. ) ;
#11523 = AXIS2_PLACEMENT_3D ( 'NONE', #7614, #9498, #3047 ) ;
#11525 = EDGE_LOOP ( 'NONE', ( #7599, #6754, #1134, #8044 ) ) ;
#11524 = VECTOR ( 'NONE', #2216, 39.37007874015748143 ) ;
#11526 = CYLINDRICAL_SURFACE ( 'NONE', #11511, 0.07868300030473396323 ) ;
#11527 = ADVANCED_FACE ( 'NONE', ( #7716 ), #11325, .F. ) ;
#11528 = VECTOR ( 'NONE', #8355, 39.37007874015748143 ) ;
#11529 = VECTOR ( 'NONE', #11603, 39.37007874015748143 ) ;
#11530 = CARTESIAN_POINT ( 'NONE',  ( -7.232166136696967594E-17, 3.927134496994546087, 0.3937007874015748810 ) ) ;
#11531 = VERTEX_POINT ( 'NONE', #10441 ) ;
#11532 = DIRECTION ( 'NONE',  ( 0.000000000000000000, 0.000000000000000000, 1.000000000000000000 ) ) ;
#11533 = EDGE_CURVE ( 'NONE', #2046, #11300, #11387, .T. ) ;
#11534 = ADVANCED_FACE ( 'NONE', ( #1424 ), #7833, .T. ) ;
#11535 = VERTEX_POINT ( 'NONE', #9602 ) ;
#11536 = LINE ( 'NONE', #10695, #595 ) ;
#11537 = AXIS2_PLACEMENT_3D ( 'NONE', #7982, #556, #503 ) ;
#11538 = DIRECTION ( 'NONE',  ( -0.000000000000000000, 0.000000000000000000, -1.000000000000000000 ) ) ;
#11539 = ORIENTED_EDGE ( 'NONE', *, *, #3020, .T. ) ;
#11540 = LINE ( 'NONE', #6194, #445 ) ;
#11541 = LINE ( 'NONE', #4340, #4388 ) ;
#11542 = AXIS2_PLACEMENT_3D ( 'NONE', #11484, #11254, #3082 ) ;
#11543 = AXIS2_PLACEMENT_3D ( 'NONE', #9761, #3391, #2652 ) ;
#11544 = ORIENTED_EDGE ( 'NONE', *, *, #4726, .T. ) ;
#11545 = CIRCLE ( 'NONE', #3760, 0.3937007874015746034 ) ;
#11546 = PLANE ( 'NONE',  #118 ) ;
#11547 = FACE_BOUND ( 'NONE', #5417, .T. ) ;
#11548 = EDGE_LOOP ( 'NONE', ( #7854, #9791, #1744, #8547 ) ) ;
#11549 = EDGE_CURVE ( 'NONE', #10044, #2042, #6060, .T. ) ;
#11550 = CIRCLE ( 'NONE', #9097, 0.1968503937007875793 ) ;
#11551 = ORIENTED_EDGE ( 'NONE', *, *, #5356, .T. ) ;
#11552 = CARTESIAN_POINT ( 'NONE',  ( 4.921259842519688732, -10.44294424316293224, 0.000000000000000000 ) ) ;
#11553 = CARTESIAN_POINT ( 'NONE',  ( -1.258335327127414915, 7.480314960629921295, -0.04859674123851779465 ) ) ;
#11554 = LINE ( 'NONE', #8052, #4516 ) ;
#11555 = VECTOR ( 'NONE', #3719, 39.37007874015748143 ) ;
#11556 = ADVANCED_FACE ( 'NONE', ( #579 ), #6164, .T. ) ;
#11557 = CARTESIAN_POINT ( 'NONE',  ( 0.006488179178569830098, 3.915065883440284278, -6.692913385826771311 ) ) ;
#11558 = LINE ( 'NONE', #3513, #11713 ) ;
#11559 = LINE ( 'NONE', #9834, #8894 ) ;
#11560 = EDGE_CURVE ( 'NONE', #9291, #1375, #5939, .T. ) ;
#11561 = DIRECTION ( 'NONE',  ( -0.000000000000000000, -0.000000000000000000, -1.000000000000000000 ) ) ;
#11562 = LINE ( 'NONE', #3343, #3175 ) ;
#11563 = VECTOR ( 'NONE', #6811, 39.37007874015748143 ) ;
#11564 = PLANE ( 'NONE',  #92 ) ;
#11565 = VERTEX_POINT ( 'NONE', #9775 ) ;
#11566 = DIRECTION ( 'NONE',  ( 0.000000000000000000, 0.000000000000000000, 1.000000000000000000 ) ) ;
#11567 = LINE ( 'NONE', #8670, #1525 ) ;
#11568 = DIRECTION ( 'NONE',  ( -0.000000000000000000, -0.000000000000000000, -1.000000000000000000 ) ) ;
#11569 = EDGE_CURVE ( 'NONE', #8440, #1053, #878, .T. ) ;
#11570 = LINE ( 'NONE', #3414, #10228 ) ;
#11571 = ADVANCED_FACE ( 'NONE', ( #2317 ), #5993, .F. ) ;
#11572 = DIRECTION ( 'NONE',  ( 0.000000000000000000, 0.000000000000000000, 1.000000000000000000 ) ) ;
#11573 = CARTESIAN_POINT ( 'NONE',  ( -3.693202048827113781, -6.505936369147188536, 0.000000000000000000 ) ) ;
#11574 = ORIENTED_EDGE ( 'NONE', *, *, #6255, .F. ) ;
#11575 = LINE ( 'NONE', #3367, #3070 ) ;
#11576 = CARTESIAN_POINT ( 'NONE',  ( -4.921259842519685179, 1.683040008805569476, 0.3937007874015748254 ) ) ;
#11577 = CARTESIAN_POINT ( 'NONE',  ( -4.184668832571871278, -5.521684400643249724, 0.000000000000000000 ) ) ;
#11578 = DIRECTION ( 'NONE',  ( 1.156482317317871478E-16, 1.000000000000000000, -0.000000000000000000 ) ) ;
#11579 = ORIENTED_EDGE ( 'NONE', *, *, #11427, .T. ) ;
#11580 = DIRECTION ( 'NONE',  ( -0.3500634545916481710, 0.000000000000000000, 0.9367259886217319531 ) ) ;
#11581 = AXIS2_PLACEMENT_3D ( 'NONE', #360, #2049, #8510 ) ;
#11582 = EDGE_CURVE ( 'NONE', #10078, #8301, #1539, .T. ) ;
#11583 = DIRECTION ( 'NONE',  ( 1.000000000000000000, 0.000000000000000000, 0.000000000000000000 ) ) ;
#11584 = VERTEX_POINT ( 'NONE', #5015 ) ;
#11585 = CARTESIAN_POINT ( 'NONE',  ( 2.858207359010677351, -2.698702213475663303, 0.7874015748031496509 ) ) ;
#11586 = ORIENTED_EDGE ( 'NONE', *, *, #4557, .F. ) ;
#11587 = DIRECTION ( 'NONE',  ( -1.000000000000000000, -0.000000000000000000, -0.000000000000000000 ) ) ;
#11588 = FACE_OUTER_BOUND ( 'NONE', #3119, .T. ) ;
#11589 = ORIENTED_EDGE ( 'NONE', *, *, #3605, .F. ) ;
#11590 = LINE ( 'NONE', #2520, #10562 ) ;
#11591 = CIRCLE ( 'NONE', #2842, 0.5905511811023627100 ) ;
#11592 = CARTESIAN_POINT ( 'NONE',  ( -4.197918901467038388, 9.055118110236220375, -7.952773140716710820 ) ) ;
#11593 = ORIENTED_EDGE ( 'NONE', *, *, #11012, .T. ) ;
#11594 = DIRECTION ( 'NONE',  ( -0.000000000000000000, -1.000000000000000000, -0.000000000000000000 ) ) ;
#11595 = CARTESIAN_POINT ( 'NONE',  ( 4.783372228692590156, 3.149606299212599492, -6.106877749175724901 ) ) ;
#11596 = PRODUCT_CONTEXT ( 'NONE', #1657, 'mechanical' ) ;
#11597 = ORIENTED_EDGE ( 'NONE', *, *, #4523, .T. ) ;
#11598 = ORIENTED_EDGE ( 'NONE', *, *, #9328, .F. ) ;
#11599 = LINE ( 'NONE', #4400, #10589 ) ;
#11600 = CARTESIAN_POINT ( 'NONE',  ( 4.921259842519688732, -10.44294424316293224, 0.000000000000000000 ) ) ;
#11601 = CARTESIAN_POINT ( 'NONE',  ( 3.560428057591566997, 3.168267873820385105, 0.000000000000000000 ) ) ;
#11602 = LINE ( 'NONE', #6160, #2884 ) ;
#11603 = DIRECTION ( 'NONE',  ( -1.387778780781444571E-14, -1.000000000000000000, -0.000000000000000000 ) ) ;
#11604 = CIRCLE ( 'NONE', #7646, 0.08858267716535440928 ) ;
#11605 = VECTOR ( 'NONE', #1105, 39.37007874015748143 ) ;
#11606 = EDGE_CURVE ( 'NONE', #6847, #6238, #11500, .T. ) ;
#11607 = LINE ( 'NONE', #9940, #3152 ) ;
#11608 = ORIENTED_EDGE ( 'NONE', *, *, #1, .T. ) ;
#11609 = EDGE_CURVE ( 'NONE', #6743, #4426, #11562, .T. ) ;
#11610 = PLANE ( 'NONE',  #6801 ) ;
#11611 = DIRECTION ( 'NONE',  ( 0.000000000000000000, 0.000000000000000000, 1.000000000000000000 ) ) ;
#11612 = ADVANCED_FACE ( 'NONE', ( #3283 ), #3404, .T. ) ;
#11613 = DIRECTION ( 'NONE',  ( -0.000000000000000000, -0.000000000000000000, -1.000000000000000000 ) ) ;
#11614 = AXIS2_PLACEMENT_3D ( 'NONE', #3189, #5215, #7906 ) ;
#11615 = ORIENTED_EDGE ( 'NONE', *, *, #7740, .T. ) ;
#11616 = CARTESIAN_POINT ( 'NONE',  ( 0.4737032289015790099, 7.480314960629921295, 0.1482536524622696805 ) ) ;
#11617 = EDGE_CURVE ( 'NONE', #5842, #1264, #8881, .T. ) ;
#11618 = DIRECTION ( 'NONE',  ( 0.000000000000000000, -0.000000000000000000, -1.000000000000000000 ) ) ;
#11619 = VERTEX_POINT ( 'NONE', #9944 ) ;
#11620 = CARTESIAN_POINT ( 'NONE',  ( 4.361834186902583177, -3.553180463635375208, 0.000000000000000000 ) ) ;
#11621 = ORIENTED_EDGE ( 'NONE', *, *, #8607, .T. ) ;
#11622 = EDGE_CURVE ( 'NONE', #8475, #11737, #10208, .T. ) ;
#11623 = AXIS2_PLACEMENT_3D ( 'NONE', #942, #2736, #5266 ) ;
#11624 = CARTESIAN_POINT ( 'NONE',  ( -2.858207359010676019, -2.698702213475664191, 0.3937007874015748254 ) ) ;
#11625 = LINE ( 'NONE', #7903, #7148 ) ;
#11626 = DIRECTION ( 'NONE',  ( -1.000000000000000000, -0.000000000000000000, -0.000000000000000000 ) ) ;
#11627 = ORIENTED_EDGE ( 'NONE', *, *, #762, .T. ) ;
#11628 = DIRECTION ( 'NONE',  ( 1.000000000000000000, 0.000000000000000000, 0.000000000000000000 ) ) ;
#11629 = CARTESIAN_POINT ( 'NONE',  ( -6.496062992125986035, -0.3937007874015748254, 0.3937007874015751585 ) ) ;
#11630 = AXIS2_PLACEMENT_3D ( 'NONE', #1946, #96, #10298 ) ;
#11631 = ADVANCED_FACE ( 'NONE', ( #3460 ), #9887, .F. ) ;
#11632 = DIRECTION ( 'NONE',  ( -9.358901870209372206E-17, 0.000000000000000000, -1.000000000000000000 ) ) ;
#11633 = DIRECTION ( 'NONE',  ( 1.000000000000000000, 0.000000000000000000, 0.000000000000000000 ) ) ;
#11634 = EDGE_LOOP ( 'NONE', ( #8710, #11005, #8756, #9455 ) ) ;
#11635 = PLANE ( 'NONE',  #7553 ) ;
#11636 = ORIENTED_EDGE ( 'NONE', *, *, #314, .T. ) ;
#11637 = EDGE_CURVE ( 'NONE', #11721, #3863, #5318, .T. ) ;
#11638 = ORIENTED_EDGE ( 'NONE', *, *, #10312, .F. ) ;
#11639 = DIRECTION ( 'NONE',  ( -0.000000000000000000, -0.000000000000000000, -1.000000000000000000 ) ) ;
#11640 = VERTEX_POINT ( 'NONE', #7237 ) ;
#11641 = LINE ( 'NONE', #3431, #10945 ) ;
#11642 = ORIENTED_EDGE ( 'NONE', *, *, #6916, .T. ) ;
#11643 = CARTESIAN_POINT ( 'NONE',  ( -4.273251509737226783, -3.553180463635376096, 0.000000000000000000 ) ) ;
#11644 = DIRECTION ( 'NONE',  ( -0.000000000000000000, -0.000000000000000000, -1.000000000000000000 ) ) ;
#11645 = ORIENTED_EDGE ( 'NONE', *, *, #5562, .F. ) ;
#11646 = CARTESIAN_POINT ( 'NONE',  ( 3.850385348604786984, -1.306301163389676168, 0.000000000000000000 ) ) ;
#11647 = CARTESIAN_POINT ( 'NONE',  ( 0.000000000000000000, 0.000000000000000000, 0.7874015748031496509 ) ) ;
#11648 = EDGE_CURVE ( 'NONE', #908, #6653, #4411, .T. ) ;
#11649 = ORIENTED_EDGE ( 'NONE', *, *, #11483, .T. ) ;
#11650 = ORIENTED_EDGE ( 'NONE', *, *, #5223, .T. ) ;
#11651 = DIRECTION ( 'NONE',  ( -0.000000000000000000, -0.000000000000000000, -1.000000000000000000 ) ) ;
#11652 = CIRCLE ( 'NONE', #1372, 0.3937007874015751585 ) ;
#11653 = CARTESIAN_POINT ( 'NONE',  ( -4.273251509737226783, -3.553180463635376096, 0.000000000000000000 ) ) ;
#11654 = EDGE_LOOP ( 'NONE', ( #594, #3953, #1268, #5565 ) ) ;
#11655 = DIRECTION ( 'NONE',  ( -0.000000000000000000, -0.000000000000000000, 1.000000000000000000 ) ) ;
#11656 = ORIENTED_EDGE ( 'NONE', *, *, #6426, .F. ) ;
#11657 = DIRECTION ( 'NONE',  ( -0.000000000000000000, -0.000000000000000000, -1.000000000000000000 ) ) ;
#11658 = DIRECTION ( 'NONE',  ( 0.000000000000000000, 0.000000000000000000, -1.000000000000000000 ) ) ;
#11659 = DIRECTION ( 'NONE',  ( -1.000000000000000000, 0.000000000000000000, 0.000000000000000000 ) ) ;
#11660 = LINE ( 'NONE', #10662, #6450 ) ;
#11661 = VECTOR ( 'NONE', #6554, 39.37007874015748143 ) ;
#11662 = CARTESIAN_POINT ( 'NONE',  ( -0.1968503937007875237, 0.8331594030294345865, 0.3937007874015748254 ) ) ;
#11663 = DIRECTION ( 'NONE',  ( -1.000000000000000000, 0.000000000000000000, -7.862016376373061085E-15 ) ) ;
#11664 = AXIS2_PLACEMENT_3D ( 'NONE', #2829, #5346, #4563 ) ;
#11665 = DIRECTION ( 'NONE',  ( 0.000000000000000000, 0.000000000000000000, 1.000000000000000000 ) ) ;
#11666 = DIRECTION ( 'NONE',  ( 1.387778780781444571E-14, 1.000000000000000000, 0.000000000000000000 ) ) ;
#11667 = ORIENTED_EDGE ( 'NONE', *, *, #2681, .F. ) ;
#11668 = AXIS2_PLACEMENT_3D ( 'NONE', #9854, #1668, #1785 ) ;
#11669 = VECTOR ( 'NONE', #11587, 39.37007874015748143 ) ;
#11670 = CARTESIAN_POINT ( 'NONE',  ( -3.299501261425538345, -10.04924345576135813, 0.7874015748031496509 ) ) ;
#11671 = ADVANCED_FACE ( 'NONE', ( #8958 ), #6398, .T. ) ;
#11672 = ORIENTED_EDGE ( 'NONE', *, *, #317, .T. ) ;
#11673 = DIRECTION ( 'NONE',  ( -0.000000000000000000, -0.000000000000000000, -1.000000000000000000 ) ) ;
#11674 = DIRECTION ( 'NONE',  ( 0.000000000000000000, 0.000000000000000000, 1.000000000000000000 ) ) ;
#11675 = DIRECTION ( 'NONE',  ( 0.000000000000000000, 0.000000000000000000, 1.000000000000000000 ) ) ;
#11676 = VECTOR ( 'NONE', #10514, 39.37007874015748143 ) ;
#11677 = VERTEX_POINT ( 'NONE', #698 ) ;
#11678 = CIRCLE ( 'NONE', #2933, 0.3937007874015751585 ) ;
#11679 = CARTESIAN_POINT ( 'NONE',  ( -4.361834186902580512, 2.352331347388246119, 0.000000000000000000 ) ) ;
#11680 = ADVANCED_FACE ( 'NONE', ( #2674 ), #752, .F. ) ;
#11681 = AXIS2_PLACEMENT_3D ( 'NONE', #3613, #7401, #11001 ) ;
#11682 = DIRECTION ( 'NONE',  ( 1.000000000000000000, 0.000000000000000000, 0.000000000000000000 ) ) ;
#11683 = LINE ( 'NONE', #6421, #3528 ) ;
#11684 = CIRCLE ( 'NONE', #3320, 0.1968503937007875793 ) ;
#11685 = ADVANCED_FACE ( 'NONE', ( #10894 ), #3582, .F. ) ;
#11686 = ORIENTED_EDGE ( 'NONE', *, *, #9466, .T. ) ;
#11687 = FACE_OUTER_BOUND ( 'NONE', #7340, .T. ) ;
#11688 = DIRECTION ( 'NONE',  ( 1.000000000000000000, 0.000000000000000000, 4.649641239344063863E-15 ) ) ;
#11689 = AXIS2_PLACEMENT_3D ( 'NONE', #1331, #4990, #11532 ) ;
#11690 = DIRECTION ( 'NONE',  ( 0.000000000000000000, 0.000000000000000000, 1.000000000000000000 ) ) ;
#11691 = CARTESIAN_POINT ( 'NONE',  ( -2.952755905511811108, 3.336583315892183155, 0.3937007874015748254 ) ) ;
#11692 = ORIENTED_EDGE ( 'NONE', *, *, #3202, .T. ) ;
#11693 = DIRECTION ( 'NONE',  ( 1.000000000000000000, 0.000000000000000000, 0.000000000000000000 ) ) ;
#11694 = VERTEX_POINT ( 'NONE', #5375 ) ;
#11695 = ADVANCED_FACE ( 'NONE', ( #2728 ), #4358, .F. ) ;
#11696 = AXIS2_PLACEMENT_3D ( 'NONE', #4072, #7014, #10510 ) ;
#11697 = AXIS2_PLACEMENT_3D ( 'NONE', #9332, #1624, #722 ) ;
#11698 = EDGE_CURVE ( 'NONE', #246, #6260, #5259, .T. ) ;
#11699 = DIRECTION ( 'NONE',  ( 0.000000000000000000, 1.000000000000000000, 0.000000000000000000 ) ) ;
#11700 = ORIENTED_EDGE ( 'NONE', *, *, #6875, .T. ) ;
#11701 = AXIS2_PLACEMENT_3D ( 'NONE', #8999, #1691, #581 ) ;
#11702 = EDGE_CURVE ( 'NONE', #7812, #8036, #7572, .T. ) ;
#11703 = AXIS2_PLACEMENT_3D ( 'NONE', #4902, #11147, #221 ) ;
#11704 = VERTEX_POINT ( 'NONE', #880 ) ;
#11705 = CARTESIAN_POINT ( 'NONE',  ( -2.467341395385281633, 3.336583315892183155, 0.3937007874015748254 ) ) ;
#11706 = CARTESIAN_POINT ( 'NONE',  ( -4.921259842519685179, -2.568928495131439060, 0.000000000000000000 ) ) ;
#11707 = ORIENTED_EDGE ( 'NONE', *, *, #8527, .F. ) ;
#11708 = CARTESIAN_POINT ( 'NONE',  ( -5.079843998574698816, 0.7342892156242623036, 4.936690717853303489 ) ) ;
#11709 = AXIS2_PLACEMENT_3D ( 'NONE', #9318, #7539, #11206 ) ;
#11710 = DIRECTION ( 'NONE',  ( -0.000000000000000000, 0.000000000000000000, -1.000000000000000000 ) ) ;
#11711 = ORIENTED_EDGE ( 'NONE', *, *, #10692, .F. ) ;
#11712 = AXIS2_PLACEMENT_3D ( 'NONE', #935, #8240, #43 ) ;
#11713 = VECTOR ( 'NONE', #1755, 39.37007874015748143 ) ;
#11714 = DIRECTION ( 'NONE',  ( -0.3500634545916413987, 0.000000000000000000, 0.9367259886217345066 ) ) ;
#11715 = ADVANCED_FACE ( 'NONE', ( #1709 ), #10717, .T. ) ;
#11716 = CARTESIAN_POINT ( 'NONE',  ( 4.184668832571872166, -11.42719621166687283, 0.000000000000000000 ) ) ;
#11717 = DIRECTION ( 'NONE',  ( -6.982962677686266711E-15, -1.000000000000000000, 1.047444401652944740E-14 ) ) ;
#11718 = ORIENTED_EDGE ( 'NONE', *, *, #5333, .T. ) ;
#11719 = AXIS2_PLACEMENT_3D ( 'NONE', #6269, #9995, #2605 ) ;
#11720 = EDGE_CURVE ( 'NONE', #3294, #2639, #9133, .T. ) ;
#11721 = VERTEX_POINT ( 'NONE', #1651 ) ;
#11722 = DIRECTION ( 'NONE',  ( 0.000000000000000000, 0.000000000000000000, -1.000000000000000000 ) ) ;
#11723 = DIRECTION ( 'NONE',  ( -0.000000000000000000, -1.000000000000000000, -0.000000000000000000 ) ) ;
#11724 = VECTOR ( 'NONE', #7503, 39.37007874015748143 ) ;
#11725 = VECTOR ( 'NONE', #3084, 39.37007874015748854 ) ;
#11726 = DIRECTION ( 'NONE',  ( 0.000000000000000000, 0.000000000000000000, -1.000000000000000000 ) ) ;
#11727 = CARTESIAN_POINT ( 'NONE',  ( 4.921259842519685179, 1.683040008805569476, 0.000000000000000000 ) ) ;
#11728 = LINE ( 'NONE', #7161, #964 ) ;
#11729 = CARTESIAN_POINT ( 'NONE',  ( -3.560428057591566997, 3.168267873820385105, 0.3937007874015748254 ) ) ;
#11730 = ORIENTED_EDGE ( 'NONE', *, *, #8089, .T. ) ;
#11731 = AXIS2_PLACEMENT_3D ( 'NONE', #4880, #11192, #5676 ) ;
#11732 = CARTESIAN_POINT ( 'NONE',  ( -2.467341395385281633, 1.564929772585096579, 0.3937007874015748254 ) ) ;
#11733 = VERTEX_POINT ( 'NONE', #5506 ) ;
#11734 = AXIS2_PLACEMENT_3D ( 'NONE', #7488, #1128, #11087 ) ;
#11735 = DIRECTION ( 'NONE',  ( 0.000000000000000000, 0.000000000000000000, 1.000000000000000000 ) ) ;
#11736 = CARTESIAN_POINT ( 'NONE',  ( -2.952755905511811108, -12.41144818017080986, 0.3937007874015748254 ) ) ;
#11737 = VERTEX_POINT ( 'NONE', #9838 ) ;
#11738 = ADVANCED_FACE ( 'NONE', ( #6466 ), #5258, .F. ) ;
#11739 = VERTEX_POINT ( 'NONE', #6219 ) ;
#11740 = AXIS2_PLACEMENT_3D ( 'NONE', #3669, #7330, #8092 ) ;
#11741 = DIRECTION ( 'NONE',  ( 0.000000000000000000, 0.000000000000000000, 1.000000000000000000 ) ) ;
#11742 = EDGE_LOOP ( 'NONE', ( #8120, #9058, #4190, #6932 ) ) ;
#11743 = LINE ( 'NONE', #4416, #4948 ) ;
#11744 = ORIENTED_EDGE ( 'NONE', *, *, #3616, .T. ) ;
#11745 = DIRECTION ( 'NONE',  ( 0.000000000000000000, 0.000000000000000000, -1.000000000000000000 ) ) ;
#11746 = CARTESIAN_POINT ( 'NONE',  ( -0.5905511811023621549, 4.517685678096908575, 0.000000000000000000 ) ) ;
#11747 = ORIENTED_EDGE ( 'NONE', *, *, #7016, .F. ) ;
#11748 = VECTOR ( 'NONE', #7046, 39.37007874015748143 ) ;
#11749 = PRODUCT_DEFINITION ( 'UNKNOWN', '', #2578, #3592 ) ;
#11750 = CARTESIAN_POINT ( 'NONE',  ( 2.778641590709047371, 3.915065883440284278, 7.972440944881887148 ) ) ;
#11751 = DIRECTION ( 'NONE',  ( 0.000000000000000000, -0.000000000000000000, -1.000000000000000000 ) ) ;
#11752 = LINE ( 'NONE', #10854, #8865 ) ;
#11753 = ORIENTED_EDGE ( 'NONE', *, *, #377, .T. ) ;
#11754 = PLANE ( 'NONE',  #10469 ) ;
#11755 = DIRECTION ( 'NONE',  ( -0.000000000000000000, -1.000000000000000000, -0.000000000000000000 ) ) ;
#11756 = LINE ( 'NONE', #3657, #9220 ) ;
#11757 = LINE ( 'NONE', #5528, #573 ) ;
#11758 = ORIENTED_EDGE ( 'NONE', *, *, #7154, .F. ) ;
#11759 = FACE_BOUND ( 'NONE', #8019, .T. ) ;
#11760 = ORIENTED_EDGE ( 'NONE', *, *, #3095, .F. ) ;
#11761 = EDGE_CURVE ( 'NONE', #4316, #9633, #1056, .T. ) ;
#11762 = EDGE_CURVE ( 'NONE', #4533, #10445, #5799, .T. ) ;
#11763 = LINE ( 'NONE', #10160, #3117 ) ;
#11764 = ORIENTED_EDGE ( 'NONE', *, *, #2843, .F. ) ;
#11765 = ADVANCED_FACE ( 'NONE', ( #8416 ), #11073, .F. ) ;
#11766 = ORIENTED_EDGE ( 'NONE', *, *, #850, .F. ) ;
#11767 = DIRECTION ( 'NONE',  ( -0.000000000000000000, 1.000000000000000000, -0.000000000000000000 ) ) ;
#11768 = CARTESIAN_POINT ( 'NONE',  ( 4.785852954177777896, 8.267716535433070391, 7.577239534397965492 ) ) ;
#11769 = VERTEX_POINT ( 'NONE', #6522 ) ;
#11770 = DIRECTION ( 'NONE',  ( 0.000000000000000000, 0.000000000000000000, -1.000000000000000000 ) ) ;
#11771 = ADVANCED_FACE ( 'NONE', ( #1170 ), #6580, .F. ) ;
#11772 = DIRECTION ( 'NONE',  ( 0.000000000000000000, 0.000000000000000000, -1.000000000000000000 ) ) ;
#11773 = ADVANCED_FACE ( 'NONE', ( #11202 ), #8358, .F. ) ;
#11774 = CARTESIAN_POINT ( 'NONE',  ( 4.716527080888250900, 0.008763934312793467477, 0.3937007874015748254 ) ) ;
#11775 = CARTESIAN_POINT ( 'NONE',  ( 2.464506571609102803, -2.698702213475663303, 0.7874015748031496509 ) ) ;
#11776 = DIRECTION ( 'NONE',  ( 0.000000000000000000, 0.000000000000000000, 1.000000000000000000 ) ) ;
#11777 = ORIENTED_EDGE ( 'NONE', *, *, #1711, .F. ) ;
#11778 = PRESENTATION_STYLE_ASSIGNMENT (( #3284 ) ) ;
#11779 = ORIENTED_EDGE ( 'NONE', *, *, #4662, .F. ) ;
#11780 = LINE ( 'NONE', #5363, #1409 ) ;
#11781 = DIRECTION ( 'NONE',  ( 0.000000000000000000, 0.000000000000000000, 1.000000000000000000 ) ) ;
#11782 = CARTESIAN_POINT ( 'NONE',  ( 4.785852954177777896, 8.267716535433070391, 7.577239534397965492 ) ) ;
#11783 = CARTESIAN_POINT ( 'NONE',  ( 2.467341395385281633, 1.564929772585096579, 0.7874015748031496509 ) ) ;
#11784 = EDGE_CURVE ( 'NONE', #6676, #6657, #3992, .T. ) ;
#11785 = PLANE ( 'NONE',  #11253 ) ;
#11786 = ORIENTED_EDGE ( 'NONE', *, *, #4891, .T. ) ;
#11787 = ADVANCED_FACE ( 'NONE', ( #2070, #5690 ), #3820, .F. ) ;
#11788 = VECTOR ( 'NONE', #2493, 39.37007874015748143 ) ;
#11789 = CARTESIAN_POINT ( 'NONE',  ( 0.000000000000000000, 0.000000000000000000, -6.692913385826772199 ) ) ;
#11790 = ORIENTED_EDGE ( 'NONE', *, *, #673, .T. ) ;
#11791 = ORIENTED_EDGE ( 'NONE', *, *, #11216, .T. ) ;
#11792 = NEXT_ASSEMBLY_USAGE_OCCURRENCE ( 'NAUO1', ' ', ' ', #10664, #1175, $ ) ;
#11793 = NEXT_ASSEMBLY_USAGE_OCCURRENCE ( 'NAUO2', ' ', ' ', #10664, #801, $ ) ;
#11794 = NEXT_ASSEMBLY_USAGE_OCCURRENCE ( 'NAUO3', ' ', ' ', #10664, #11749, $ ) ;
#11795 = NEXT_ASSEMBLY_USAGE_OCCURRENCE ( 'NAUO4', ' ', ' ', #10664, #8568, $ ) ;
#11796 = NEXT_ASSEMBLY_USAGE_OCCURRENCE ( 'NAUO5', ' ', ' ', #10664, #8568, $ ) ;
#11797 = NEXT_ASSEMBLY_USAGE_OCCURRENCE ( 'NAUO6', ' ', ' ', #10664, #8568, $ ) ;
#11798 = NEXT_ASSEMBLY_USAGE_OCCURRENCE ( 'NAUO7', ' ', ' ', #10664, #8568, $ ) ;
#11799 = NEXT_ASSEMBLY_USAGE_OCCURRENCE ( 'NAUO8', ' ', ' ', #10664, #8568, $ ) ;
#11800 = NEXT_ASSEMBLY_USAGE_OCCURRENCE ( 'NAUO9', ' ', ' ', #10664, #8568, $ ) ;
#11801 = NEXT_ASSEMBLY_USAGE_OCCURRENCE ( 'NAUO10', ' ', ' ', #10664, #8568, $ ) ;
#11802 = NEXT_ASSEMBLY_USAGE_OCCURRENCE ( 'NAUO11', ' ', ' ', #10664, #8568, $ ) ;
#11803 = NEXT_ASSEMBLY_USAGE_OCCURRENCE ( 'NAUO12', ' ', ' ', #10664, #11021, $ ) ;
ENDSEC;
END-ISO-10303-21;
